id;position_number;lon;lat;alt;date_start;date_end
AD0942A;1;1.53914;42.50969;1080.0;2026-03-20;
AD0944A;1;1.56525;42.51694;1637.0;2026-03-20;
AL0203A;1;20.78018;40.62592;848.0;2025-10-11;
AL0206A;1;19.52342;42.3139;13.0;2025-10-11;
AT0ENK1;1;13.67086;48.39163;525.0;2024-01-17;2024-03-05
AT0ENK1;2;13.67114;48.39171;525.0;2024-03-06;2024-03-09
AT0ENK1;3;13.67086;48.39163;525.0;2024-03-10;2024-12-23
AT0ENK1;4;13.6709;48.3916;525.0;2024-12-24;2024-12-24
AT0ENK1;5;13.67086;48.39164;525.0;2024-12-25;
AT0ILL1;1;16.76639;47.77027;117.0;2024-01-17;2024-09-27
AT0ILL1;2;16.76639;47.77028;117.0;2024-09-28;2024-12-22
AT0ILL1;3;16.7664;47.7703;117.0;2024-12-23;2024-12-24
AT0ILL1;4;16.76639;47.77028;117.0;2024-12-25;
AT0KLH1;1;15.9563;46.76719;417.0;2024-01-17;2024-03-05
AT0KLH1;2;15.95611;46.76749;415.0;2024-03-06;2024-03-09
AT0KLH1;3;15.9563;46.76719;417.0;2024-03-10;2024-09-27
AT0KLH1;4;15.9563;46.7672;417.0;2024-09-28;
AT0PIL1;1;15.936;48.72119;315.0;2024-01-17;2024-03-05
AT0PIL1;2;15.94222;48.72111;315.0;2024-03-06;2024-03-09
AT0PIL1;3;15.936;48.72119;315.0;2024-03-10;2024-09-27
AT0PIL1;4;15.936;48.7212;315.0;2024-09-28;
AT0SON1;1;12.9583;47.05417;3106.0;2026-03-20;
AT0VOR1;1;12.9746;46.67764;1036.0;2024-01-17;2024-03-05
AT0VOR1;2;12.97444;46.67861;1010.0;2024-03-06;2024-03-09
AT0VOR1;3;12.9746;46.67764;1036.0;2024-03-10;2024-09-27
AT0VOR1;4;12.9746;46.67765;1036.0;2024-09-28;2024-12-22
AT0VOR1;5;12.9746;46.6776;1036.0;2024-12-23;2024-12-24
AT0VOR1;6;12.9746;46.67765;1036.0;2024-12-25;
AT0ZOE2;1;14.4409;47.83827;892.0;2024-01-17;2024-03-05
AT0ZOE2;2;14.44138;47.83861;899.0;2024-03-06;2024-03-09
AT0ZOE2;3;14.4409;47.83827;892.0;2024-03-10;2024-09-27
AT0ZOE2;4;14.4409;47.83828;892.0;2024-09-28;2024-12-23
AT0ZOE2;5;14.4409;47.8383;892.0;2024-12-24;2024-12-24
AT0ZOE2;6;14.44091;47.83828;892.0;2024-12-25;
AT10001;1;16.52617;47.84011;165.0;2024-01-17;2024-03-04
AT10001;2;16.52805;47.83999;160.0;2024-03-05;2024-03-09
AT10001;3;16.52617;47.84011;165.0;2024-03-10;2024-12-22
AT10001;4;16.5262;47.8401;165.0;2024-12-23;2024-12-24
AT10001;5;16.52617;47.84011;165.0;2024-12-25;
AT10003;1;17.07031;48.10915;136.0;2026-03-20;
AT2KA41;1;14.28931;46.62935;550.0;2024-01-17;2024-09-27
AT2KA41;2;14.28931;46.62936;550.0;2024-09-28;2024-12-22
AT2KA41;3;14.2893;46.6294;550.0;2024-12-23;2024-12-24
AT2KA41;4;14.28931;46.62936;550.0;2024-12-25;
AT2KA71;1;14.29914;46.62661;445.0;2024-01-17;2024-12-23
AT2KA71;2;14.2991;46.6266;445.0;2024-12-24;2024-12-24
AT2KA71;3;14.29914;46.62662;445.0;2024-12-25;
AT2M121;1;13.70345;46.5584;574.0;2026-03-20;
AT2M226;1;14.39826;46.6101;420.0;2024-01-17;2024-03-05
AT2M226;2;14.39833;46.61027;420.0;2024-03-06;2024-03-10
AT2M226;3;14.39826;46.6101;420.0;2024-03-11;2024-09-27
AT2M226;4;14.39826;46.61011;420.0;2024-09-28;2024-12-22
AT2M226;5;14.3983;46.6101;420.0;2024-12-23;2024-12-24
AT2M226;6;14.39826;46.61011;420.0;2024-12-25;
AT2M805;1;14.33014;46.82518;1070.0;2025-03-10;
AT2SP10;1;13.19453;46.93499;686.0;2024-01-17;2024-03-04
AT2SP10;2;13.19583;46.93499;686.0;2024-03-05;2024-03-09
AT2SP10;3;13.19453;46.93499;686.0;2024-03-10;2024-12-23
AT2SP10;4;13.1945;46.935;686.0;2024-12-24;2024-12-24
AT2SP10;5;13.19453;46.935;686.0;2024-12-25;
AT2SP18;1;13.49388;46.80138;560.0;2024-01-17;2024-12-23
AT2SP18;2;13.4939;46.8014;560.0;2024-12-24;2024-12-24
AT2SP18;3;13.49389;46.80139;560.0;2024-12-25;
AT2VI12;1;13.84147;46.61231;490.0;2026-03-20;
AT2VL52;1;13.91449;46.6954;1897.0;2026-03-20;
AT2WO15;1;14.84346;46.83498;460.0;2026-03-20;
AT2WO35;1;14.89166;46.70833;540.0;2024-01-17;2024-12-23
AT2WO35;2;14.8917;46.7083;540.0;2024-12-24;2024-12-24
AT2WO35;3;14.89167;46.70833;540.0;2024-12-25;
AT30065;1;16.1434;48.19549;260.0;2024-01-17;2024-03-04
AT30065;2;16.14361;48.19583;260.0;2024-03-05;2024-03-09
AT30065;3;16.1434;48.19549;260.0;2024-03-10;2024-09-27
AT30065;4;16.1434;48.1955;260.0;2024-09-28;
AT30101;1;14.8788;48.11989;270.0;2024-01-17;2024-03-05
AT30101;2;14.87833;48.12027;270.0;2024-03-06;2024-03-09
AT30101;3;14.8788;48.11989;270.0;2024-03-10;2024-12-23
AT30101;4;14.8788;48.1199;270.0;2024-12-24;
AT30103;1;14.86505;48.17927;465.0;2024-01-17;2024-03-04
AT30103;2;14.86666;48.17972;465.0;2024-03-05;2024-03-09
AT30103;3;14.86505;48.17927;465.0;2024-03-10;2024-12-23
AT30103;4;14.8651;48.1793;465.0;2024-12-24;2024-12-24
AT30103;5;14.86505;48.17928;465.0;2024-12-25;
AT30104;1;14.51954;48.19234;265.0;2026-03-20;
AT30201;1;16.20573;47.95919;265.0;2024-01-17;2024-03-05
AT30201;2;16.20583;47.95916;265.0;2024-03-06;2024-03-09
AT30201;3;16.20573;47.95919;265.0;2024-03-10;2024-09-27
AT30201;4;16.20573;47.9592;265.0;2024-09-28;2024-12-22
AT30201;5;16.2057;47.9592;265.0;2024-12-23;2024-12-24
AT30201;6;16.20573;47.9592;265.0;2024-12-25;
AT30202;1;15.9189;48.10509;581.0;2024-01-17;2024-03-05
AT30202;2;15.91944;48.10611;581.0;2024-03-06;2024-03-09
AT30202;3;15.9189;48.10509;581.0;2024-03-10;2024-09-27
AT30202;4;15.9189;48.1051;581.0;2024-09-28;
AT30301;1;16.95787;48.1442;180.0;2026-03-20;
AT30302;1;16.67528;48.05003;235.0;2024-01-17;2024-03-05
AT30302;2;16.67527;48.05027;235.0;2024-03-06;2024-03-09
AT30302;3;16.67528;48.05003;235.0;2024-03-10;2024-09-27
AT30302;4;16.67528;48.05004;235.0;2024-09-28;2024-12-23
AT30302;5;16.6753;48.05;235.0;2024-12-24;2024-12-24
AT30302;6;16.67529;48.05004;235.0;2024-12-25;
AT30401;1;16.72945;48.33472;161.0;2026-03-20;
AT30403;1;16.52199;48.39289;260.0;2024-01-17;2024-03-05
AT30403;2;16.52266;48.39222;260.0;2024-03-06;2024-03-09
AT30403;3;16.52199;48.39289;260.0;2024-03-10;2024-12-23
AT30403;4;16.52199;48.3929;260.0;2024-12-24;
AT30407;1;16.63629;48.23069;153.0;2024-01-17;2024-03-05
AT30407;2;16.63638;48.23083;150.0;2024-03-06;2024-03-09
AT30407;3;16.63629;48.23069;153.0;2024-03-10;2024-09-27
AT30407;4;16.63629;48.2307;153.0;2024-09-28;
AT30502;1;15.04666;48.87861;570.0;2024-01-17;2024-12-23
AT30502;2;15.0467;48.8786;570.0;2024-12-24;2024-12-24
AT30502;3;15.04667;48.87861;570.0;2024-12-25;
AT30601;1;16.31394;48.30245;260.0;2024-01-17;2024-03-05
AT30601;2;16.31394;48.30245;220.0;2024-03-06;2024-03-09
AT30601;3;16.31394;48.30245;260.0;2024-03-10;2024-09-27
AT30601;4;16.31394;48.30246;260.0;2024-09-28;2024-12-22
AT30601;5;16.3139;48.3025;260.0;2024-12-23;2024-12-24
AT30601;6;16.31394;48.30246;260.0;2024-12-25;
AT30603;1;16.4311;48.08569;172.0;2024-01-17;2024-03-05
AT30603;2;16.43333;48.08611;172.0;2024-03-06;2024-03-09
AT30603;3;16.4311;48.08569;172.0;2024-03-10;2024-09-27
AT30603;4;16.4311;48.0857;172.0;2024-09-28;2025-07-10
AT30603;5;16.4311;48.08567;172.0;2025-07-11;
AT30701;1;15.94185;48.52831;230.0;2024-01-17;2024-03-05
AT30701;2;15.94277;48.52888;230.0;2024-03-06;2024-03-09
AT30701;3;15.94185;48.52831;230.0;2024-03-10;2024-12-23
AT30701;4;15.9419;48.5283;230.0;2024-12-24;2024-12-24
AT30701;5;15.94185;48.52832;230.0;2024-12-25;
AT30801;1;15.49842;48.7242;556.0;2024-01-17;2024-09-27
AT30801;2;15.49842;48.72421;556.0;2024-09-28;2024-12-22
AT30801;3;15.4984;48.7242;556.0;2024-12-23;2024-12-24
AT30801;4;15.49842;48.72421;556.0;2024-12-25;
AT30902;1;16.18211;48.385;175.0;2026-03-20;
AT31102;1;15.32085;47.86143;880.0;2024-01-17;2024-03-05
AT31102;2;15.32194;47.86194;880.0;2024-03-06;2024-03-09
AT31102;3;15.32085;47.86143;880.0;2024-03-10;2024-12-23
AT31102;4;15.3209;47.8614;880.0;2024-12-24;2024-12-24
AT31102;5;15.32085;47.86144;880.0;2024-12-25;
AT31204;1;15.205;48.21274;216.0;2024-01-17;2024-03-05
AT31204;2;15.19722;48.21333;216.0;2024-03-06;2024-03-09
AT31204;3;15.205;48.21274;216.0;2024-03-10;2024-09-27
AT31204;4;15.20499;48.21274;216.0;2024-09-28;2024-12-23
AT31204;5;15.205;48.2127;216.0;2024-12-24;2024-12-24
AT31204;6;15.205;48.21275;216.0;2024-12-25;
AT31301;1;16.5788;48.57831;250.0;2024-01-17;2024-03-05
AT31301;2;16.58055;48.57861;250.0;2024-03-06;2024-03-09
AT31301;3;16.5788;48.57831;250.0;2024-03-10;2024-12-23
AT31301;4;16.5788;48.5783;250.0;2024-12-24;2024-12-24
AT31301;5;16.5788;48.57832;250.0;2024-12-25;
AT31401;1;16.30222;48.08611;215.0;2024-01-17;2024-12-23
AT31401;2;16.3022;48.0861;215.0;2024-12-24;2024-12-24
AT31401;3;16.30221;48.08611;215.0;2024-12-25;2025-07-10
AT31401;4;16.30097;48.08556;215.0;2025-07-11;
AT31406;1;16.33721;48.08333;188.0;2026-03-20;
AT31413;1;16.329;48.0843;210.0;2026-03-20;
AT31502;1;15.85998;47.67027;890.0;2024-01-17;2024-03-05
AT31502;2;15.86027;47.67027;890.0;2024-03-06;2024-03-09
AT31502;3;15.85998;47.67027;890.0;2024-03-10;2024-12-22
AT31502;4;15.86;47.6703;890.0;2024-12-23;2024-12-24
AT31502;5;15.85998;47.67028;890.0;2024-12-25;
AT31701;1;15.54552;48.37034;320.0;2024-01-17;2024-03-05
AT31701;2;15.54583;48.37027;320.0;2024-03-06;2024-03-09
AT31701;3;15.54552;48.37034;320.0;2024-03-10;2024-09-27
AT31701;4;15.54552;48.37035;320.0;2024-09-28;2024-12-22
AT31701;5;15.5455;48.3704;320.0;2024-12-23;2024-12-24
AT31701;6;15.54552;48.37035;320.0;2024-12-25;
AT31901;1;16.0625;48.32944;178.0;2024-01-17;2024-12-23
AT31901;2;16.0625;48.3295;178.0;2024-12-24;2024-12-24
AT31901;3;16.0625;48.32945;178.0;2024-12-25;
AT31902;1;15.90706;48.34509;200.0;2026-03-20;
AT31903;1;15.85779;48.33096;185.0;2024-01-17;2024-03-04
AT31903;2;15.85779;48.33096;192.0;2024-03-05;2024-03-09
AT31903;3;15.85779;48.33096;185.0;2024-03-10;2024-12-23
AT31903;4;15.8578;48.331;185.0;2024-12-24;2024-12-24
AT31903;5;15.8578;48.33097;185.0;2024-12-25;
AT31905;1;15.96462;48.32183;182.0;2024-01-17;2024-03-05
AT31905;2;15.96666;48.32222;182.0;2024-03-06;2024-03-09
AT31905;3;15.96462;48.32183;182.0;2024-03-10;2024-12-23
AT31905;4;15.9646;48.3218;182.0;2024-12-24;2024-12-24
AT31905;5;15.96462;48.32184;182.0;2024-12-25;
AT32101;1;16.29305;47.60833;738.0;2024-01-17;2024-12-23
AT32101;2;16.2931;47.6083;738.0;2024-12-24;2024-12-24
AT32101;3;16.29306;47.60833;738.0;2024-12-25;2025-07-10
AT32101;4;16.29314;47.6075;738.0;2025-07-11;
AT32301;1;15.63249;48.21159;270.0;2024-01-17;2024-03-05
AT32301;2;15.63416;48.21249;270.0;2024-03-06;2024-03-09
AT32301;3;15.63249;48.21159;270.0;2024-03-10;2024-09-27
AT32301;4;15.6325;48.2116;270.0;2024-09-28;
AT32401;1;16.255;47.81416;265.0;2024-01-17;2024-12-23
AT32401;2;16.255;47.8142;265.0;2024-12-24;2024-12-24
AT32401;3;16.255;47.81417;265.0;2024-12-25;
AT32501;1;15.61916;48.4086;200.0;2024-01-17;2024-12-23
AT32501;2;15.6192;48.4086;200.0;2024-12-24;2024-12-24
AT32501;3;15.61917;48.40861;200.0;2024-12-25;
AT32604;1;14.77227;48.04511;330.0;2024-01-17;2024-03-05
AT32604;2;14.77227;48.04511;750.0;2024-03-06;2024-03-09
AT32604;3;14.77227;48.04511;330.0;2024-03-10;2024-12-23
AT32604;4;14.7723;48.0451;330.0;2024-12-24;2024-12-24
AT32604;5;14.77228;48.04511;330.0;2024-12-25;
AT32701;1;16.4759;48.14557;155.0;2024-01-17;2024-03-05
AT32701;2;16.47444;48.14499;155.0;2024-03-06;2024-03-09
AT32701;3;16.4759;48.14557;155.0;2024-03-10;2024-09-27
AT32701;4;16.4759;48.14558;155.0;2024-09-28;2024-12-22
AT32701;5;16.4759;48.1456;155.0;2024-12-23;2024-12-24
AT32701;6;16.4759;48.14558;155.0;2024-12-25;
AT4S108;1;14.57472;48.53111;918.0;2024-01-17;2024-12-22
AT4S108;2;14.5747;48.5311;918.0;2024-12-23;2024-12-24
AT4S108;3;14.57472;48.53111;918.0;2024-12-25;
AT4S125;1;13.63222;47.71611;460.0;2024-01-17;2024-12-22
AT4S125;2;13.6322;47.7161;460.0;2024-12-23;2024-12-24
AT4S125;3;13.63222;47.71611;460.0;2024-12-25;
AT4S156;1;13.03923;48.25747;350.0;2024-01-17;2024-03-04
AT4S156;2;13.03972;48.25777;350.0;2024-03-05;2024-03-09
AT4S156;3;13.03923;48.25747;350.0;2024-03-10;2024-12-22
AT4S156;4;13.0392;48.2575;350.0;2024-12-23;2024-12-24
AT4S156;5;13.03923;48.25747;350.0;2024-12-25;
AT4S173;1;14.3665;48.27975;250.0;2026-03-20;
AT4S184;1;14.2975;48.30611;260.0;2024-01-17;2024-12-23
AT4S184;2;14.2975;48.3061;260.0;2024-12-24;2024-12-24
AT4S184;3;14.2975;48.30612;260.0;2024-12-25;
AT4S235;1;13.72074;47.81586;1602.0;2026-03-20;
AT4S404;1;14.23755;48.22534;274.0;2024-01-17;2024-03-05
AT4S404;2;14.23888;48.22527;274.0;2024-03-06;2024-03-09
AT4S404;3;14.23755;48.22534;274.0;2024-03-10;2024-12-23
AT4S404;4;14.2376;48.2253;274.0;2024-12-24;2024-12-24
AT4S404;5;14.23755;48.22535;274.0;2024-12-25;
AT4S406;1;14.0366;48.16489;316.0;2024-01-17;2024-03-05
AT4S406;2;14.03555;48.16499;316.0;2024-03-06;2024-03-09
AT4S406;3;14.0366;48.16489;316.0;2024-03-10;2024-09-27
AT4S406;4;14.0366;48.1649;316.0;2024-09-28;
AT4S407;1;13.66761;48.00089;420.0;2024-01-17;2024-09-27
AT4S407;2;13.6676;48.0009;420.0;2024-09-28;2024-12-24
AT4S407;3;13.66761;48.0009;420.0;2024-12-25;
AT4S409;1;14.44277;48.04944;305.0;2024-01-17;2024-12-23
AT4S409;2;14.4428;48.0494;305.0;2024-12-24;2024-12-24
AT4S409;3;14.44278;48.04944;305.0;2024-12-25;2025-07-10
AT4S409;4;14.44236;48.04925;305.0;2025-07-11;
AT4S416;1;14.31479;48.27329;265.0;2026-03-20;
AT4S432;1;13.60892;47.97386;485.0;2026-03-20;
AT51201;1;13.02801;47.81575;420.0;2026-03-20;
AT52055;1;13.23277;47.65027;1005.0;2024-01-17;2024-12-23
AT52055;2;13.2328;47.6503;1005.0;2024-12-24;2024-12-24
AT52055;3;13.23278;47.65028;1005.0;2024-12-25;
AT52100;1;13.106;47.66699;650.0;2024-01-17;2024-12-18
AT52100;2;13.10511;47.66675;650.0;2024-12-19;2024-12-22
AT52100;3;13.1051;47.6668;650.0;2024-12-23;2024-12-24
AT52100;4;13.10511;47.66675;650.0;2024-12-25;
AT53055;1;13.01583;47.93666;730.0;2024-01-17;2024-12-23
AT53055;2;13.0158;47.9367;730.0;2024-12-24;2024-12-24
AT53055;3;13.01583;47.93667;730.0;2024-12-25;
AT54057;1;13.20555;47.35138;620.0;2024-01-17;2024-12-23
AT54057;2;13.2056;47.3514;620.0;2024-12-24;2024-12-24
AT54057;3;13.20556;47.35139;620.0;2024-12-25;
AT55019;1;13.54318;47.13378;1140.0;2026-03-20;
AT55032;1;13.80804;47.12565;1025.0;2024-01-17;2024-03-05
AT55032;2;13.80833;47.12583;1025.0;2024-03-06;2024-03-09
AT55032;3;13.80804;47.12565;1025.0;2024-03-10;2024-09-27
AT55032;4;13.80804;47.12566;1025.0;2024-09-28;2024-12-22
AT55032;5;13.808;47.1257;1025.0;2024-12-23;2024-12-24
AT55032;6;13.80804;47.12566;1025.0;2024-12-25;
AT56072;1;12.79512;47.32663;775.0;2024-01-17;2024-09-27
AT56072;2;12.79512;47.32664;775.0;2024-09-28;2024-12-22
AT56072;3;12.7951;47.3266;775.0;2024-12-23;2024-12-24
AT56072;4;12.79512;47.32664;775.0;2024-12-25;
AT60018;1;15.4375;47.07583;450.0;2024-01-17;2024-12-22
AT60018;2;15.4375;47.0758;450.0;2024-12-23;2024-12-24
AT60018;3;15.4375;47.07583;450.0;2024-12-25;
AT60036;1;15.49368;47.06701;473.0;2024-01-17;2024-12-23
AT60036;2;15.4937;47.067;473.0;2024-12-24;2024-12-24
AT60036;3;15.49369;47.06701;473.0;2024-12-25;
AT60106;1;15.08666;47.06332;445.0;2024-01-17;2026-03-19
AT60106;2;15.08667;47.06333;445.0;2026-03-20;
AT60107;1;15.15277;47.04472;390.0;2024-01-17;2024-12-23
AT60107;2;15.1528;47.0447;390.0;2024-12-24;2024-12-24
AT60107;3;15.15278;47.04472;390.0;2024-12-25;
AT60114;1;14.75333;47.19249;675.0;2024-01-17;2024-09-27
AT60114;2;14.75333;47.1925;675.0;2024-09-28;2024-12-22
AT60114;3;14.7533;47.1925;675.0;2024-12-23;2024-12-24
AT60114;4;14.75333;47.1925;675.0;2024-12-25;
AT60118;1;14.67666;47.17807;715.0;2024-01-17;2024-03-05
AT60118;2;14.67666;47.17833;715.0;2024-03-06;2024-03-09
AT60118;3;14.67666;47.17807;715.0;2024-03-10;2024-09-27
AT60118;4;14.67666;47.17808;715.0;2024-09-28;2024-12-23
AT60118;5;14.6767;47.1781;715.0;2024-12-24;2024-12-24
AT60118;6;14.67667;47.17808;715.0;2024-12-25;
AT60119;1;14.82527;47.21036;635.0;2024-01-17;
AT60138;1;15.41511;47.09436;355.0;2024-01-17;2024-12-22
AT60138;2;15.4151;47.0944;355.0;2024-12-23;2024-12-24
AT60138;3;15.41511;47.09436;355.0;2024-12-25;
AT60139;1;15.40438;47.06944;370.0;2024-01-17;2024-12-23
AT60139;2;15.4044;47.0694;370.0;2024-12-24;2024-12-24
AT60139;3;15.40439;47.06944;370.0;2024-12-25;
AT60141;1;15.10369;47.35909;554.0;2024-01-17;2024-03-05
AT60141;2;15.10361;47.35888;554.0;2024-03-06;2024-03-09
AT60141;3;15.10369;47.35909;554.0;2024-03-10;2024-09-27
AT60141;4;15.1037;47.35909;554.0;2024-09-28;2024-12-23
AT60141;5;15.1037;47.3591;554.0;2024-12-24;
AT60142;1;15.07405;47.37533;555.0;2026-03-20;
AT60143;1;15.0889;47.38229;543.0;2024-01-17;2025-03-09
AT60143;2;15.0889;47.3823;543.0;2025-03-10;
AT60145;1;15.29032;47.44583;517.0;2024-01-17;2024-12-22
AT60145;2;15.2903;47.4458;517.0;2024-12-23;2024-12-24
AT60145;3;15.29032;47.44583;517.0;2024-12-25;
AT60150;1;15.36083;47.40556;1610.0;2026-03-20;
AT60151;1;15.49583;46.87138;449.0;2024-01-17;2024-12-23
AT60151;2;15.4958;46.8714;449.0;2024-12-24;2024-12-24
AT60151;3;15.49583;46.87139;449.0;2024-12-25;
AT60156;1;15.88222;47.34805;1180.0;2024-01-17;2024-09-27
AT60156;2;15.88222;47.34806;1180.0;2024-09-28;2024-12-22
AT60156;3;15.8822;47.3481;1180.0;2024-12-23;2024-12-24
AT60156;4;15.88222;47.34806;1180.0;2024-12-25;
AT60157;1;13.79666;47.63055;980.0;2024-01-17;2024-09-27
AT60157;2;13.79666;47.63056;980.0;2024-09-28;2024-12-23
AT60157;3;13.7967;47.6306;980.0;2024-12-24;2024-12-24
AT60157;4;13.79667;47.63056;980.0;2024-12-25;
AT60170;1;15.43308;47.04171;345.0;2024-01-17;2024-03-05
AT60170;2;15.43305;47.04166;345.0;2024-03-06;2024-03-09
AT60170;3;15.43308;47.04171;345.0;2024-03-10;2024-09-27
AT60170;4;15.43308;47.04172;345.0;2024-09-28;2024-12-22
AT60170;5;15.4331;47.0417;345.0;2024-12-23;2024-12-24
AT60170;6;15.43308;47.04172;345.0;2024-12-25;
AT60172;1;15.43194;47.06923;366.0;2024-01-17;2024-12-23
AT60172;2;15.432;47.0692;366.0;2024-12-24;2024-12-24
AT60172;3;15.43195;47.06924;366.0;2024-12-25;
AT60177;1;14.24467;47.56543;649.0;2024-01-17;2024-12-23
AT60177;2;14.2447;47.5654;649.0;2024-12-24;2024-12-24
AT60177;3;14.24468;47.56544;649.0;2024-12-25;
AT60178;1;15.62839;47.2157;459.0;2024-01-17;2024-12-22
AT60178;2;15.6284;47.2157;459.0;2024-12-23;2024-12-24
AT60178;3;15.62839;47.2157;459.0;2024-12-25;
AT60179;1;15.97185;47.28285;349.0;2024-01-17;2024-09-27
AT60179;2;15.97185;47.28286;349.0;2024-09-28;2024-12-22
AT60179;3;15.9718;47.2829;349.0;2024-12-23;2024-12-24
AT60179;4;15.97185;47.28286;349.0;2024-12-25;
AT60180;1;15.25333;47.40944;485.0;2024-01-17;2024-12-22
AT60180;2;15.2533;47.4094;485.0;2024-12-23;2024-12-24
AT60180;3;15.25333;47.40944;485.0;2024-12-25;
AT60185;1;15.9563;46.76719;417.0;2024-01-21;2024-03-05
AT60185;2;15.95611;46.76749;415.0;2024-03-06;2024-03-09
AT60185;3;15.9563;46.76719;417.0;2024-03-10;2024-09-27
AT60185;4;15.9563;46.7672;417.0;2024-09-28;
AT60189;1;13.63944;47.36028;1852.0;2026-03-20;
AT60190;1;15.36777;46.65194;785.0;2024-01-17;2024-09-27
AT60190;2;15.36777;46.65195;785.0;2024-09-28;2024-12-23
AT60190;3;15.3678;46.6519;785.0;2024-12-24;2024-12-24
AT60190;4;15.36778;46.65195;785.0;2024-12-25;
AT60194;1;15.67305;47.60472;679.0;2024-01-17;2024-12-23
AT60194;2;15.6731;47.6047;679.0;2024-12-24;2024-12-24
AT60194;3;15.67306;47.60472;679.0;2024-12-25;
AT60195;1;15.21277;46.81388;365.0;2024-01-17;2024-12-23
AT60195;2;15.2128;46.8139;365.0;2024-12-24;2024-12-24
AT60195;3;15.21278;46.81389;365.0;2024-12-25;
AT60196;1;14.33073;47.04028;1860.0;2026-03-20;
AT60197;1;15.54056;46.77833;272.0;2025-03-10;
AT60198;1;16.07905;47.04734;276.0;2024-01-17;2024-03-05
AT60198;2;16.07888;47.04722;276.0;2024-03-06;2024-03-09
AT60198;3;16.07905;47.04734;276.0;2024-03-10;2024-09-27
AT60198;4;16.07904;47.04735;276.0;2024-09-28;2024-12-22
AT60198;5;16.079;47.0474;276.0;2024-12-23;2024-12-24
AT60198;6;16.07904;47.04735;276.0;2024-12-25;
AT72106;1;11.41695;47.27129;570.0;2026-03-20;
AT72110;1;11.39236;47.26261;577.0;2024-01-17;2024-12-23
AT72110;2;11.3924;47.2626;577.0;2024-12-24;2024-12-24
AT72110;3;11.39236;47.26262;577.0;2024-12-25;
AT72113;1;11.37466;47.2699;678.0;2024-01-17;2024-12-22
AT72113;2;11.3747;47.2699;678.0;2024-12-23;2024-12-24
AT72113;3;11.37466;47.2699;678.0;2024-12-25;
AT72123;1;11.376;47.30562;1958.0;2026-03-20;
AT72227;1;11.51249;47.27806;558.0;2024-01-17;2024-09-27
AT72227;2;11.51249;47.27807;558.0;2024-09-28;2024-12-23
AT72227;3;11.5125;47.2781;558.0;2024-12-24;2024-12-24
AT72227;4;11.5125;47.27807;558.0;2024-12-25;
AT72530;1;12.06663;47.48855;508.0;2024-01-17;2024-12-23
AT72530;2;12.0666;47.4886;508.0;2024-12-24;2024-12-24
AT72530;3;12.06663;47.48856;508.0;2024-12-25;
AT72538;1;11.90994;47.45871;602.0;2024-01-17;2024-09-27
AT72538;2;11.90995;47.45871;602.0;2024-09-28;2024-12-23
AT72538;3;11.91;47.4587;602.0;2024-12-24;2024-12-24
AT72538;4;11.90995;47.45872;602.0;2024-12-25;
AT72547;1;12.16924;47.58052;526.0;2024-01-17;2024-12-23
AT72547;2;12.1692;47.5805;526.0;2024-12-24;2024-12-24
AT72547;3;12.16925;47.58053;526.0;2024-12-25;
AT72552;1;12.17241;47.5818;489.0;2024-01-17;2024-12-23
AT72552;2;12.1724;47.5818;489.0;2024-12-24;2024-12-24
AT72552;3;12.17241;47.58181;489.0;2024-12-25;
AT72620;1;10.22481;47.13368;2147.0;2026-03-20;
AT72705;1;10.68228;47.46983;877.0;2024-01-17;2024-12-23
AT72705;2;10.6823;47.4698;877.0;2024-12-24;2024-12-24
AT72705;3;10.68228;47.46984;877.0;2024-12-25;
AT72710;1;10.74411;47.44759;985.0;2024-01-17;2024-12-22
AT72710;2;10.7441;47.4476;985.0;2024-12-23;2024-12-24
AT72710;3;10.74412;47.4476;985.0;2024-12-25;
AT72912;1;12.76602;46.81911;681.0;2024-01-17;2024-12-23
AT72912;2;12.766;46.8191;681.0;2024-12-24;2024-12-24
AT72912;3;12.76603;46.81911;681.0;2024-12-25;
AT80503;1;9.9267;47.52919;1033.0;2024-01-17;2024-03-05
AT80503;2;9.9267;47.52919;1020.0;2024-03-06;2024-03-09
AT80503;3;9.9267;47.52919;1033.0;2024-03-10;2024-09-27
AT80503;4;9.9267;47.5292;1033.0;2024-09-28;
AT80706;1;9.65371;47.41016;410.0;2024-01-17;2024-12-22
AT80706;2;9.6537;47.4102;410.0;2024-12-23;2024-12-24
AT80706;3;9.65371;47.41016;410.0;2024-12-25;
AT82708;1;9.82294;47.15648;563.0;2024-01-17;2024-03-05
AT82708;2;9.82294;47.15648;580.0;2024-03-06;2024-03-09
AT82708;3;9.82294;47.15648;563.0;2024-03-10;2024-12-23
AT82708;4;9.8229;47.1565;563.0;2024-12-24;2024-12-24
AT82708;5;9.82293;47.15648;563.0;2024-12-25;
AT900KE;1;16.47605;48.15671;158.0;2026-03-20;
AT900ZA;1;16.35707;48.24899;210.0;2024-01-17;2024-12-23
AT900ZA;2;16.3571;48.249;210.0;2024-12-24;2024-12-24
AT900ZA;3;16.35708;48.24899;210.0;2024-12-25;
AT90AKC;1;16.34981;48.2191;184.0;2024-01-17;2024-03-05
AT90AKC;2;16.34555;48.21951;199.0;2024-03-06;2024-03-09
AT90AKC;3;16.34981;48.2191;184.0;2024-03-10;2024-09-27
AT90AKC;4;16.34981;48.21911;184.0;2024-09-28;2024-12-23
AT90AKC;5;16.34979;48.2191;184.0;2024-12-24;2024-12-24
AT90AKC;6;16.34982;48.21911;184.0;2024-12-25;
AT90FLO;1;16.39695;48.26108;164.0;2024-01-17;2024-12-23
AT90FLO;2;16.39699;48.2611;164.0;2024-12-24;2024-12-24
AT90FLO;3;16.39695;48.26109;164.0;2024-12-25;
AT90LOB;1;16.52561;48.16206;155.0;2024-01-17;2024-12-23
AT90LOB;2;16.5256;48.1621;155.0;2024-12-24;2024-12-24
AT90LOB;3;16.52561;48.16207;155.0;2024-12-25;2026-03-23
AT90LOB;4;16.52561;48.16207;155.0;2026-03-24;
AT9BELG;1;16.36141;48.17435;218.0;2024-01-17;2024-12-23
AT9BELG;2;16.3614;48.1743;218.0;2024-12-24;2024-12-24
AT9BELG;3;16.36142;48.17435;218.0;2024-12-25;
AT9GAUD;1;16.33933;48.18714;179.0;2024-01-17;2024-12-23
AT9GAUD;2;16.3393;48.1872;179.0;2024-12-24;2024-12-24
AT9GAUD;3;16.33933;48.18715;179.0;2024-12-25;
AT9JAEG;1;16.2972;48.27019;488.0;2024-01-17;2024-03-05
AT9JAEG;2;16.29726;48.27015;488.0;2024-03-06;2024-03-09
AT9JAEG;3;16.2972;48.27019;488.0;2024-03-10;2024-09-27
AT9JAEG;4;16.2972;48.2702;488.0;2024-09-28;2025-03-12
AT9JAEG;5;16.2972;48.2702;488.0;2025-03-13;
AT9KEND;1;16.30975;48.20499;236.0;2024-01-17;2024-09-27
AT9KEND;2;16.30975;48.205;236.0;2024-09-28;2024-12-22
AT9KEND;3;16.3098;48.205;236.0;2024-12-23;2024-12-24
AT9KEND;4;16.30975;48.205;236.0;2024-12-25;
AT9LIES;1;16.30127;48.14124;211.0;2024-01-17;2024-06-06
AT9LIES;2;16.30008;48.14124;211.0;2024-06-07;2024-09-27
AT9LIES;3;16.30008;48.14125;211.0;2024-09-28;2024-12-22
AT9LIES;4;16.3001;48.1412;211.0;2024-12-23;2024-12-24
AT9LIES;5;16.30008;48.14125;211.0;2024-12-25;
AT9SCHA;1;16.30156;48.23536;319.0;2024-01-17;2024-09-27
AT9SCHA;2;16.30156;48.23537;319.0;2024-09-28;2024-12-23
AT9SCHA;3;16.3016;48.2354;319.0;2024-12-24;2024-12-24
AT9SCHA;4;16.30155;48.23537;319.0;2024-12-25;
AT9STAD;1;16.45834;48.22636;159.0;2024-01-17;2024-12-23
AT9STAD;2;16.4583;48.2264;159.0;2024-12-24;2024-12-24
AT9STAD;3;16.45835;48.22636;159.0;2024-12-25;
AT9STEF;1;16.37325;48.20814;172.0;2024-01-17;2024-12-23
AT9STEF;2;16.3732;48.2082;172.0;2024-12-24;2024-12-24
AT9STEF;3;16.37324;48.20815;172.0;2024-12-25;
BA0001G;1;18.02028;43.77833;970.0;2024-01-17;2024-12-22
BA0001G;2;18.0203;43.7783;970.0;2024-12-23;2024-12-24
BA0001G;3;18.02028;43.77833;970.0;2024-12-25;
BA0029A;1;18.42306;43.86749;630.0;2024-01-17;2024-12-23
BA0029A;2;18.4231;43.8675;630.0;2024-12-24;2024-12-24
BA0029A;3;18.42306;43.8675;630.0;2024-12-25;
BA0037A;1;17.9127;44.19899;318.0;2024-01-17;2024-12-23
BA0037A;2;17.9127;44.199;318.0;2024-12-24;
BA0039A;1;17.93199;44.19519;332.0;2024-01-17;2024-12-23
BA0039A;2;17.93199;44.1952;332.0;2024-12-24;
BA0040A;1;17.2679;44.343;421.0;2024-01-17;
BA0041A;1;18.9775;43.66159;361.0;2024-12-08;2024-12-23
BA0041A;2;18.9775;43.6616;361.0;2024-12-24;
BA0042A;1;18.3637;43.84839;512.0;2024-01-17;2024-12-23
BA0042A;2;18.3637;43.8484;512.0;2024-12-24;
BA0043A;1;18.3111;43.8301;498.0;2024-01-17;
BA0049A;1;18.4348;43.859;553.0;2024-01-17;
BA0050A;1;18.2693;43.95999;459.0;2024-01-17;2024-12-23
BA0050A;2;18.2693;43.96;459.0;2024-12-24;
BA0051A;1;17.91;44.28999;361.0;2024-01-17;2024-12-23
BA0051A;2;17.91;44.29;361.0;2024-12-24;
BA0054A;1;18.1;44.54;176.0;2024-03-09;
BA0055A;1;18.18;43.99;426.0;2024-03-09;
BA0056A;1;17.9912;44.6196;246.0;2025-03-10;
BA0057A;1;17.001;43.8225;722.0;2025-03-10;
BA0058A;1;15.8664;44.8077;244.0;2026-03-20;
BA0060A;1;18.201;43.823;557.0;2025-03-10;
BA0061A;1;18.34199;43.9;497.0;2025-03-10;
BA0062A;1;17.667;44.225;507.0;2025-03-10;
BA0067A;1;17.794;43.348;97.0;2026-03-20;
BA0070A;1;18.11499;44.123;385.0;2026-03-20;
BELHH08;1;5.37637;51.03158;0.0;2024-03-09;2024-12-22
BELHH08;2;5.3764;51.0316;0.0;2024-12-23;2024-12-24
BELHH08;3;5.37637;51.03158;0.0;2024-12-25;
BELRL01;1;3.12115;50.95317;20.0;2024-01-17;2024-12-20
BELRL01;2;3.12107;50.95337;20.0;2024-12-21;2024-12-23
BELRL01;3;3.1211;50.9534;20.0;2024-12-24;2024-12-24
BELRL01;4;3.12108;50.95337;20.0;2024-12-25;
BELSZ05;1;4.51518;50.91665;0.0;2025-03-10;
BETB004;1;4.34777;50.85205;17.0;2024-01-17;2024-12-23
BETB004;2;4.3478;50.8521;17.0;2024-12-24;2024-12-24
BETB004;3;4.34778;50.85206;17.0;2024-12-25;
BETB006;1;4.37438;50.83864;67.0;2024-01-17;2024-12-22
BETB006;2;4.37439;50.8386;67.0;2024-12-23;2024-12-24
BETB006;3;4.37439;50.83864;67.0;2024-12-25;
BETB011;1;4.2887;50.8578;66.0;2024-01-17;2024-12-24
BETB011;2;4.28871;50.85781;66.0;2024-12-25;
BETH201;1;5.54746;50.62499;160.0;2024-01-17;2024-12-22
BETH201;2;5.5475;50.625;160.0;2024-12-23;2024-12-24
BETH201;3;5.54746;50.62499;160.0;2024-12-25;
BETM204;1;5.61114;50.61192;70.0;2024-01-17;2024-12-23
BETM204;2;5.6112;50.6119;70.0;2024-12-24;2024-12-24
BETM204;3;5.61115;50.61192;70.0;2024-12-25;
BETMEU1;1;4.39571;50.895;34.0;2024-01-17;2024-12-23
BETMEU1;2;4.3957;50.895;34.0;2024-12-24;2024-12-24
BETMEU1;3;4.39572;50.895;34.0;2024-12-25;
BETN012;1;3.36253;51.25457;3.0;2024-01-17;2024-12-23
BETN012;2;3.3625;51.2546;3.0;2024-12-24;2024-12-24
BETN012;3;3.36254;51.25457;3.0;2024-12-25;
BETN016;1;5.16397;51.23365;30.0;2024-01-17;2024-12-22
BETN016;2;5.16399;51.2336;30.0;2024-12-23;2024-12-24
BETN016;3;5.16397;51.23365;30.0;2024-12-25;
BETN027;1;5.60665;51.13371;48.0;2024-01-17;2024-12-23
BETN027;2;5.60666;51.13372;48.0;2024-12-24;
BETN029;1;2.58232;51.01628;2.0;2024-01-17;2024-12-22
BETN029;2;2.5823;51.0163;2.0;2024-12-23;2024-12-24
BETN029;3;2.58232;51.01628;2.0;2024-12-25;
BETN035;1;4.83761;50.97754;55.0;2024-01-17;2024-12-20
BETN035;2;4.83761;50.97757;55.0;2024-12-21;2024-12-23
BETN035;3;4.8376;50.9776;55.0;2024-12-24;2024-12-24
BETN035;4;4.83762;50.97758;55.0;2024-12-25;
BETN040;1;4.22519;50.76813;20.0;2024-01-17;2024-12-23
BETN040;2;4.2252;50.7681;20.0;2024-12-24;2024-12-24
BETN040;3;4.22518;50.76814;20.0;2024-12-25;
BETN046;1;5.61887;50.88229;70.0;2024-01-17;2024-12-23
BETN046;2;5.6189;50.8823;70.0;2024-12-24;2024-12-24
BETN046;3;5.61887;50.8823;70.0;2024-12-25;
BETN047;1;5.3532;50.93554;0.0;2024-01-17;2024-12-23
BETN047;2;5.3532;50.9355;0.0;2024-12-24;2024-12-24
BETN047;3;5.35321;50.93554;0.0;2024-12-25;
BETN051;1;3.93029;50.79891;15.0;2024-01-17;
BETN052;1;3.32249;50.81487;27.0;2024-01-17;2024-12-22
BETN052;2;3.3225;50.8149;27.0;2024-12-23;2024-12-24
BETN052;3;3.32249;50.81487;27.0;2024-12-25;
BETN054;1;5.10315;50.7117;135.0;2024-01-17;2024-12-23
BETN054;2;5.1032;50.7117;135.0;2024-12-24;2024-12-24
BETN054;3;5.10316;50.71171;135.0;2024-12-25;
BETN060;1;3.45762;50.61671;0.0;2024-01-17;2024-12-23
BETN060;2;3.4576;50.6167;0.0;2024-12-24;2024-12-24
BETN060;3;3.45762;50.61672;0.0;2024-12-25;
BETN064;1;4.49436;50.72089;100.0;2025-03-10;
BETN066;1;6.00232;50.62886;295.0;2024-01-17;2024-12-23
BETN066;2;6.0023;50.6289;295.0;2024-12-24;2024-12-24
BETN066;3;6.00233;50.62886;295.0;2024-12-25;
BETN067;1;5.99275;50.61227;0.0;2024-01-17;2024-12-23
BETN067;2;5.9928;50.6123;0.0;2024-12-24;2024-12-24
BETN067;3;5.99275;50.61228;0.0;2024-12-25;
BETN070;1;3.93971;50.46519;30.0;2024-01-17;2024-12-22
BETN070;2;3.9397;50.4652;30.0;2024-12-23;2024-12-24
BETN070;3;3.93971;50.46519;30.0;2024-12-25;
BETN073;1;4.98842;50.50271;160.0;2024-01-17;2024-12-23
BETN073;2;4.9884;50.5027;160.0;2024-12-24;2024-12-24
BETN073;3;4.98841;50.50272;160.0;2024-12-25;
BETN085;1;6.00173;50.3032;490.0;2024-01-17;2024-12-23
BETN085;2;6.0017;50.3032;490.0;2024-12-24;2024-12-24
BETN085;3;6.00174;50.30321;490.0;2024-12-25;
BETN093;1;5.23516;50.27447;265.0;2024-01-17;2024-12-23
BETN093;2;5.2352;50.2745;265.0;2024-12-24;2024-12-24
BETN093;3;5.23517;50.27448;265.0;2024-12-25;
BETN100;1;4.59476;50.09568;225.0;2024-01-17;2024-12-22
BETN100;2;4.5948;50.0957;225.0;2024-12-23;2024-12-24
BETN100;3;4.59476;50.09568;225.0;2024-12-25;
BETN113;1;5.59301;50.02702;510.0;2024-01-17;2024-12-23
BETN113;2;5.593;50.027;510.0;2024-12-24;2024-12-24
BETN113;3;5.59302;50.02703;510.0;2024-12-25;
BETN121;1;5.20238;49.87712;430.0;2024-01-17;2024-12-23
BETN121;2;5.2024;49.8771;430.0;2024-12-24;2024-12-24
BETN121;3;5.20239;49.87713;430.0;2024-12-25;
BETN132;1;5.63039;49.71928;375.0;2024-01-17;2024-12-23
BETN132;2;5.6304;49.7193;375.0;2024-12-24;2024-12-24
BETN132;3;5.6304;49.71928;375.0;2024-12-25;
BETR001;1;4.3341;50.84971;20.0;2024-01-17;2024-12-22
BETR001;2;4.3341;50.8497;20.0;2024-12-23;2024-12-24
BETR001;3;4.3341;50.84971;20.0;2024-12-25;
BETR012;1;4.35862;50.79664;101.0;2024-01-17;2024-12-23
BETR012;2;4.3586;50.7966;101.0;2024-12-24;2024-12-24
BETR012;3;4.35862;50.79665;101.0;2024-12-25;
BETR020;1;4.43672;50.94138;12.0;2024-01-17;2024-12-23
BETR020;2;4.4367;50.9414;12.0;2024-12-24;2024-12-24
BETR020;3;4.43672;50.94139;12.0;2024-12-25;
BETR221;1;5.62783;50.65844;65.0;2024-01-17;2024-12-23
BETR221;2;5.6278;50.6584;65.0;2024-12-24;2024-12-24
BETR221;3;5.62784;50.65844;65.0;2024-12-25;
BETR222;1;5.57022;50.61341;65.0;2024-01-17;2024-12-22
BETR222;2;5.5702;50.6134;65.0;2024-12-23;2024-12-24
BETR222;3;5.57022;50.61341;65.0;2024-12-25;
BETR401;1;4.86526;50.46242;65.0;2024-01-17;2024-12-23
BETR401;2;4.8653;50.4624;65.0;2024-12-24;2024-12-24
BETR401;3;4.86526;50.46243;65.0;2024-12-25;
BETR501;1;4.45217;50.40931;115.0;2024-01-17;2024-12-22
BETR501;2;4.4522;50.4093;115.0;2024-12-23;2024-12-24
BETR501;3;4.45217;50.40931;115.0;2024-12-25;
BETR502;1;4.45868;50.42899;135.0;2024-01-17;2024-12-23
BETR502;2;4.4587;50.429;135.0;2024-12-24;2024-12-24
BETR502;3;4.45868;50.429;135.0;2024-12-25;
BETR510;1;4.52113;50.41643;118.0;2024-01-17;2024-12-22
BETR510;2;4.52109;50.4164;118.0;2024-12-23;2024-12-24
BETR510;3;4.52113;50.41643;118.0;2024-12-25;
BETR511;1;4.4247;50.37759;157.0;2024-01-17;2024-12-23
BETR511;2;4.42469;50.3776;157.0;2024-12-24;2024-12-24
BETR511;3;4.42469;50.37759;157.0;2024-12-25;
BETR701;1;3.72929;51.05833;5.0;2024-01-17;2024-12-23
BETR701;2;3.7293;51.0583;5.0;2024-12-24;2024-12-24
BETR701;3;3.7293;51.05833;5.0;2024-12-25;
BETR710;1;3.77526;51.06127;6.0;2024-01-17;2024-12-23
BETR710;2;3.7753;51.0613;6.0;2024-12-24;2024-12-24
BETR710;3;3.77526;51.06128;6.0;2024-12-25;
BETR801;1;4.43182;51.20966;6.0;2024-01-17;2024-12-22
BETR801;2;4.4318;51.2097;6.0;2024-12-23;2024-12-24
BETR801;3;4.43182;51.20966;6.0;2024-12-25;
BETR803;1;4.42845;51.22862;0.0;2024-01-19;2024-12-19
BETR803;2;4.42848;51.22864;0.0;2024-12-20;
BETR811;1;4.49136;51.2521;8.0;2024-01-17;2024-12-22
BETR811;2;4.49139;51.2521;8.0;2024-12-23;2024-12-24
BETR811;3;4.49136;51.2521;8.0;2024-12-25;
BETR817;1;4.41794;51.17713;6.0;2024-01-17;2024-12-20
BETR817;2;4.41796;51.17719;6.0;2024-12-21;2024-12-22
BETR817;3;4.418;51.1772;6.0;2024-12-23;2024-12-24
BETR817;4;4.41796;51.17719;6.0;2024-12-25;
BETR823;1;4.23993;51.21325;0.0;2024-01-17;2024-12-20
BETR823;2;4.24048;51.21324;0.0;2024-12-21;2024-12-23
BETR823;3;4.2405;51.2132;0.0;2024-12-24;2024-12-24
BETR823;4;4.24049;51.21324;0.0;2024-12-25;
BETR834;1;4.3801;51.092;0.0;2024-01-17;2024-12-20
BETR834;2;4.38014;51.09194;0.0;2024-12-21;2024-12-23
BETR834;3;4.3802;51.0919;0.0;2024-12-24;2024-12-24
BETR834;4;4.38015;51.09195;0.0;2024-12-25;
BG0013A;1;27.58723;43.22304;20.0;2024-01-17;2024-12-23
BG0013A;2;27.5872;43.223;20.0;2024-12-24;2024-12-24
BG0013A;3;27.58724;43.22304;20.0;2024-12-25;
BG0018A;1;25.37968;41.63607;238.0;2024-01-17;2024-12-23
BG0018A;2;25.3797;41.6361;238.0;2024-12-24;2024-12-24
BG0018A;3;25.37968;41.63608;238.0;2024-12-25;
BG0038A;1;26.93843;43.2682;212.0;2024-01-17;2024-12-23
BG0038A;2;26.9384;43.2682;212.0;2024-12-24;2024-12-24
BG0038A;3;26.93844;43.26821;212.0;2024-12-25;
BG0040A;1;23.31097;42.73229;534.0;2024-01-17;2024-12-22
BG0040A;2;23.311;42.7323;534.0;2024-12-23;2024-12-24
BG0040A;3;23.31097;42.73229;534.0;2024-12-25;
BG0041A;1;25.59345;42.05638;103.0;2024-01-17;2024-12-22
BG0041A;2;25.5935;42.0564;103.0;2024-12-23;2024-12-24
BG0041A;3;25.59345;42.05638;103.0;2024-12-25;
BG0043A;1;23.55741;43.20797;363.0;2024-01-17;2024-12-23
BG0043A;2;23.5574;43.208;363.0;2024-12-24;2024-12-24
BG0043A;3;23.55741;43.20798;363.0;2024-12-25;
BG0045A;1;25.96408;43.85136;41.0;2024-01-17;2024-12-23
BG0045A;2;25.9641;43.8514;41.0;2024-12-24;2024-12-24
BG0045A;3;25.96409;43.85137;41.0;2024-12-25;
BG0050A;1;23.29678;42.68055;581.0;2024-01-17;2024-12-23
BG0050A;2;23.2968;42.6806;581.0;2024-12-24;2024-12-24
BG0050A;3;23.29679;42.68056;581.0;2024-12-25;
BG0051A;1;24.76523;42.14288;166.0;2024-01-17;2024-12-17
BG0051A;2;24.7652;42.1429;166.0;2024-12-18;2024-12-24
BG0051A;3;24.76524;42.14289;166.0;2024-12-25;
BG0052A;1;23.40016;42.6665;548.0;2024-01-17;2024-12-23
BG0052A;2;23.4002;42.6665;548.0;2024-12-24;2024-12-24
BG0052A;3;23.40016;42.66651;548.0;2024-12-25;
BG0053R;1;24.73808;41.69433;1720.0;2026-03-20;
BG0056A;1;27.42096;42.45662;51.0;2024-01-17;2024-12-23
BG0056A;2;27.421;42.4566;51.0;2024-12-24;2024-12-24
BG0056A;3;27.42097;42.45662;51.0;2024-12-25;
BG0057A;1;25.69121;43.12647;172.0;2024-01-17;2024-12-22
BG0057A;2;25.6912;43.1265;172.0;2024-12-23;2024-12-24
BG0057A;3;25.69121;43.12647;172.0;2024-12-25;
BG0058A;1;23.09782;42.00193;414.0;2024-01-17;2024-12-22
BG0058A;2;23.0978;42.0019;414.0;2024-12-23;2024-12-24
BG0058A;3;23.09782;42.00193;414.0;2024-12-25;
BG0066A;1;24.71574;43.13692;177.0;2024-01-17;2024-12-23
BG0066A;2;24.7157;43.1369;177.0;2024-12-24;2024-12-24
BG0066A;3;24.71574;43.13693;177.0;2024-12-25;
BG0069A;1;26.33832;42.674;240.0;2024-01-17;2024-12-23
BG0069A;2;26.3383;42.674;240.0;2024-12-24;2024-12-24
BG0069A;3;26.33833;42.67401;240.0;2024-12-25;
BG0070A;1;23.24386;42.63719;1321.0;2024-01-17;2024-12-22
BG0070A;2;23.2439;42.6372;1321.0;2024-12-23;2024-12-24
BG0070A;3;23.24386;42.63719;1321.0;2024-12-25;
BG0071A;1;27.72095;42.65975;27.0;2024-01-17;2024-12-23
BG0071A;2;27.721;42.6598;27.0;2024-12-24;2024-12-24
BG0071A;3;27.72096;42.65976;27.0;2024-12-25;
BG0075A;1;27.91573;43.22438;83.0;2024-01-17;2024-12-18
BG0075A;2;27.9157;43.2244;83.0;2024-12-19;2024-12-24
BG0075A;3;27.91573;43.22439;83.0;2024-12-25;
BG0076A;1;27.83308;43.55288;246.0;2024-01-17;2024-12-22
BG0076A;2;27.8331;43.5529;246.0;2024-12-23;2024-12-24
BG0076A;3;27.83308;43.55288;246.0;2024-12-25;
BG0077A;1;24.71411;41.57662;920.0;2024-01-17;2024-12-23
BG0077A;2;24.7141;41.5766;920.0;2024-12-24;2024-12-24
BG0077A;3;24.71412;41.57662;920.0;2024-12-25;
BG0080A;1;23.03219;42.61033;0.0;2024-01-17;2024-12-22
BG0080A;2;23.0322;42.6103;0.0;2024-12-23;2024-12-24
BG0080A;3;23.03219;42.61033;0.0;2024-12-25;
BG0081A;1;22.86759;43.99893;35.0;2025-03-10;
BG0083A;1;27.93596;43.21727;51.0;2024-01-17;2024-12-23
BG0083A;2;27.936;43.2173;51.0;2024-12-24;2024-12-24
BG0083A;3;27.93596;43.21728;51.0;2024-12-25;
BG0084A;1;24.62425;43.40903;100.0;2024-01-17;2024-12-23
BG0084A;2;24.6242;43.409;100.0;2024-12-24;2024-12-24
BG0084A;3;24.62425;43.40904;100.0;2024-12-25;
CH0002R;1;6.94448;46.81309;489.0;2024-01-17;2024-12-23
CH0002R;2;6.9445;46.8131;489.0;2024-12-24;2024-12-24
CH0002R;3;6.94448;46.8131;489.0;2024-12-25;
CH0003R;1;8.90468;47.47979;538.0;2024-01-17;2024-10-02
CH0003R;2;8.90468;47.4798;538.0;2024-10-03;2024-12-22
CH0003R;3;8.9047;47.4798;538.0;2024-12-23;2024-12-24
CH0003R;4;8.90468;47.4798;538.0;2024-12-25;
CH0004R;1;6.97915;47.04949;1136.0;2024-01-17;2024-10-02
CH0004R;2;6.97915;47.0495;1136.0;2024-10-03;2024-12-22
CH0004R;3;6.9791;47.0495;1136.0;2024-12-23;2024-12-24
CH0004R;4;6.97915;47.0495;1136.0;2024-12-25;
CH0005A;1;8.61339;47.40289;432.0;2024-01-17;2024-10-02
CH0005A;2;8.6134;47.40289;432.0;2024-10-03;2024-12-23
CH0005A;3;8.6134;47.4029;432.0;2024-12-24;
CH0005R;1;8.46332;47.06739;1031.0;2024-01-17;2024-12-23
CH0005R;2;8.4633;47.0674;1031.0;2024-12-24;2024-12-24
CH0005R;3;8.46332;47.0674;1031.0;2024-12-25;
CH0008A;1;7.58328;47.54109;316.0;2024-01-17;2024-10-02
CH0008A;2;7.58327;47.54109;316.0;2024-10-03;2024-12-23
CH0008A;3;7.5833;47.5411;316.0;2024-12-24;2024-12-24
CH0008A;4;7.58328;47.5411;316.0;2024-12-25;
CH0010A;1;8.53041;47.37759;409.0;2024-01-17;2024-12-23
CH0010A;2;8.5304;47.3776;409.0;2024-12-24;2024-12-24
CH0010A;3;8.53041;47.3776;409.0;2024-12-25;
CH0011A;1;8.9571;46.01109;280.0;2024-01-17;2024-12-23
CH0011A;2;8.9571;46.0111;280.0;2024-12-24;
CH0017A;1;7.58208;47.56589;260.0;2024-01-17;2024-10-02
CH0017A;2;7.58208;47.5659;260.0;2024-10-03;2024-12-22
CH0017A;3;7.5821;47.5659;260.0;2024-12-23;2024-12-24
CH0017A;4;7.58208;47.5659;260.0;2024-12-25;
CH0019A;1;9.39438;47.40669;915.0;2024-01-17;2024-10-02
CH0019A;2;9.39438;47.4067;915.0;2024-10-03;2024-12-22
CH0019A;3;9.39439;47.4067;915.0;2024-12-23;2024-12-24
CH0019A;4;9.39438;47.4067;915.0;2024-12-25;
CH0022A;1;8.30067;47.06769;484.0;2024-01-17;2024-10-02
CH0022A;2;8.30068;47.06769;484.0;2024-10-03;2024-12-23
CH0022A;3;8.3007;47.0677;484.0;2024-12-24;2024-12-24
CH0022A;4;8.30068;47.0677;484.0;2024-12-25;
CH0024A;1;7.14833;46.13899;460.0;2024-01-17;2024-12-23
CH0024A;2;7.1483;46.139;460.0;2024-12-24;2024-12-24
CH0024A;3;7.14833;46.139;460.0;2024-12-25;
CH0033A;1;8.93394;46.16029;203.0;2024-01-17;2024-12-23
CH0033A;2;8.9339;46.1603;203.0;2024-12-24;2024-12-24
CH0033A;3;8.93394;46.1603;203.0;2024-12-25;
CH0043A;1;8.96729;46.02549;305.0;2024-01-17;2024-10-02
CH0043A;2;8.96729;46.0255;305.0;2024-10-03;2024-12-22
CH0043A;3;8.9673;46.0255;305.0;2024-12-23;2024-12-24
CH0043A;4;8.96729;46.0255;305.0;2024-12-25;
CH0046A;1;6.21125;46.19559;422.0;2024-01-17;
CH0050A;1;6.07417;46.23109;439.0;2024-01-17;2024-10-02
CH0050A;2;6.07417;46.2311;439.0;2024-10-03;2024-12-22
CH0050A;3;6.0742;46.2311;439.0;2024-12-23;2024-12-24
CH0050A;4;6.07417;46.2311;439.0;2024-12-25;
CH0051A;1;6.00518;46.16259;427.0;2024-01-17;2024-10-02
CH0051A;2;6.00518;46.1626;427.0;2024-10-03;2024-12-22
CH0051A;3;6.0052;46.1626;427.0;2024-12-23;2024-12-24
CH0051A;4;6.00518;46.1626;427.0;2024-12-25;
CH0053R;1;8.17544;47.18959;797.0;2024-01-17;2024-10-02
CH0053R;2;8.17544;47.1896;797.0;2024-10-03;2024-12-22
CH0053R;3;8.1754;47.1896;797.0;2024-12-23;2024-12-24
CH0053R;4;8.17544;47.1896;797.0;2024-12-25;
CH0054A;1;7.46252;46.96309;554.0;2024-01-17;2024-12-22
CH0054A;2;7.4625;46.9631;554.0;2024-12-23;2024-12-24
CH0054A;3;7.46252;46.9631;554.0;2024-12-25;
CH0055A;1;6.14113;46.20779;383.0;2024-01-17;2024-12-23
CH0055A;2;6.1411;46.2078;383.0;2024-12-24;2024-12-24
CH0055A;3;6.14113;46.2078;383.0;2024-12-25;
CH0059A;1;8.56592;47.38149;610.0;2024-01-17;2024-10-02
CH0059A;2;8.56592;47.3815;610.0;2024-10-03;2024-12-22
CH0059A;3;8.56589;47.3815;610.0;2024-12-23;2024-12-24
CH0059A;4;8.56592;47.3815;610.0;2024-12-25;
CH0060A;1;8.72035;47.50819;440.0;2024-01-17;2024-10-02
CH0060A;2;8.72035;47.5082;440.0;2024-10-03;2024-12-22
CH0060A;3;8.7203;47.5082;440.0;2024-12-23;2024-12-24
CH0060A;4;8.72035;47.5082;440.0;2024-12-25;
CH0061A;1;6.6223;46.53579;598.0;2024-01-17;2024-10-02
CH0061A;2;6.6223;46.5358;598.0;2024-10-03;
CY0002R;1;33.05778;35.03802;532.0;2024-01-17;2024-12-22
CY0002R;2;33.0578;35.03799;532.0;2024-12-23;2024-12-24
CY0002R;3;33.05778;35.03802;532.0;2024-12-25;
CY0006A;1;33.33166;35.12694;208.0;2024-01-17;2024-12-23
CY0006A;2;33.3317;35.1269;208.0;2024-12-24;2024-12-24
CY0006A;3;33.33167;35.12693;208.0;2024-12-25;
CZ0ABRE;1;14.38011;50.08438;300.0;2024-01-17;2024-12-23
CZ0ABRE;2;14.38012;50.08438;300.0;2024-12-24;
CZ0AKOB;1;14.46757;50.12218;269.0;2024-01-17;2024-12-23
CZ0AKOB;2;14.46758;50.12219;269.0;2024-12-24;
CZ0ALIB;1;14.44593;50.0073;301.0;2024-01-17;2024-12-23
CZ0ALIB;2;14.44593;50.00731;301.0;2024-12-24;
CZ0AREP;1;14.42922;50.08806;190.0;2024-01-17;2024-12-23
CZ0AREP;2;14.42922;50.08807;190.0;2024-12-24;
CZ0ARIE;1;14.44269;50.08148;256.0;2024-01-17;2024-12-22
CZ0ARIE;2;14.4427;50.0815;256.0;2024-12-23;2024-12-23
CZ0ARIE;3;14.44269;50.08148;256.0;2024-12-24;
CZ0ASTO;1;14.33141;50.04613;309.0;2024-01-17;2024-12-22
CZ0ASTO;2;14.3314;50.0461;309.0;2024-12-23;2024-12-23
CZ0ASTO;3;14.33141;50.04613;309.0;2024-12-24;
CZ0ASUC;1;14.38463;50.12652;277.0;2024-01-17;2024-12-23
CZ0ASUC;2;14.38464;50.12653;277.0;2024-12-24;
CZ0BBDN;1;16.61628;49.20272;225.0;2024-01-17;2024-12-23
CZ0BBDN;2;16.61629;49.20272;225.0;2024-12-24;
CZ0BBMA;1;16.61383;49.21608;250.0;2024-01-17;2024-12-23
CZ0BBMA;2;16.61384;49.21609;250.0;2024-12-24;
CZ0BBNI;1;16.67802;49.21321;340.0;2024-01-17;2024-12-22
CZ0BBNI;2;16.678;49.2132;340.0;2024-12-23;2024-12-23
CZ0BBNI;3;16.67802;49.21321;340.0;2024-12-24;
CZ0BBNY;1;16.69621;49.14897;241.0;2024-01-17;2024-12-22
CZ0BBNY;2;16.6962;49.149;241.0;2024-12-23;2024-12-23
CZ0BBNY;3;16.69622;49.14897;241.0;2024-12-24;
CZ0BHOD;1;17.13139;48.85728;170.0;2025-03-07;
CZ0BKUC;1;16.08581;48.88135;334.0;2024-01-17;2024-12-22
CZ0BKUC;2;16.0858;48.8814;334.0;2024-12-23;2024-12-23
CZ0BKUC;3;16.08581;48.88136;334.0;2024-12-24;
CZ0BMIS;1;16.72449;48.79176;245.0;2024-01-17;2024-12-22
CZ0BMIS;2;16.7245;48.7918;245.0;2024-12-23;2024-12-23
CZ0BMIS;3;16.7245;48.79177;245.0;2024-12-24;
CZ0BZNO;1;16.06012;48.84295;225.0;2024-01-17;2024-12-23
CZ0BZNO;2;16.06013;48.84296;225.0;2024-12-24;
CZ0CCBD;1;14.46568;48.98438;383.0;2024-01-17;2024-12-23
CZ0CCBD;2;14.46568;48.98439;383.0;2024-12-24;
CZ0CCHU;1;13.6148;49.06843;1118.0;2024-01-17;2024-12-23
CZ0CCHU;2;13.6148;49.06844;1118.0;2024-12-24;
CZ0CHVO;1;14.72338;48.72419;818.0;2024-01-24;2024-12-23
CZ0CHVO;2;14.72338;48.7242;818.0;2024-12-24;
CZ0CKOC;1;13.83745;49.46727;519.0;2024-01-17;2024-12-18
CZ0CKOC;2;13.8375;49.4673;519.0;2024-12-19;2024-12-23
CZ0CKOC;3;13.83746;49.46727;519.0;2024-12-24;
CZ0CPRA;1;14.00044;49.01608;583.0;2024-01-17;2024-12-23
CZ0CPRA;2;14.00044;49.01609;583.0;2024-12-24;
CZ0EMTP;1;16.66672;49.75899;350.0;2024-01-17;2024-12-23
CZ0EMTP;2;16.66672;49.759;350.0;2024-12-24;
CZ0EPAO;1;15.73941;50.04219;217.0;2024-01-17;2024-12-23
CZ0EPAO;2;15.73941;50.0422;217.0;2024-12-24;
CZ0EPAU;1;15.76354;50.02403;239.0;2024-01-17;2024-12-23
CZ0EPAU;2;15.76355;50.02404;239.0;2024-12-24;
CZ0ESVR;1;16.03419;49.73508;735.0;2024-01-17;2024-12-22
CZ0ESVR;2;16.03419;49.7351;735.0;2024-12-23;2024-12-23
CZ0ESVR;3;16.03419;49.73508;735.0;2024-12-24;
CZ0HHKO;1;15.83839;50.17763;276.0;2024-01-17;2024-12-22
CZ0HHKO;2;15.8384;50.1776;276.0;2024-12-23;2024-12-23
CZ0HHKO;3;15.83839;50.17763;276.0;2024-12-24;
CZ0HKRY;1;15.85009;50.66043;1001.0;2024-01-17;2024-12-22
CZ0HKRY;2;15.8501;50.6604;1001.0;2024-12-23;2024-12-23
CZ0HKRY;3;15.85009;50.66044;1001.0;2024-12-24;
CZ0HPLO;1;16.32272;50.35056;747.0;2024-01-17;2024-12-23
CZ0HPLO;2;16.32273;50.35056;747.0;2024-12-24;
CZ0HTRT;1;15.90392;50.56587;432.0;2024-01-17;2024-12-23
CZ0HTRT;2;15.90393;50.56588;432.0;2024-12-24;
CZ0JKMY;1;15.43904;49.15915;569.0;2024-01-17;2024-12-22
CZ0JKMY;2;15.439;49.1591;569.0;2024-12-23;2024-12-23
CZ0JKMY;3;15.43905;49.15915;569.0;2024-12-24;
CZ0JKOS;1;15.08027;49.57339;535.0;2024-01-17;2024-12-23
CZ0JKOS;2;15.08028;49.57339;535.0;2024-12-24;
CZ0JTRE;1;15.86577;49.22343;462.0;2024-01-17;2024-12-23
CZ0JTRE;2;15.86578;49.22344;462.0;2024-12-24;
CZ0JZNZ;1;15.941;49.56456;569.0;2025-03-07;
CZ0KCHM;1;12.36344;50.06586;493.0;2024-01-17;2024-12-22
CZ0KCHM;2;12.3634;50.0659;493.0;2024-12-23;2024-12-23
CZ0KCHM;3;12.36344;50.06586;493.0;2024-12-24;
CZ0KPRB;1;12.61538;50.37247;904.0;2024-01-17;2024-12-18
CZ0KPRB;2;12.6154;50.3725;904.0;2024-12-19;2024-12-23
CZ0KPRB;3;12.61538;50.37248;904.0;2024-12-24;
CZ0KSOM;1;12.67281;50.17282;476.0;2024-01-17;2024-12-23
CZ0KSOM;2;12.67282;50.17282;476.0;2024-12-24;
CZ0LCLM;1;14.53734;50.69804;299.0;2024-01-17;2024-12-22
CZ0LCLM;2;14.5373;50.698;299.0;2024-12-23;2024-12-23
CZ0LCLM;3;14.53734;50.69804;299.0;2024-12-24;
CZ0LFRT;1;15.06981;50.94065;366.0;2024-01-17;2024-12-22
CZ0LFRT;2;15.0698;50.9406;366.0;2024-12-23;2024-12-23
CZ0LFRT;3;15.06982;50.94065;366.0;2024-12-24;
CZ0LHVI;1;14.96416;50.85605;451.0;2025-03-10;
CZ0LLIL;1;15.06996;50.7551;422.0;2024-01-17;2024-12-22
CZ0LLIL;2;15.07;50.7551;422.0;2024-12-23;2024-12-23
CZ0LLIL;3;15.06997;50.7551;422.0;2024-12-24;
CZ0LSOU;1;15.31968;50.78964;771.0;2024-01-17;2024-12-23
CZ0LSOU;2;15.31968;50.78965;771.0;2024-12-24;
CZ0LUHL;1;14.90244;50.86623;330.0;2024-03-09;2024-12-23
CZ0LUHL;2;14.90245;50.86623;330.0;2024-12-24;
CZ0MBEL;1;17.80422;49.58708;306.0;2025-03-07;
CZ0MJES;1;17.19017;50.24224;625.0;2024-01-17;2024-12-23
CZ0MJES;2;17.19018;50.24224;625.0;2024-12-24;
CZ0MOLJ;1;17.23807;49.60146;224.0;2024-01-17;2024-12-22
CZ0MOLJ;2;17.2381;49.6015;224.0;2024-12-23;2024-12-23
CZ0MOLJ;3;17.23807;49.60146;224.0;2024-12-24;
CZ0MOLS;1;17.26617;49.59292;220.0;2025-03-07;
CZ0MPRR;1;17.45415;49.45165;210.0;2024-01-17;2024-12-22
CZ0MPRR;2;17.4542;49.4517;210.0;2024-12-23;2024-12-23
CZ0MPRR;3;17.45416;49.45166;210.0;2024-12-24;
CZ0MPST;1;17.11472;49.46785;218.0;2024-01-17;2024-12-23
CZ0MPST;2;17.11473;49.46786;218.0;2024-12-24;
CZ0PKUJ;1;13.61853;49.722;385.0;2024-01-17;2024-12-23
CZ0PKUJ;2;13.61854;49.722;385.0;2024-12-24;
CZ0PPLL;1;13.36822;49.77012;360.0;2024-01-17;2024-12-23
CZ0PPLL;2;13.36822;49.77013;360.0;2024-12-24;
CZ0PPLV;1;13.42338;49.76861;348.0;2024-01-17;2024-12-23
CZ0PPLV;2;13.42338;49.76862;348.0;2024-12-24;
CZ0PPRM;1;12.67788;49.66958;740.0;2024-01-17;2024-12-22
CZ0PPRM;2;12.6779;49.6696;740.0;2024-12-23;2024-12-23
CZ0PPRM;3;12.67788;49.66958;740.0;2024-12-24;
CZ0SKLM;1;14.10178;50.14385;303.0;2024-01-17;2024-12-23
CZ0SKLM;2;14.10178;50.14386;303.0;2024-12-24;
CZ0SKLS;1;14.10604;50.16741;219.0;2024-01-17;2024-12-23
CZ0SKLS;2;14.10605;50.16741;219.0;2024-12-24;
CZ0SMBO;1;14.91385;50.42864;224.0;2024-01-17;2024-12-23
CZ0SMBO;2;14.91386;50.42865;224.0;2024-12-24;
CZ0SONR;1;14.78262;49.91351;514.0;2024-01-17;2024-12-23
CZ0SONR;2;14.78263;49.91351;514.0;2024-12-24;
CZ0SPBR;1;13.99122;49.67632;512.0;2025-03-07;
CZ0SROR;1;15.1783;50.30198;198.0;2024-01-17;2024-12-22
CZ0SROR;2;15.1783;50.302;198.0;2024-12-23;2024-12-23
CZ0SROR;3;15.1783;50.30198;198.0;2024-12-24;
CZ0TBKR;1;18.53856;49.5026;890.0;2024-01-17;2024-12-23
CZ0TBKR;2;18.53856;49.50261;890.0;2024-12-24;
CZ0TCER;1;17.54194;49.77714;749.0;2024-01-17;2024-12-22
CZ0TCER;2;17.54189;49.7771;749.0;2024-12-23;2024-12-23
CZ0TCER;3;17.54195;49.77714;749.0;2024-12-24;
CZ0TCTN;1;18.60972;49.74895;285.0;2024-01-17;2024-12-23
CZ0TCTN;2;18.60973;49.74896;285.0;2024-12-24;
CZ0TFMI;1;18.35107;49.67179;290.0;2024-01-17;2024-12-22
CZ0TFMI;2;18.3511;49.6718;290.0;2024-12-23;2024-12-23
CZ0TFMI;3;18.35107;49.67179;290.0;2024-12-24;
CZ0THAO;1;18.44319;49.77153;280.0;2025-03-07;
CZ0THAR;1;18.40683;49.79097;260.0;2024-01-17;2024-12-23
CZ0THAR;2;18.40684;49.79098;260.0;2024-12-24;
CZ0TKAR;1;18.55145;49.8638;238.0;2025-03-07;
CZ0TOFF;1;18.26368;49.83918;220.0;2024-01-17;2024-12-23
CZ0TOFF;2;18.26369;49.83919;220.0;2024-12-24;
CZ0TOPO;1;18.15927;49.82529;242.0;2024-01-17;2024-12-23
CZ0TOPO;2;18.15928;49.82529;242.0;2024-12-24;
CZ0TOVK;1;17.90953;49.94498;255.0;2024-01-17;2024-12-16
CZ0TOVK;2;17.9095;49.945;255.0;2024-12-17;2024-12-23
CZ0TOVK;3;17.90953;49.94499;255.0;2024-12-24;
CZ0TOZR;1;18.24718;49.79603;235.0;2024-01-17;2024-12-23
CZ0TOZR;2;18.24718;49.79604;235.0;2024-12-24;
CZ0TSTD;1;18.0893;49.72093;231.0;2024-01-17;2024-12-23
CZ0TSTD;2;18.08931;49.72094;231.0;2024-12-24;
CZ0TTRK;1;18.64304;49.67238;346.0;2025-03-07;
CZ0TTRO;1;18.67779;49.66811;320.0;2024-01-17;2024-12-23
CZ0TTRO;2;18.6778;49.66811;320.0;2024-12-24;
CZ0TVER;1;18.42287;49.92467;203.0;2024-01-17;2024-12-23
CZ0TVER;2;18.42287;49.92468;203.0;2024-12-24;
CZ0UCHM;1;13.41269;50.46752;344.0;2024-01-17;2024-12-23
CZ0UCHM;2;13.4127;50.46753;344.0;2024-12-24;
CZ0UDCM;1;14.21879;50.77415;131.0;2024-01-17;2024-12-22
CZ0UDCM;2;14.2188;50.7741;131.0;2024-12-23;2024-12-23
CZ0UDCM;3;14.21879;50.77415;131.0;2024-12-24;
CZ0UDOK;1;14.17016;50.45885;158.0;2024-01-17;2024-12-22
CZ0UDOK;2;14.1702;50.4588;158.0;2024-12-23;2024-12-23
CZ0UDOK;3;14.17016;50.45885;158.0;2024-12-24;
CZ0UKRU;1;13.84769;50.69667;533.0;2024-01-17;2024-12-22
CZ0UKRU;2;13.8477;50.6967;533.0;2024-12-23;2024-12-23
CZ0UKRU;3;13.84769;50.69667;533.0;2024-12-24;
CZ0ULOM;1;13.67341;50.58576;265.0;2024-01-17;2024-12-23
CZ0ULOM;2;13.67342;50.58577;265.0;2024-12-24;
CZ0ULTT;1;14.1194;50.54089;190.0;2024-01-17;2024-12-23
CZ0ULTT;2;14.11941;50.5409;190.0;2024-12-24;
CZ0UMED;1;13.13014;50.42758;827.0;2024-01-17;2024-12-23
CZ0UMED;2;13.13014;50.42759;827.0;2024-12-24;
CZ0UMOM;1;13.64527;50.51036;221.0;2024-01-17;2024-12-22
CZ0UMOM;2;13.6453;50.5104;221.0;2024-12-23;2024-12-23
CZ0UMOM;3;13.64527;50.51036;221.0;2024-12-24;
CZ0URVH;1;13.4195;50.57983;840.0;2024-01-17;2024-12-23
CZ0URVH;2;13.41951;50.57983;840.0;2024-12-24;
CZ0USNZ;1;14.08679;50.78944;590.0;2024-01-17;2024-12-23
CZ0USNZ;2;14.0868;50.78944;590.0;2024-12-24;
CZ0UTPM;1;13.85124;50.64527;257.0;2024-01-17;2024-12-22
CZ0UTPM;2;13.8513;50.6453;257.0;2024-12-23;2024-12-23
CZ0UTPM;3;13.85125;50.64528;257.0;2024-12-24;
CZ0UTUS;1;13.32762;50.37658;322.0;2024-01-17;2024-12-23
CZ0UTUS;2;13.32762;50.37659;322.0;2024-12-24;
CZ0UULK;1;14.04119;50.68352;367.0;2024-01-17;2024-12-22
CZ0UULK;2;14.0412;50.6835;367.0;2024-12-23;2024-12-23
CZ0UULK;3;14.04119;50.68353;367.0;2024-12-24;
CZ0UULM;1;14.04306;50.66109;147.0;2024-01-17;2024-12-22
CZ0UULM;2;14.0431;50.6611;147.0;2024-12-23;2024-12-23
CZ0UULM;3;14.04306;50.66109;147.0;2024-12-24;
CZ0ZSNV;1;18.00782;49.04781;600.0;2024-01-19;2024-12-23
CZ0ZSNV;2;18.00782;49.04782;600.0;2024-12-24;
CZ0ZTNV;1;17.41056;49.25939;280.0;2024-01-17;2024-12-22
CZ0ZTNV;2;17.41059;49.2594;280.0;2024-12-23;2024-12-23
CZ0ZTNV;3;17.41056;49.25939;280.0;2024-12-24;
CZ0ZVMZ;1;17.96697;49.47205;290.0;2024-01-17;2024-12-23
CZ0ZVMZ;2;17.96698;49.47206;290.0;2024-12-24;
CZ0ZZLN;1;17.66717;49.2329;258.0;2024-01-17;2024-12-22
CZ0ZZLN;2;17.6672;49.2329;258.0;2024-12-23;2024-12-23
CZ0ZZLN;3;17.66717;49.23291;258.0;2024-12-24;
DEBB021;1;13.06016;52.40138;31.0;2024-01-17;2024-03-07
DEBB021;2;13.05994;52.40135;31.0;2024-03-08;2024-03-09
DEBB021;3;13.06016;52.40138;31.0;2024-03-10;2024-12-23
DEBB021;4;13.0602;52.4014;31.0;2024-12-24;2024-12-24
DEBB021;5;13.06016;52.40139;31.0;2024-12-25;
DEBB048;1;12.80948;52.93189;43.0;2024-01-17;2024-12-22
DEBB048;2;12.8095;52.9319;43.0;2024-12-23;2024-12-24
DEBB048;3;12.80948;52.93189;43.0;2024-12-25;
DEBB053;1;14.01517;52.56389;88.0;2024-01-17;2024-03-07
DEBB053;2;14.01525;52.56383;88.0;2024-03-08;2024-03-09
DEBB053;3;14.01517;52.56389;88.0;2024-03-10;2024-12-22
DEBB053;4;14.0152;52.5639;88.0;2024-12-23;2024-12-24
DEBB053;5;14.01517;52.56389;88.0;2024-12-25;
DEBB055;1;12.5523;52.42044;33.0;2024-01-17;2024-12-18
DEBB055;2;12.5523;52.4204;33.0;2024-12-19;2024-12-24
DEBB055;3;12.5523;52.42044;33.0;2024-12-25;
DEBB063;1;11.73846;52.99875;22.0;2024-01-17;2024-12-22
DEBB063;2;11.7385;52.9988;22.0;2024-12-23;2024-12-24
DEBB063;3;11.73846;52.99875;22.0;2024-12-25;
DEBB064;1;14.33447;51.74684;75.0;2024-01-17;2024-12-23
DEBB064;2;14.3345;51.7469;75.0;2024-12-24;2024-12-24
DEBB064;3;14.33447;51.74685;75.0;2024-12-25;
DEBB065;1;12.56138;52.19422;111.0;2024-01-17;2024-12-23
DEBB065;2;12.5614;52.1942;111.0;2024-12-24;2024-12-24
DEBB065;3;12.56139;52.19423;111.0;2024-12-25;
DEBB066;1;14.0569;51.89748;52.0;2024-01-17;2024-03-07
DEBB066;2;14.05706;51.89759;52.0;2024-03-08;2024-03-09
DEBB066;3;14.0569;51.89748;52.0;2024-03-10;2024-12-23
DEBB066;4;14.0569;51.8975;52.0;2024-12-24;2024-12-24
DEBB066;5;14.0569;51.89749;52.0;2024-12-25;
DEBB067;1;12.88532;52.60853;31.0;2025-01-04;
DEBB075;1;13.12369;52.48416;39.0;2024-01-17;2024-12-23
DEBB075;2;13.1237;52.4842;39.0;2024-12-24;2024-12-24
DEBB075;3;13.1237;52.48417;39.0;2024-12-25;
DEBB083;1;14.3764;51.56449;99.0;2024-01-17;2024-12-23
DEBB083;2;14.3764;51.5645;99.0;2024-12-24;
DEBB086;1;13.4243;52.3497;43.0;2024-01-17;
DEBB092;1;14.52596;52.33468;74.0;2024-01-17;2024-12-22
DEBB092;2;14.526;52.3347;74.0;2024-12-23;2024-12-24
DEBB092;3;14.52596;52.33468;74.0;2024-12-25;
DEBB109;1;13.17494;52.08967;50.0;2024-01-17;2024-12-18
DEBB109;2;13.175;52.0897;50.0;2024-12-19;2024-12-23
DEBB109;3;13.17495;52.08968;50.0;2024-12-24;
DEBB110;1;13.04877;52.5395;39.0;2024-01-17;2024-12-23
DEBB110;2;13.0488;52.5395;39.0;2024-12-24;2024-12-24
DEBB110;3;13.04878;52.5395;39.0;2024-12-25;
DEBB111;1;13.52254;51.45651;92.0;2024-01-17;2024-03-07
DEBB111;2;13.52254;51.45651;92.0;2024-03-08;2024-12-23
DEBB111;3;13.5226;51.4565;92.0;2024-12-24;2024-12-24
DEBB111;4;13.52255;51.45651;92.0;2024-12-25;
DEBB112;1;13.62124;52.32403;60.0;2024-03-08;2024-12-23
DEBB112;2;13.6212;52.324;60.0;2024-12-24;2024-12-24
DEBB112;3;13.62125;52.32403;60.0;2024-12-25;
DEBE010;1;13.34932;52.54304;35.0;2024-01-17;2024-12-23
DEBE010;2;13.3493;52.543;35.0;2024-12-24;2024-12-24
DEBE010;3;13.34933;52.54304;35.0;2024-12-25;
DEBE018;1;13.34877;52.48581;40.0;2024-01-17;2024-12-23
DEBE018;2;13.3488;52.4858;40.0;2024-12-24;2024-12-24
DEBE018;3;13.34878;52.48581;40.0;2024-12-25;
DEBE027;1;13.3681;52.3984;45.0;2024-01-17;2024-12-24
DEBE027;2;13.3681;52.39841;45.0;2024-12-25;
DEBE032;1;13.22514;52.47319;50.0;2024-01-17;
DEBE034;1;13.43084;52.48945;35.0;2024-01-17;2024-12-22
DEBE034;2;13.4308;52.4894;35.0;2024-12-23;2024-12-24
DEBE034;3;13.43084;52.48945;35.0;2024-12-25;
DEBE051;1;13.48307;52.64416;60.0;2024-01-17;2024-12-23
DEBE051;2;13.4831;52.6442;60.0;2024-12-24;2024-12-24
DEBE051;3;13.48308;52.64417;60.0;2024-12-25;
DEBE056;1;13.64705;52.44769;35.0;2024-01-17;2024-12-23
DEBE056;2;13.6471;52.4477;35.0;2024-12-24;2024-12-24
DEBE056;3;13.64705;52.4477;35.0;2024-12-25;
DEBE062;1;13.29608;52.65326;50.0;2024-01-17;2024-12-23
DEBE062;2;13.2961;52.6533;50.0;2024-12-24;2024-12-24
DEBE062;3;13.29608;52.65327;50.0;2024-12-25;
DEBE066;1;13.5295;52.48529;35.0;2024-01-17;2024-12-23
DEBE066;2;13.5295;52.4853;35.0;2024-12-24;
DEBE068;1;13.41883;52.5136;35.0;2024-01-17;2024-12-23
DEBE068;2;13.4188;52.5136;35.0;2024-12-24;2024-12-24
DEBE068;3;13.41883;52.51361;35.0;2024-12-25;
DEBW004;1;8.40666;49.07655;109.0;2024-01-17;2024-12-22
DEBW004;2;8.4067;49.0765;109.0;2024-12-23;2024-12-24
DEBW004;3;8.40666;49.07655;109.0;2024-12-25;
DEBW009;1;8.6767;49.41952;112.0;2024-01-17;2024-12-23
DEBW009;2;8.6767;49.4195;112.0;2024-12-24;2024-12-24
DEBW009;3;8.6767;49.41953;112.0;2024-12-25;
DEBW010;1;8.7001;49.30073;162.0;2024-01-17;2024-12-22
DEBW010;2;8.7001;49.3007;162.0;2024-12-23;2024-12-24
DEBW010;3;8.7001;49.30073;162.0;2024-12-25;
DEBW013;1;9.22974;48.8088;235.0;2024-01-17;2024-12-22
DEBW013;2;9.22969;48.8088;235.0;2024-12-23;2024-12-24
DEBW013;3;9.22974;48.8088;235.0;2024-12-25;
DEBW015;1;9.22478;49.1655;157.0;2024-01-17;2024-12-23
DEBW015;2;9.2248;49.1655;157.0;2024-12-24;2024-12-24
DEBW015;3;9.22479;49.16551;157.0;2024-12-25;
DEBW019;1;9.97903;48.39683;481.0;2024-01-17;2024-12-23
DEBW019;2;9.97899;48.3968;481.0;2024-12-24;2024-12-24
DEBW019;3;9.97903;48.39684;481.0;2024-12-25;
DEBW023;1;7.63327;47.58815;275.0;2024-01-17;2024-12-22
DEBW023;2;7.6333;47.5881;275.0;2024-12-23;2024-12-24
DEBW023;3;7.63327;47.58815;275.0;2024-12-25;
DEBW024;1;9.17279;48.89923;302.0;2024-01-17;2024-12-22
DEBW024;2;9.1728;48.8992;302.0;2024-12-23;2024-12-24
DEBW024;3;9.17279;48.89923;302.0;2024-12-25;
DEBW027;1;9.20731;48.48888;385.0;2024-01-17;2024-12-23
DEBW027;2;9.2073;48.4889;385.0;2024-12-24;2024-12-24
DEBW027;3;9.20731;48.48889;385.0;2024-12-25;
DEBW029;1;10.09629;48.84791;424.0;2024-01-17;2024-12-23
DEBW029;2;10.09629;48.8479;424.0;2024-12-24;2024-12-24
DEBW029;3;10.09629;48.84792;424.0;2024-12-25;
DEBW031;1;7.76452;47.80989;904.0;2024-01-17;2024-12-23
DEBW031;2;7.7645;47.8099;904.0;2024-12-24;2024-12-24
DEBW031;3;7.76453;47.80989;904.0;2024-12-25;
DEBW033;1;8.66553;48.88903;278.0;2024-01-17;2024-12-23
DEBW033;2;8.6655;48.889;278.0;2024-12-24;2024-12-24
DEBW033;3;8.66554;48.88904;278.0;2024-12-25;
DEBW038;1;9.48567;47.66005;404.0;2024-01-17;2024-12-23
DEBW038;2;9.4857;47.6601;404.0;2024-12-24;2024-12-24
DEBW038;3;9.48568;47.66006;404.0;2024-12-25;
DEBW039;1;8.46359;48.04865;700.0;2024-01-17;2024-12-23
DEBW039;2;8.4636;48.0487;700.0;2024-12-24;2024-12-24
DEBW039;3;8.4636;48.04866;700.0;2024-12-25;
DEBW042;1;9.22776;48.67806;370.0;2024-01-17;2024-06-07
DEBW042;2;9.2294;48.67751;370.0;2024-06-08;2024-12-23
DEBW042;3;9.2294;48.6775;370.0;2024-12-24;2024-12-24
DEBW042;4;9.2294;48.67752;370.0;2024-12-25;
DEBW046;1;9.80032;48.08988;534.0;2024-01-17;2024-12-23
DEBW046;2;9.8003;48.0899;534.0;2024-12-24;2024-12-24
DEBW046;3;9.80033;48.08989;534.0;2024-12-25;
DEBW052;1;9.16928;47.66436;403.0;2024-01-17;2024-12-23
DEBW052;2;9.1693;47.6644;403.0;2024-12-24;2024-12-24
DEBW052;3;9.16929;47.66436;403.0;2024-12-25;
DEBW056;1;9.73323;49.10787;306.0;2024-07-01;2024-12-23
DEBW056;2;9.7332;49.1079;306.0;2024-12-24;2024-12-24
DEBW056;3;9.73323;49.10788;306.0;2024-12-25;
DEBW059;1;9.65791;49.63484;177.0;2024-01-17;2024-12-18
DEBW059;2;9.6579;49.6348;177.0;2024-12-19;2024-12-24
DEBW059;3;9.65792;49.63484;177.0;2024-12-25;
DEBW073;1;7.56796;47.81901;223.0;2024-01-17;2024-12-23
DEBW073;2;7.568;47.819;223.0;2024-12-24;2024-12-24
DEBW073;3;7.56797;47.81902;223.0;2024-12-25;
DEBW076;1;8.22021;48.77307;148.0;2024-01-17;2024-12-22
DEBW076;2;8.2202;48.7731;148.0;2024-12-23;2024-12-24
DEBW076;3;8.22021;48.77307;148.0;2024-12-25;
DEBW081;1;8.35562;49.02859;114.0;2024-01-17;2024-12-23
DEBW081;2;8.3556;49.0286;114.0;2024-12-24;2024-12-24
DEBW081;3;8.35563;49.02859;114.0;2024-12-25;
DEBW084;1;7.83212;48.00151;262.0;2024-01-17;2024-12-22
DEBW084;2;7.8321;48.0015;262.0;2024-12-23;2024-12-24
DEBW084;3;7.83212;48.00151;262.0;2024-12-25;
DEBW087;1;9.20763;48.34577;798.0;2024-01-17;2024-12-23
DEBW087;2;9.20759;48.3458;798.0;2024-12-24;2024-12-24
DEBW087;3;9.20764;48.34578;798.0;2024-12-25;
DEBW107;1;9.05117;48.5077;325.0;2024-01-17;2024-12-23
DEBW107;2;9.05118;48.5077;325.0;2024-12-24;
DEBW112;1;8.90444;48.6456;466.0;2024-01-17;2024-12-23
DEBW112;2;8.9044;48.6456;466.0;2024-12-24;2024-12-24
DEBW112;3;8.90443;48.64561;466.0;2024-12-25;
DEBY002;1;12.18865;50.05819;480.0;2024-01-17;2024-12-22
DEBY002;2;12.1887;50.0582;480.0;2024-12-23;2024-12-24
DEBY002;3;12.18865;50.05819;480.0;2024-12-25;
DEBY004;1;9.17154;49.86942;124.0;2024-01-17;2024-12-22
DEBY004;2;9.1715;49.8694;124.0;2024-12-23;2024-12-24
DEBY004;3;9.17154;49.86942;124.0;2024-12-25;
DEBY005;1;9.11797;49.99151;134.0;2024-01-17;2024-12-23
DEBY005;2;9.118;49.9915;134.0;2024-12-24;2024-12-24
DEBY005;3;9.11797;49.99152;134.0;2024-12-25;
DEBY007;1;10.88837;48.37657;477.0;2024-01-17;2024-12-23
DEBY007;2;10.8884;48.3766;477.0;2024-12-24;2024-12-24
DEBY007;3;10.88837;48.37658;477.0;2024-12-25;
DEBY009;1;10.88768;49.89832;231.0;2024-01-17;2024-12-23
DEBY009;2;10.8877;49.8983;231.0;2024-12-24;2024-12-24
DEBY009;3;10.88769;49.89833;231.0;2024-12-25;
DEBY012;1;12.82931;48.17717;420.0;2024-01-17;2024-12-22
DEBY012;2;12.8293;48.1772;420.0;2024-12-23;2024-12-24
DEBY012;3;12.82931;48.17717;420.0;2024-12-25;
DEBY013;1;12.78138;48.18283;415.0;2024-01-17;2024-12-23
DEBY013;2;12.7814;48.1828;415.0;2024-12-24;2024-12-24
DEBY013;3;12.78139;48.18284;415.0;2024-12-25;
DEBY020;1;11.89749;50.32061;525.0;2024-01-17;2024-12-22
DEBY020;2;11.8975;50.3206;525.0;2024-12-23;2024-12-24
DEBY020;3;11.89749;50.32061;525.0;2024-12-25;
DEBY026;1;11.63833;48.76711;355.0;2024-01-17;2024-12-22
DEBY026;2;11.6383;48.7671;355.0;2024-12-23;2024-12-24
DEBY026;3;11.63833;48.76711;355.0;2024-12-25;
DEBY030;1;11.94879;48.90422;340.0;2024-01-17;2024-12-23
DEBY030;2;11.9488;48.9042;340.0;2024-12-24;2024-12-24
DEBY030;3;11.9488;48.90423;340.0;2024-12-25;
DEBY031;1;10.30656;47.72514;678.0;2024-01-17;2024-12-23
DEBY031;2;10.3066;47.7251;678.0;2024-12-24;2024-12-24
DEBY031;3;10.30655;47.72514;678.0;2024-12-25;
DEBY032;1;11.44259;50.10313;303.0;2024-01-17;2024-12-23
DEBY032;2;11.4426;50.1031;303.0;2024-12-24;2024-12-24
DEBY032;3;11.44259;50.10314;303.0;2024-12-25;
DEBY039;1;11.55466;48.15453;521.0;2024-01-17;2024-12-23
DEBY039;2;11.5547;48.1545;521.0;2024-12-24;2024-12-24
DEBY039;3;11.55467;48.15453;521.0;2024-12-25;
DEBY047;1;11.7216;50.32324;534.0;2024-01-17;2024-12-23
DEBY047;2;11.7216;50.3232;534.0;2024-12-24;2024-12-24
DEBY047;3;11.72161;50.32324;534.0;2024-12-25;
DEBY049;1;11.77781;48.85321;359.0;2024-01-17;2024-12-23
DEBY049;2;11.7778;48.8532;359.0;2024-12-24;2024-12-24
DEBY049;3;11.77782;48.85321;359.0;2024-12-25;
DEBY052;1;10.00829;48.39707;470.0;2024-01-17;2024-12-23
DEBY052;2;10.0083;48.3971;470.0;2024-12-24;2024-12-24
DEBY052;3;10.00829;48.39708;470.0;2024-12-25;
DEBY058;1;11.0248;49.46222;300.0;2024-01-17;2024-12-23
DEBY058;2;11.0248;49.4622;300.0;2024-12-24;2024-12-24
DEBY058;3;11.0248;49.46223;300.0;2024-12-25;
DEBY062;1;13.12893;48.9724;545.0;2024-01-17;2024-12-22
DEBY062;2;13.1289;48.9724;545.0;2024-12-23;2024-12-24
DEBY062;3;13.12893;48.9724;545.0;2024-12-25;
DEBY067;1;12.12813;49.32195;380.0;2024-01-17;2024-12-23
DEBY067;2;12.1281;49.322;380.0;2024-12-24;2024-12-24
DEBY067;3;12.12814;49.32196;380.0;2024-12-25;
DEBY068;1;10.23207;50.04839;231.0;2024-01-17;2024-12-23
DEBY068;2;10.2321;50.0484;231.0;2024-12-24;2024-12-24
DEBY068;3;10.23208;50.0484;231.0;2024-12-25;
DEBY072;1;12.54886;49.43846;755.0;2024-01-17;2024-12-23
DEBY072;2;12.5489;49.4385;755.0;2024-12-24;2024-12-24
DEBY072;3;12.54887;49.43846;755.0;2024-12-25;
DEBY075;1;12.15936;49.67895;400.0;2024-01-17;2024-12-22
DEBY075;2;12.1594;49.679;400.0;2024-12-23;2024-12-24
DEBY075;3;12.15936;49.67895;400.0;2024-12-25;
DEBY077;1;9.95642;49.80469;226.0;2024-01-17;2024-12-22
DEBY077;2;9.9564;49.8047;226.0;2024-12-23;2024-12-24
DEBY077;3;9.95642;49.80469;226.0;2024-12-25;
DEBY079;1;12.89124;47.73344;469.0;2024-01-17;2024-12-22
DEBY079;2;12.8912;47.7334;469.0;2024-12-23;2024-12-24
DEBY079;3;12.89124;47.73344;469.0;2024-12-25;
DEBY088;1;12.53817;48.02165;488.0;2024-01-17;2024-12-23
DEBY088;2;12.5382;48.0217;488.0;2024-12-24;2024-12-24
DEBY088;3;12.53817;48.02166;488.0;2024-12-25;
DEBY089;1;11.64803;48.17319;513.0;2024-01-17;2024-12-23
DEBY089;2;11.648;48.1732;513.0;2024-12-24;2024-12-24
DEBY089;3;11.64804;48.17319;513.0;2024-12-25;
DEBY093;1;11.78634;49.48798;393.0;2024-01-17;2024-12-22
DEBY093;2;11.7863;49.488;393.0;2024-12-23;2024-12-24
DEBY093;3;11.78634;49.48798;393.0;2024-12-25;
DEBY099;1;10.90305;48.32601;495.0;2024-01-17;2024-12-22
DEBY099;2;10.9031;48.326;495.0;2024-12-23;2024-12-24
DEBY099;3;10.90305;48.32601;495.0;2024-12-25;
DEBY109;1;11.22017;47.96875;700.0;2024-01-17;2024-12-22
DEBY109;2;11.2202;47.9688;700.0;2024-12-23;2024-12-24
DEBY109;3;11.22017;47.96875;700.0;2024-12-25;
DEBY113;1;10.96352;49.60591;284.0;2024-01-17;2024-12-23
DEBY113;2;10.9635;49.6059;284.0;2024-12-24;2024-12-24
DEBY113;3;10.96353;49.60591;284.0;2024-12-25;
DEBY118;1;13.42203;48.57362;300.0;2024-01-17;2024-12-23
DEBY118;2;13.422;48.5736;300.0;2024-12-24;2024-12-24
DEBY118;3;13.42204;48.57363;300.0;2024-12-25;
DEBY122;1;10.40423;47.51801;1169.0;2024-01-17;2024-06-07
DEBY122;2;10.43655;47.54107;1056.0;2024-06-08;2024-12-23
DEBY122;3;10.4366;47.5411;1056.0;2024-12-24;2024-12-24
DEBY122;4;10.43655;47.54108;1056.0;2024-12-25;
DEBY124;1;10.325;49.44405;362.0;2024-01-17;2024-12-23
DEBY124;2;10.32499;49.4441;362.0;2024-12-24;2024-12-24
DEBY124;3;10.32499;49.44406;362.0;2024-12-25;
DEBY187;1;10.59772;48.95218;417.0;2024-01-17;2024-12-22
DEBY187;2;10.5977;48.9522;417.0;2024-12-23;2024-12-24
DEBY187;3;10.59772;48.95218;417.0;2024-12-25;
DEBY188;1;11.02792;49.32273;344.0;2024-01-17;2024-12-22
DEBY188;2;11.0279;49.3227;344.0;2024-12-23;2024-12-24
DEBY188;3;11.02792;49.32273;344.0;2024-12-25;
DEBY189;1;11.46445;48.18169;510.0;2024-01-17;2024-12-22
DEBY189;2;11.4644;48.1817;510.0;2024-12-23;2024-12-24
DEBY189;3;11.46445;48.18169;510.0;2024-12-25;
DEBY196;1;11.05722;47.47706;732.0;2024-01-17;2024-12-22
DEBY196;2;11.0572;47.4771;732.0;2024-12-23;2024-12-24
DEBY196;3;11.05722;47.47706;732.0;2024-12-25;2025-12-21
DEBY196;4;11.05735;47.47701;732.0;2025-12-22;
DEBY199;1;10.62544;49.57845;333.0;2024-03-08;2024-12-23
DEBY199;2;10.6254;49.5785;333.0;2024-12-24;2024-12-24
DEBY199;3;10.62544;49.57846;333.0;2024-12-25;
DEHB001;1;8.81578;53.07715;10.0;2024-01-17;2024-12-22
DEHB001;2;8.81579;53.0772;10.0;2024-12-23;2024-12-24
DEHB001;3;8.81578;53.07715;10.0;2024-12-25;
DEHB002;1;8.91696;53.06004;7.0;2024-01-17;2024-12-22
DEHB002;2;8.917;53.06;7.0;2024-12-23;2024-12-24
DEHB002;3;8.91696;53.06004;7.0;2024-12-25;
DEHB004;1;8.62545;53.18094;20.0;2024-01-17;2024-12-23
DEHB004;2;8.6255;53.181;20.0;2024-12-24;2024-12-24
DEHB004;3;8.62546;53.18095;20.0;2024-12-25;
DEHB005;1;8.5694;53.56245;3.0;2024-01-17;2024-12-23
DEHB005;2;8.5694;53.5625;3.0;2024-12-24;2024-12-24
DEHB005;3;8.56941;53.56246;3.0;2024-12-25;
DEHB012;1;8.73506;53.13171;8.0;2024-01-17;2024-03-07
DEHB012;2;8.73504;53.12456;8.0;2024-03-08;2024-03-09
DEHB012;3;8.73506;53.13171;8.0;2024-03-10;2024-12-23
DEHB012;4;8.73509;53.1317;8.0;2024-12-24;2024-12-24
DEHB012;5;8.73506;53.13172;8.0;2024-12-25;
DEHE001;1;8.66461;49.8723;158.0;2024-01-17;2024-06-21
DEHE001;2;8.66461;49.8723;153.0;2024-06-22;2024-12-22
DEHE001;3;8.6646;49.8723;153.0;2024-12-23;2024-12-24
DEHE001;4;8.66461;49.8723;153.0;2024-12-25;
DEHE005;1;8.54251;50.10175;103.0;2024-01-17;2024-06-21
DEHE005;2;8.54251;50.10175;100.0;2024-06-22;2024-12-23
DEHE005;3;8.5425;50.1018;100.0;2024-12-24;2024-12-24
DEHE005;4;8.54252;50.10175;100.0;2024-12-25;
DEHE008;1;8.74634;50.12533;100.0;2024-01-17;2024-06-21
DEHE008;2;8.74634;50.12533;103.0;2024-06-22;2024-12-22
DEHE008;3;8.7463;50.1253;103.0;2024-12-23;2024-12-24
DEHE008;4;8.74634;50.12533;103.0;2024-12-25;
DEHE011;1;8.92156;50.13576;108.0;2024-01-17;2024-06-21
DEHE011;2;8.92156;50.13576;105.0;2024-06-22;2024-12-23
DEHE011;3;8.9216;50.1358;105.0;2024-12-24;2024-12-24
DEHE011;4;8.92156;50.13577;105.0;2024-12-25;
DEHE013;1;9.48339;51.31424;181.0;2024-01-17;2024-06-21
DEHE013;2;9.48339;51.31424;180.0;2024-06-22;2024-12-23
DEHE013;3;9.4834;51.3143;180.0;2024-12-24;2024-12-24
DEHE013;4;9.4834;51.31425;180.0;2024-12-25;
DEHE018;1;8.45152;50.01032;90.0;2024-01-17;2024-12-23
DEHE018;2;8.45149;50.0103;90.0;2024-12-24;2024-12-24
DEHE018;3;8.45153;50.01032;90.0;2024-12-25;
DEHE020;1;8.50061;50.56718;152.0;2024-01-17;2024-06-21
DEHE020;2;8.50061;50.56718;150.0;2024-06-22;2024-12-23
DEHE020;3;8.5006;50.5672;150.0;2024-12-24;2024-12-24
DEHE020;4;8.50062;50.56718;150.0;2024-12-25;
DEHE022;1;8.24494;50.05034;121.0;2024-01-17;2024-06-21
DEHE022;2;8.24494;50.05034;127.0;2024-06-22;2024-12-22
DEHE022;3;8.2449;50.0503;127.0;2024-12-23;2024-12-24
DEHE022;4;8.24494;50.05034;127.0;2024-12-25;
DEHE024;1;9.77458;51.29175;610.0;2024-01-17;2024-06-21
DEHE024;2;9.77458;51.29175;607.0;2024-06-22;2024-12-23
DEHE024;3;9.7746;51.2918;607.0;2024-12-24;2024-12-24
DEHE024;4;9.77459;51.29176;607.0;2024-12-25;
DEHE026;1;9.39944;50.16443;502.0;2024-01-17;2024-06-21
DEHE026;2;9.39944;50.16443;501.0;2024-06-22;2024-12-22
DEHE026;3;9.3994;50.1644;501.0;2024-12-23;2024-12-24
DEHE026;4;9.39944;50.16443;501.0;2024-12-25;
DEHE028;1;8.81725;49.65346;484.0;2024-01-17;2024-06-21
DEHE028;2;8.81725;49.65346;480.0;2024-06-22;2024-12-23
DEHE028;3;8.8172;49.6535;480.0;2024-12-24;2024-12-24
DEHE028;4;8.81725;49.65347;480.0;2024-12-25;
DEHE030;1;8.76932;50.80425;182.0;2024-01-17;2024-06-21
DEHE030;2;8.76932;50.80425;180.0;2024-06-22;2024-12-23
DEHE030;3;8.7693;50.8043;180.0;2024-12-24;2024-12-24
DEHE030;4;8.76932;50.80426;180.0;2024-12-25;
DEHE032;1;9.80026;50.97002;204.0;2024-01-17;2024-06-21
DEHE032;2;9.80026;50.97002;206.0;2024-06-22;2024-12-22
DEHE032;3;9.8003;50.97;206.0;2024-12-23;2024-12-24
DEHE032;4;9.80026;50.97002;206.0;2024-12-25;
DEHE039;1;9.4594;50.77038;491.0;2024-01-17;2024-06-21
DEHE039;2;9.4594;50.77038;490.0;2024-06-22;2024-12-22
DEHE039;3;9.4594;50.7704;490.0;2024-12-23;2024-12-24
DEHE039;4;9.4594;50.77038;490.0;2024-12-25;
DEHE042;1;8.68439;50.53296;172.0;2024-01-17;2024-06-21
DEHE042;2;8.68439;50.53296;171.0;2024-06-22;2024-12-23
DEHE042;3;8.6844;50.533;171.0;2024-12-24;2024-12-24
DEHE042;4;8.6844;50.53297;171.0;2024-12-25;
DEHE043;1;8.51679;49.82516;87.0;2024-01-17;2024-06-21
DEHE043;2;8.51679;49.82516;90.0;2024-06-22;2024-12-23
DEHE043;3;8.5168;49.8252;90.0;2024-12-24;2024-12-24
DEHE043;4;8.5168;49.82517;90.0;2024-12-25;
DEHE044;1;8.06099;50.38321;128.0;2024-01-17;2024-06-21
DEHE044;2;8.06099;50.38321;131.0;2024-06-22;2024-12-23
DEHE044;3;8.061;50.3832;131.0;2024-12-24;2024-12-24
DEHE044;4;8.061;50.38322;131.0;2024-12-25;
DEHE045;1;9.00198;49.6725;209.0;2024-01-17;2024-06-21
DEHE045;2;9.00198;49.6725;207.0;2024-06-22;2024-12-23
DEHE045;3;9.002;49.6725;207.0;2024-12-24;2024-12-24
DEHE045;4;9.00198;49.67251;207.0;2024-12-25;
DEHE050;1;9.27123;51.36075;489.0;2024-01-17;2024-06-21
DEHE050;2;9.27123;51.36075;470.0;2024-06-22;2024-12-23
DEHE050;3;9.2712;51.3608;470.0;2024-12-24;2024-12-24
DEHE050;4;9.27122;51.36076;470.0;2024-12-25;
DEHE051;1;9.93586;50.49771;931.0;2024-01-17;2024-06-21
DEHE051;2;9.93586;50.49771;950.0;2024-06-22;2024-12-22
DEHE051;3;9.9359;50.4977;950.0;2024-12-23;2024-12-24
DEHE051;4;9.93586;50.49771;950.0;2024-12-25;
DEHE052;1;8.44607;50.22194;811.0;2024-01-17;2024-06-21
DEHE052;2;8.44607;50.22194;824.0;2024-06-22;2024-12-23
DEHE052;3;8.4461;50.2219;824.0;2024-12-24;2024-12-24
DEHE052;4;8.44608;50.22194;824.0;2024-12-25;
DEHE060;1;9.03175;51.15484;483.0;2024-01-17;2024-06-21
DEHE060;2;9.03175;51.15484;462.0;2024-06-22;2024-12-22
DEHE060;3;9.0318;51.1548;462.0;2024-12-23;2024-12-24
DEHE060;4;9.03175;51.15484;462.0;2024-12-25;
DEHE134;1;9.68016;50.54638;271.0;2024-01-17;2024-06-21
DEHE134;2;9.68016;50.54638;270.0;2024-06-22;2024-12-23
DEHE134;3;9.68019;50.5464;270.0;2024-12-24;2024-12-24
DEHE134;4;9.68017;50.54638;270.0;2024-12-25;
DEHE135;1;8.5763;50.07546;94.0;2024-01-17;2024-12-23
DEHE135;2;8.5763;50.0755;94.0;2024-12-24;2024-12-24
DEHE135;3;8.57631;50.07546;94.0;2024-12-25;
DEHH008;1;9.96788;53.56414;15.0;2024-01-17;2024-12-23
DEHH008;2;9.9679;53.5641;15.0;2024-12-24;2024-12-24
DEHH008;3;9.96787;53.56414;15.0;2024-12-25;
DEHH047;1;10.11059;53.63074;31.0;2024-01-17;2024-12-23
DEHH047;2;10.1106;53.6307;31.0;2024-12-24;2024-12-24
DEHH047;3;10.1106;53.63074;31.0;2024-12-25;
DEHH050;1;9.85722;53.48092;3.0;2024-01-17;2024-12-23
DEHH050;2;9.8572;53.4809;3.0;2024-12-24;2024-12-24
DEHH050;3;9.85722;53.48093;3.0;2024-12-25;
DEHH059;1;9.99056;53.50792;3.0;2024-01-17;2024-12-23
DEHH059;2;9.9906;53.5079;3.0;2024-12-24;2024-12-24
DEHH059;3;9.99057;53.50793;3.0;2024-12-25;
DEHH079;1;9.94481;53.54526;25.0;2024-01-17;2024-12-23
DEHH079;2;9.9448;53.5453;25.0;2024-12-24;2024-12-24
DEHH079;3;9.94482;53.54527;25.0;2024-12-25;
DEHH081;1;9.9816;53.52916;6.0;2026-03-20;
DEHH082;1;9.96139;53.6222;12.0;2026-03-20;
DEHH083;1;10.1164;53.6828;14.0;2026-03-20;
DEMV004;1;12.0647;53.81777;17.0;2024-01-17;2024-12-23
DEMV004;2;12.0647;53.8178;17.0;2024-12-24;2024-12-24
DEMV004;3;12.06471;53.81777;17.0;2024-12-25;
DEMV007;1;12.1741;54.16155;5.0;2024-01-17;2024-12-23
DEMV007;2;12.17411;54.16155;5.0;2024-12-24;
DEMV012;1;14.2574;53.52045;17.0;2024-01-17;2024-12-23
DEMV012;2;14.2574;53.5205;17.0;2024-12-24;2024-12-24
DEMV012;3;14.25741;53.52046;17.0;2024-12-25;
DEMV017;1;11.36296;53.30235;25.0;2024-01-17;2024-06-07
DEMV017;2;11.3733;53.30739;25.0;2024-06-08;2024-12-23
DEMV017;3;11.3733;53.3074;25.0;2024-12-24;
DEMV019;1;12.17551;53.78175;17.0;2024-01-17;2024-12-22
DEMV019;2;12.1755;53.7818;17.0;2024-12-23;2024-12-24
DEMV019;3;12.17551;53.78175;17.0;2024-12-25;
DEMV021;1;12.08;54.17133;2.0;2024-01-17;2024-12-22
DEMV021;2;12.08;54.1713;2.0;2024-12-23;2024-12-23
DEMV021;3;12.08;54.17133;2.0;2024-12-24;
DEMV024;1;12.46392;53.39634;116.0;2024-01-17;2024-12-23
DEMV024;2;12.4639;53.3963;116.0;2024-12-24;2024-12-24
DEMV024;3;12.46393;53.39635;116.0;2024-12-25;
DEMV026;1;13.34213;54.32351;17.0;2024-01-17;2024-12-23
DEMV026;2;13.3421;54.3235;17.0;2024-12-24;2024-12-24
DEMV026;3;13.34214;54.32351;17.0;2024-12-25;
DEMV028;1;11.47596;53.90226;5.0;2024-01-17;2024-12-22
DEMV028;2;11.476;53.9023;5.0;2024-12-23;2024-12-24
DEMV028;3;11.47596;53.90226;5.0;2024-12-25;
DEMV060;1;13.2682;53.5461;12.0;2025-03-10;
DENI011;1;10.47363;52.22693;98.0;2024-01-17;2024-12-23
DENI011;2;10.47359;52.2269;98.0;2024-12-24;2024-12-24
DENI011;3;10.47364;52.22694;98.0;2024-12-25;
DENI016;1;10.48132;51.90158;208.0;2024-01-17;2024-12-22
DENI016;2;10.48129;51.9016;208.0;2024-12-23;2024-12-24
DENI016;3;10.48132;51.90158;208.0;2024-12-25;
DENI020;1;10.81638;52.44081;66.0;2024-01-17;2024-12-22
DENI020;2;10.8164;52.4408;66.0;2024-12-23;2024-12-23
DENI020;3;10.81638;52.44081;66.0;2024-12-24;
DENI028;1;10.23854;51.50758;185.0;2024-01-17;2024-12-22
DENI028;2;10.2385;51.5076;185.0;2024-12-23;2024-12-24
DENI028;3;10.23854;51.50758;185.0;2024-12-25;
DENI029;1;7.20726;53.36235;1.0;2024-01-17;2024-12-22
DENI029;2;7.2073;53.3623;1.0;2024-12-23;2024-12-23
DENI029;3;7.20726;53.36235;1.0;2024-12-24;
DENI031;1;8.09059;53.59616;2.0;2024-01-17;2024-12-23
DENI031;2;8.0906;53.5962;2.0;2024-12-24;2024-12-24
DENI031;3;8.09059;53.59617;2.0;2024-12-25;
DENI038;1;8.05286;52.25533;95.0;2024-01-17;2024-12-23
DENI038;2;8.05289;52.2553;95.0;2024-12-24;2024-12-24
DENI038;3;8.05286;52.25534;95.0;2024-12-25;
DENI041;1;9.06255;52.17017;54.0;2024-01-17;2024-12-22
DENI041;2;9.0625;52.1702;54.0;2024-12-23;2024-12-24
DENI041;3;9.06255;52.17017;54.0;2024-12-25;
DENI042;1;9.94976;51.55107;170.0;2024-01-17;2024-12-22
DENI042;2;9.9498;51.5511;170.0;2024-12-23;2024-12-24
DENI042;3;9.94976;51.55107;170.0;2024-12-25;
DENI043;1;7.31747;52.49855;30.0;2024-01-17;2024-12-22
DENI043;2;7.3175;52.4986;30.0;2024-12-23;2024-12-24
DENI043;3;7.31747;52.49855;30.0;2024-12-25;
DENI051;1;10.61247;51.75816;939.0;2024-01-17;2024-12-23
DENI051;2;10.6125;51.7582;939.0;2024-12-24;2024-12-24
DENI051;3;10.61248;51.75816;939.0;2024-12-25;
DENI052;1;9.62295;52.82942;38.0;2024-01-17;2024-12-23
DENI052;2;9.6229;52.8294;38.0;2024-12-24;2024-12-24
DENI052;3;9.62295;52.82943;38.0;2024-12-25;
DENI054;1;9.70612;52.36292;85.0;2024-01-17;2024-12-22
DENI054;2;9.70609;52.3629;85.0;2024-12-23;2024-12-24
DENI054;3;9.70612;52.36292;85.0;2024-12-25;
DENI058;1;7.21398;53.7153;5.0;2024-01-17;2024-12-22
DENI058;2;7.214;53.7153;5.0;2024-12-23;2024-12-24
DENI058;3;7.21398;53.7153;5.0;2024-12-25;
DENI059;1;8.80122;53.83017;3.0;2024-01-17;2024-12-22
DENI059;2;8.8012;53.8302;3.0;2024-12-23;2024-12-24
DENI059;3;8.80122;53.83017;3.0;2024-12-25;
DENI060;1;11.16705;52.95702;16.0;2024-01-17;2024-12-22
DENI060;2;11.167;52.957;16.0;2024-12-23;2024-12-24
DENI060;3;11.16705;52.95702;16.0;2024-12-25;
DENI062;1;10.4565;53.24696;47.0;2024-01-17;2024-12-22
DENI062;2;10.4565;53.247;47.0;2024-12-23;2024-12-24
DENI062;3;10.4565;53.24696;47.0;2024-12-25;
DENI063;1;9.68502;53.52417;3.0;2024-01-17;2024-12-22
DENI063;2;9.685;53.5242;3.0;2024-12-23;2024-12-24
DENI063;3;9.68502;53.52418;3.0;2024-12-25;
DENI077;1;9.55462;51.70884;295.0;2024-01-17;2024-12-22
DENI077;2;9.5546;51.7088;295.0;2024-12-23;2024-12-24
DENI077;3;9.55462;51.70884;295.0;2024-12-25;
DENW002;1;7.3314;51.64137;56.0;2024-01-17;2024-12-23
DENW002;2;7.3314;51.6414;56.0;2024-12-24;2024-12-24
DENW002;3;7.33141;51.64138;56.0;2024-12-25;
DENW006;1;7.56976;51.5922;59.0;2024-01-17;2024-12-23
DENW006;2;7.5698;51.5922;59.0;2024-12-24;2024-12-24
DENW006;3;7.56976;51.59221;59.0;2024-12-25;
DENW008;1;7.4574;51.53689;71.0;2024-01-17;2024-12-23
DENW008;2;7.4574;51.5369;71.0;2024-12-24;2024-12-24
DENW008;3;7.45741;51.53689;71.0;2024-12-25;
DENW010;1;7.69378;51.54747;76.0;2024-01-17;2024-12-23
DENW010;2;7.69379;51.54748;76.0;2024-12-24;
DENW015;1;7.12268;51.69895;37.0;2024-01-17;2024-12-22
DENW015;2;7.1227;51.699;37.0;2024-12-23;2024-12-24
DENW015;3;7.12268;51.69895;37.0;2024-12-25;
DENW022;1;7.10186;51.53363;30.0;2024-01-17;2024-12-23
DENW022;2;7.1019;51.5336;30.0;2024-12-24;2024-12-24
DENW022;3;7.10187;51.53364;30.0;2024-12-25;
DENW024;1;6.98099;51.49654;40.0;2024-01-17;2024-12-22
DENW024;2;6.981;51.4965;40.0;2024-12-23;2024-12-24
DENW024;3;6.98099;51.49654;40.0;2024-12-25;
DENW029;1;7.20854;51.403;95.0;2024-01-17;2024-12-23
DENW029;2;7.2085;51.403;95.0;2024-12-24;2024-12-24
DENW029;3;7.20855;51.40301;95.0;2024-12-25;
DENW038;1;6.86505;51.45345;39.0;2024-01-17;2024-12-23
DENW038;2;6.8651;51.4535;39.0;2024-12-24;2024-12-24
DENW038;3;6.86505;51.45346;39.0;2024-12-25;
DENW040;1;6.76297;51.38525;35.0;2024-01-17;2024-12-23
DENW040;2;6.763;51.3853;35.0;2024-12-24;2024-12-24
DENW040;3;6.76297;51.38526;35.0;2024-12-25;
DENW042;1;6.64024;51.33766;36.0;2024-01-17;2024-12-22
DENW042;2;6.6402;51.3377;36.0;2024-12-23;2024-12-24
DENW042;3;6.64024;51.33767;36.0;2024-12-25;
DENW053;1;6.88457;51.01933;46.0;2024-01-17;2024-12-23
DENW053;2;6.8846;51.0193;46.0;2024-12-24;2024-12-24
DENW053;3;6.88457;51.01934;46.0;2024-12-25;
DENW059;1;6.98507;50.88987;50.0;2024-01-17;2024-12-22
DENW059;2;6.9851;50.8899;50.0;2024-12-23;2024-12-24
DENW059;3;6.98507;50.88987;50.0;2024-12-25;
DENW062;1;7.08264;50.75362;60.0;2024-01-17;2024-12-23
DENW062;2;7.0827;50.7536;60.0;2024-12-24;2024-12-24
DENW062;3;7.08265;50.75363;60.0;2024-12-25;
DENW064;1;6.281;50.65323;580.0;2024-01-17;2024-12-23
DENW064;2;6.281;50.6532;580.0;2024-12-24;2024-12-24
DENW064;3;6.28101;50.65323;580.0;2024-12-25;
DENW065;1;8.1919;50.93032;641.0;2024-01-17;2024-12-23
DENW065;2;8.1919;50.9303;641.0;2024-12-24;2024-12-24
DENW065;3;8.19191;50.93033;641.0;2024-12-25;
DENW066;1;6.19583;51.32693;47.0;2024-01-17;2024-12-22
DENW066;2;6.1958;51.3269;47.0;2024-12-23;2024-12-24
DENW066;3;6.19583;51.32693;47.0;2024-12-25;
DENW067;1;8.54836;52.02315;106.0;2024-01-17;2024-12-22
DENW067;2;8.5484;52.0232;106.0;2024-12-23;2024-12-24
DENW067;3;8.54836;52.02315;106.0;2024-12-25;
DENW068;1;8.14802;51.57067;108.0;2024-01-17;2024-12-22
DENW068;2;8.148;51.5707;108.0;2024-12-23;2024-12-24
DENW068;3;8.14802;51.57067;108.0;2024-12-25;
DENW071;1;6.73235;51.24921;38.0;2024-01-17;2024-12-22
DENW071;2;6.7324;51.2492;38.0;2024-12-23;2024-12-24
DENW071;3;6.73235;51.24921;38.0;2024-12-25;
DENW078;1;6.81988;51.30339;42.0;2024-01-17;2024-12-23
DENW078;2;6.8199;51.3034;42.0;2024-12-24;2024-12-24
DENW078;3;6.81989;51.30339;42.0;2024-12-25;
DENW079;1;7.00497;51.02893;50.0;2024-01-17;2024-12-23
DENW079;2;7.005;51.0289;50.0;2024-12-24;2024-12-24
DENW079;3;7.00498;51.02893;50.0;2024-12-25;
DENW080;1;7.05257;51.18378;208.0;2024-01-17;2024-12-22
DENW080;2;7.0526;51.1838;208.0;2024-12-23;2024-12-24
DENW080;3;7.05257;51.18378;208.0;2024-12-25;
DENW081;1;6.87446;51.86204;44.0;2024-01-17;2024-12-23
DENW081;2;6.8745;51.862;44.0;2024-12-24;2024-12-24
DENW081;3;6.87447;51.86204;44.0;2024-12-25;
DENW094;1;6.09382;50.75472;200.0;2024-01-17;2024-12-22
DENW094;2;6.0938;50.7547;200.0;2024-12-23;2024-12-24
DENW094;3;6.09383;50.75473;200.0;2024-12-25;
DENW095;1;7.61158;51.93653;64.0;2024-01-17;2024-12-23
DENW095;2;7.61158;51.93654;64.0;2024-12-24;
DENW096;1;6.42561;51.1546;83.0;2024-01-17;2024-12-23
DENW096;2;6.4256;51.1546;83.0;2024-12-24;2024-12-24
DENW096;3;6.42561;51.15461;83.0;2024-12-25;
DENW114;1;7.23185;51.27761;186.0;2024-01-17;2024-12-22
DENW114;2;7.2318;51.2776;186.0;2024-12-23;2024-12-24
DENW114;3;7.23185;51.27761;186.0;2024-12-25;
DENW179;1;7.58224;51.44879;118.0;2024-01-17;2024-12-23
DENW179;2;7.5823;51.4488;118.0;2024-12-24;2024-12-24
DENW179;3;7.58225;51.4488;118.0;2024-12-25;
DENW247;1;6.96558;51.40684;155.0;2024-01-17;2024-12-22
DENW247;2;6.9656;51.4068;155.0;2024-12-23;2024-12-24
DENW247;3;6.96559;51.40685;155.0;2024-12-25;
DENW405;1;6.65512;51.67354;24.0;2024-01-17;2024-12-22
DENW405;2;6.6551;51.6735;24.0;2024-12-23;2024-12-24
DENW405;3;6.65512;51.67355;24.0;2024-12-25;
DENW431;1;6.74429;51.27743;40.0;2025-03-10;
DERP001;1;8.40233;49.51495;91.0;2024-01-17;2024-12-23
DERP001;2;8.4023;49.515;91.0;2024-12-24;2024-12-24
DERP001;3;8.40232;49.51496;91.0;2024-12-25;
DERP007;1;8.2168;50.01755;115.0;2024-01-17;2024-12-23
DERP007;2;8.21679;50.0175;115.0;2024-12-24;2024-12-24
DERP007;3;8.21679;50.01755;115.0;2024-12-25;
DERP009;1;8.27397;49.99501;100.0;2024-01-17;2024-12-23
DERP009;2;8.27399;49.995;100.0;2024-12-24;2024-12-24
DERP009;3;8.27398;49.99502;100.0;2024-12-25;
DERP013;1;7.29354;49.42311;460.0;2024-01-17;2024-12-23
DERP013;2;7.2935;49.4231;460.0;2024-12-24;2024-12-24
DERP013;3;7.29354;49.42312;460.0;2024-12-25;
DERP014;1;7.19341;49.74089;650.0;2024-01-17;2024-12-23
DERP014;2;7.1934;49.7409;650.0;2024-12-24;2024-12-24
DERP014;3;7.19341;49.7409;650.0;2024-12-25;
DERP015;1;6.37808;50.26654;680.0;2024-01-17;2024-12-23
DERP015;2;6.3781;50.2666;680.0;2024-12-24;2024-12-24
DERP015;3;6.37808;50.26655;680.0;2024-12-25;
DERP016;1;7.97354;50.76681;480.0;2024-01-17;2024-12-23
DERP016;2;7.9735;50.7668;480.0;2024-12-24;2024-12-24
DERP016;3;7.97354;50.76682;480.0;2024-12-25;
DERP017;1;7.8264;49.27026;600.0;2024-01-17;2024-12-23
DERP017;2;7.8264;49.2703;600.0;2024-12-24;2024-12-24
DERP017;3;7.82641;49.27026;600.0;2024-12-25;
DERP019;1;7.7673;49.44599;232.0;2024-01-17;2024-12-23
DERP019;2;7.7673;49.446;232.0;2024-12-24;
DERP021;1;7.48137;50.42468;65.0;2024-01-17;2024-12-23
DERP021;2;7.4814;50.4247;65.0;2024-12-24;2024-12-24
DERP021;3;7.48138;50.42468;65.0;2024-12-25;
DERP022;1;7.86622;49.84122;108.0;2024-01-17;2024-12-22
DERP022;2;7.8662;49.8412;108.0;2024-12-23;2024-12-24
DERP022;3;7.86622;49.84122;108.0;2024-12-25;
DERP025;1;8.25353;49.05228;115.0;2024-01-17;2024-12-22
DERP025;2;8.2535;49.0523;115.0;2024-12-23;2024-12-24
DERP025;3;8.25353;49.05228;115.0;2024-12-25;
DERP028;1;7.7299;50.42428;540.0;2024-01-17;2024-12-23
DERP028;2;7.7299;50.4243;540.0;2024-12-24;2024-12-24
DERP028;3;7.72991;50.42429;540.0;2024-12-25;
DERP053;1;8.423;49.35112;103.0;2024-01-17;2024-12-22
DERP053;2;8.423;49.3511;103.0;2024-12-23;2024-12-24
DERP053;3;8.423;49.35112;103.0;2024-12-25;
DERP060;1;7.61457;49.19199;378.0;2024-01-17;2024-12-23
DERP060;2;7.6146;49.192;378.0;2024-12-24;2024-12-24
DERP060;3;7.61457;49.192;378.0;2024-12-25;
DESH001;1;9.58587;53.67055;8.0;2024-01-17;2024-12-22
DESH001;2;9.5859;53.6705;8.0;2024-12-23;2024-12-24
DESH001;3;9.58587;53.67055;8.0;2024-12-25;
DESH008;1;10.24059;54.09322;45.0;2024-01-17;2024-12-23
DESH008;2;10.2406;54.0932;45.0;2024-12-24;2024-12-24
DESH008;3;10.2406;54.09323;45.0;2024-12-25;
DESH013;1;11.21599;54.41298;2.0;2024-01-17;2024-12-23
DESH013;2;11.216;54.413;2.0;2024-12-24;2024-12-24
DESH013;3;11.21599;54.41299;2.0;2024-12-25;
DESH014;1;8.60347;54.32781;2.0;2024-01-17;2024-12-22
DESH014;2;8.6035;54.3278;2.0;2024-12-23;2024-12-24
DESH014;3;8.60347;54.32781;2.0;2024-12-25;
DESH015;1;9.5303;53.92441;40.0;2024-01-17;2024-03-07
DESH015;2;9.53263;53.92471;40.0;2024-03-08;2024-03-09
DESH015;3;9.5303;53.92441;40.0;2024-03-10;2024-12-23
DESH015;4;9.5303;53.9244;40.0;2024-12-24;2024-12-24
DESH015;5;9.5303;53.92442;40.0;2024-12-25;
DESH016;1;10.21487;53.57058;42.0;2024-01-17;2024-12-22
DESH016;2;10.2149;53.5706;42.0;2024-12-23;2024-12-24
DESH016;3;10.21487;53.57058;42.0;2024-12-25;
DESH023;1;10.69593;53.83549;12.0;2024-01-17;2024-12-23
DESH023;2;10.6959;53.8355;12.0;2024-12-24;2024-12-24
DESH023;3;10.69594;53.83549;12.0;2024-12-25;
DESH035;1;9.1569;53.89611;0.0;2024-01-17;2024-12-23
DESH035;2;9.1569;53.8961;0.0;2024-12-24;2024-12-24
DESH035;3;9.15691;53.89612;0.0;2024-12-25;
DESH056;1;9.36367;54.61666;14.0;2024-01-17;2024-12-23
DESH056;2;9.3637;54.6167;14.0;2024-12-24;2024-12-24
DESH056;3;9.36367;54.61667;14.0;2024-12-25;
DESH057;1;10.1056;54.34761;30.0;2024-01-17;2024-12-22
DESH057;2;10.1056;54.3476;30.0;2024-12-23;2024-12-24
DESH057;3;10.1056;54.34761;30.0;2024-12-25;
DESH058;1;10.54052;53.38233;37.0;2024-01-17;2024-12-23
DESH058;2;10.5405;53.3823;37.0;2024-12-24;2024-12-24
DESH058;3;10.54052;53.38234;37.0;2024-12-25;
DESL006;1;6.74485;49.1836;221.0;2024-01-17;2024-12-23
DESL006;2;6.7449;49.1836;221.0;2024-12-24;2024-12-24
DESL006;3;6.74486;49.18361;221.0;2024-12-25;
DESL011;1;7.03632;49.23722;315.0;2024-01-17;2024-12-23
DESL011;2;7.0363;49.2372;315.0;2024-12-24;2024-12-24
DESL011;3;7.03632;49.23723;315.0;2024-12-25;
DESL012;1;6.9876;49.23346;192.0;2024-01-17;2024-12-22
DESL012;2;6.9876;49.2335;192.0;2024-12-23;2024-12-24
DESL012;3;6.9876;49.23346;192.0;2024-12-25;
DESL013;1;6.75363;49.32264;181.0;2024-01-17;2024-12-23
DESL013;2;6.7536;49.3227;181.0;2024-12-24;2024-12-24
DESL013;3;6.75364;49.32265;181.0;2024-12-25;
DESL017;1;6.86774;49.25434;189.0;2024-01-17;2024-12-22
DESL017;2;6.8677;49.2543;189.0;2024-12-23;2024-12-24
DESL017;3;6.86774;49.25434;189.0;2024-12-25;
DESL019;1;6.55203;49.41688;339.0;2024-01-17;2024-12-23
DESL019;2;6.552;49.4169;339.0;2024-12-24;2024-12-24
DESL019;3;6.55204;49.41688;339.0;2024-12-25;
DESN001;1;12.99727;50.57087;545.0;2024-01-17;2024-12-23
DESN001;2;12.9973;50.5709;545.0;2024-12-24;2024-12-24
DESN001;3;12.99728;50.57087;545.0;2024-12-25;
DESN004;1;14.44377;51.17566;203.0;2024-01-17;2024-12-23
DESN004;2;14.4438;51.1757;203.0;2024-12-24;2024-12-24
DESN004;3;14.44377;51.17567;203.0;2024-12-25;
DESN024;1;12.46873;50.35478;540.0;2024-01-17;2024-12-23
DESN024;2;12.4687;50.3548;540.0;2024-12-24;2024-12-24
DESN024;3;12.46874;50.35478;540.0;2024-12-25;
DESN045;1;14.82284;50.89237;230.0;2024-01-17;2024-12-23
DESN045;2;14.8229;50.8924;230.0;2024-12-24;2024-12-24
DESN045;3;14.82285;50.89238;230.0;2024-12-25;
DESN049;1;12.61112;50.43132;896.0;2024-01-17;2024-12-23
DESN049;2;12.6111;50.4313;896.0;2024-12-24;2024-12-24
DESN049;3;12.61113;50.43132;896.0;2024-12-25;
DESN051;1;13.675;51.11951;246.0;2024-01-17;2024-12-23
DESN051;2;13.675;51.1195;246.0;2024-12-24;2024-12-24
DESN051;3;13.67501;51.11951;246.0;2024-12-25;
DESN052;1;13.75145;50.73147;877.0;2024-01-17;2024-12-23
DESN052;2;13.7515;50.7315;877.0;2024-12-24;2024-12-24
DESN052;3;13.75145;50.73148;877.0;2024-12-25;
DESN053;1;12.95345;50.42848;1214.0;2024-01-17;2024-12-23
DESN053;2;12.9535;50.4285;1214.0;2024-12-24;2024-12-24
DESN053;3;12.95346;50.42849;1214.0;2024-12-25;
DESN059;1;12.29741;51.3179;115.0;2024-01-17;2024-12-23
DESN059;2;12.2974;51.3179;115.0;2024-12-24;2024-12-24
DESN059;3;12.29741;51.31791;115.0;2024-12-25;
DESN074;1;13.46507;50.65909;785.0;2024-01-17;2024-12-23
DESN074;2;13.4651;50.6591;785.0;2024-12-24;2024-12-24
DESN074;3;13.46508;50.6591;785.0;2024-12-25;
DESN079;1;14.74973;51.28535;148.0;2024-01-17;2024-12-23
DESN079;2;14.7497;51.2854;148.0;2024-12-24;2024-12-24
DESN079;3;14.74973;51.28536;148.0;2024-12-25;
DESN080;1;12.23405;51.39609;122.0;2024-01-17;2024-12-22
DESN080;2;12.234;51.3961;122.0;2024-12-23;2024-12-24
DESN080;3;12.23405;51.39609;122.0;2024-12-25;
DESN092;1;13.7302;51.0361;112.0;2024-01-17;2024-12-24
DESN092;2;13.73021;51.03611;112.0;2024-12-25;
DESN093;1;12.21111;50.60813;430.0;2024-01-17;2024-12-23
DESN093;2;12.2111;50.6081;430.0;2024-12-24;2024-12-24
DESN093;3;12.21111;50.60814;430.0;2024-12-25;
DESN104;1;12.95936;50.85518;318.0;2024-01-17;2024-12-23
DESN104;2;12.9594;50.8552;318.0;2024-12-24;2024-12-24
DESN104;3;12.95937;50.85519;318.0;2024-12-25;
DESN130;1;13.13219;51.35258;198.0;2024-03-08;2024-12-23
DESN130;2;13.1322;51.3526;198.0;2024-12-24;2024-12-24
DESN130;3;13.1322;51.35258;198.0;2024-12-25;
DEST002;1;11.86476;52.26835;47.0;2024-01-17;2024-12-22
DEST002;2;11.8648;52.2683;47.0;2024-12-23;2024-12-24
DEST002;3;11.86476;52.26835;47.0;2024-12-25;
DEST011;1;10.79014;51.83938;235.0;2024-01-17;2024-12-22
DEST011;2;10.7901;51.8394;235.0;2024-12-23;2024-12-24
DEST011;3;10.79014;51.83938;235.0;2024-12-25;
DEST028;1;12.14132;51.05455;156.0;2024-01-17;2024-12-23
DEST028;2;12.1413;51.0546;156.0;2024-12-24;2024-12-24
DEST028;3;12.14132;51.05456;156.0;2024-12-25;
DEST029;1;11.73896;51.80353;60.0;2024-01-17;2024-12-22
DEST029;2;11.739;51.8035;60.0;2024-12-23;2024-12-24
DEST029;3;11.73896;51.80353;60.0;2024-12-25;
DEST039;1;10.61827;51.79862;1130.0;2024-10-05;2024-12-23
DEST039;2;10.6183;51.7986;1130.0;2024-12-24;2024-12-24
DEST039;3;10.61828;51.79863;1130.0;2024-12-25;
DEST044;1;11.05744;51.89698;120.0;2024-01-17;2024-12-22
DEST044;2;11.0574;51.897;120.0;2024-12-23;2024-12-24
DEST044;3;11.05744;51.89698;120.0;2024-12-25;
DEST050;1;11.97905;51.49618;116.0;2024-01-17;2024-12-23
DEST050;2;11.9791;51.4962;116.0;2024-12-24;2024-12-24
DEST050;3;11.97906;51.49619;116.0;2024-12-25;
DEST066;1;12.66366;51.87085;71.0;2024-01-17;2024-12-22
DEST066;2;12.6637;51.8708;71.0;2024-12-23;2024-12-24
DEST066;3;12.66366;51.87085;71.0;2024-12-25;
DEST077;1;11.61146;52.12789;58.0;2024-01-17;2024-12-23
DEST077;2;11.6115;52.1279;58.0;2024-12-24;2024-12-24
DEST077;3;11.61146;52.1279;58.0;2024-12-25;
DEST089;1;11.17232;52.59313;95.0;2024-01-17;2024-12-23
DEST089;2;11.1723;52.5931;95.0;2024-12-24;2024-12-24
DEST089;3;11.17233;52.59314;95.0;2024-12-25;
DEST098;1;11.04338;51.66243;419.0;2024-01-17;2024-12-18
DEST098;2;11.0434;51.6624;419.0;2024-12-19;2024-12-24
DEST098;3;11.04339;51.66243;419.0;2024-12-25;
DEST104;1;11.89141;51.8373;72.0;2024-01-17;2024-12-23
DEST104;2;11.8914;51.8373;72.0;2024-12-24;2024-12-24
DEST104;3;11.89141;51.83731;72.0;2024-12-25;
DEST105;1;11.85027;52.60205;35.0;2024-01-17;2024-12-23
DEST105;2;11.8503;52.6021;35.0;2024-12-24;2024-12-24
DEST105;3;11.85027;52.60206;35.0;2024-12-25;
DEST106;1;11.09107;51.45607;143.0;2024-04-17;2024-12-23
DEST106;2;11.0911;51.4561;143.0;2024-12-24;2024-12-24
DEST106;3;11.09108;51.45607;143.0;2024-12-25;
DETH005;1;11.36887;50.65118;210.0;2024-01-17;2024-12-23
DETH005;2;11.3689;50.6512;210.0;2024-12-24;2024-12-24
DETH005;3;11.36888;50.65118;210.0;2024-12-25;
DETH009;1;12.0749;50.87792;190.0;2024-01-17;2024-12-22
DETH009;2;12.0749;50.8779;190.0;2024-12-23;2024-12-24
DETH009;3;12.0749;50.87792;190.0;2024-12-25;
DETH011;1;12.43762;50.98775;185.0;2024-01-17;2024-12-23
DETH011;2;12.4376;50.9878;185.0;2024-12-24;2024-12-24
DETH011;3;12.43762;50.98776;185.0;2024-12-25;
DETH013;1;10.31723;50.97829;210.0;2024-01-17;2024-12-23
DETH013;2;10.3172;50.9783;210.0;2024-12-24;2024-12-24
DETH013;3;10.31724;50.97829;210.0;2024-12-25;
DETH018;1;10.7914;51.49719;185.0;2024-01-17;2024-12-22
DETH018;2;10.7914;51.4972;185.0;2024-12-23;2024-12-24
DETH018;3;10.7914;51.49719;185.0;2024-12-25;
DETH020;1;11.03792;50.97945;195.0;2024-01-17;2024-12-23
DETH020;2;11.0379;50.9795;195.0;2024-12-24;2024-12-24
DETH020;3;11.03792;50.97946;195.0;2024-12-25;
DETH026;1;10.37529;50.56175;450.0;2024-01-17;2024-12-22
DETH026;2;10.37529;50.5618;450.0;2024-12-23;2024-12-24
DETH026;3;10.37529;50.56175;450.0;2024-12-25;
DETH027;1;11.13459;50.49995;840.0;2024-01-17;2024-12-22
DETH027;2;11.1346;50.4999;840.0;2024-12-23;2024-12-24
DETH027;3;11.13459;50.49995;840.0;2024-12-25;
DETH036;1;12.20519;50.65586;265.0;2024-01-17;2024-12-23
DETH036;2;12.2052;50.6559;265.0;2024-12-24;2024-12-24
DETH036;3;12.2052;50.65586;265.0;2024-12-25;
DETH041;1;11.59706;50.93351;140.0;2024-01-17;2024-12-22
DETH041;2;11.5971;50.9335;140.0;2024-12-23;2024-12-24
DETH041;3;11.59706;50.93351;140.0;2024-12-25;
DETH042;1;10.86718;51.33333;420.0;2024-01-17;2024-12-23
DETH042;2;10.8672;51.3333;420.0;2024-12-24;2024-12-24
DETH042;3;10.86719;51.33333;420.0;2024-12-25;
DETH061;1;11.66123;50.79161;357.0;2024-01-17;2024-12-23
DETH061;2;11.6612;50.7916;357.0;2024-12-24;2024-12-24
DETH061;3;11.66123;50.79162;357.0;2024-12-25;
DETH093;1;11.32101;50.98218;224.0;2024-01-17;2024-12-23
DETH093;2;11.321;50.9822;224.0;2024-12-24;2024-12-24
DETH093;3;11.32102;50.98219;224.0;2024-12-25;
DETH095;1;10.45099;51.20794;215.0;2024-01-17;2024-12-23
DETH095;2;10.451;51.2079;215.0;2024-12-24;2024-12-24
DETH095;3;10.451;51.20794;215.0;2024-12-25;
DETH117;1;11.05657;50.99312;196.0;2024-01-17;2024-12-23
DETH117;2;11.0566;50.9931;196.0;2024-12-24;2024-12-24
DETH117;3;11.05658;50.99313;196.0;2024-12-25;
DEUB001;1;8.3082;54.92496;12.0;2024-01-17;2024-08-06
DEUB001;2;8.30802;54.92312;12.0;2024-08-07;2024-12-23
DEUB001;3;8.308;54.9231;12.0;2024-12-24;2024-12-24
DEUB001;4;8.30802;54.92313;12.0;2024-12-25;
DEUB004;1;7.90803;47.91325;1205.0;2024-01-17;2024-08-06
DEUB004;2;7.90397;47.91286;1205.0;2024-08-07;2024-12-23
DEUB004;3;7.904;47.9129;1205.0;2024-12-24;2024-12-24
DEUB004;4;7.90398;47.91287;1205.0;2024-12-25;
DEUB005;1;10.75673;52.80077;74.0;2024-01-17;2024-08-06
DEUB005;2;10.75612;52.80087;74.0;2024-08-07;2024-12-23
DEUB005;3;10.7561;52.8009;74.0;2024-12-24;2024-12-24
DEUB005;4;10.75613;52.80088;74.0;2024-12-25;
DEUB028;1;12.72193;54.43698;1.0;2024-01-17;2024-08-06
DEUB028;2;12.72496;54.43683;1.0;2024-08-07;2024-12-23
DEUB028;3;12.725;54.4368;1.0;2024-12-24;2024-12-24
DEUB028;4;12.72496;54.43684;1.0;2024-12-25;
DEUB029;1;10.76953;50.65406;937.0;2024-01-17;2024-08-06
DEUB029;2;10.76938;50.65455;937.0;2024-08-07;2024-12-23
DEUB029;3;10.7694;50.6546;937.0;2024-12-24;2024-12-24
DEUB029;4;10.76939;50.65455;937.0;2024-12-25;
DEUB030;1;13.03166;53.1413;65.0;2024-01-17;2024-08-06
DEUB030;2;13.03228;53.14234;65.0;2024-08-07;2024-12-22
DEUB030;3;13.0323;53.1423;65.0;2024-12-23;2024-12-24
DEUB030;4;13.03228;53.14234;65.0;2024-12-25;
DEUB044;1;10.98066;47.41444;2650.0;2026-03-20;
DEUB046;1;13.42057;48.94761;858.0;2024-01-17;
DK0012R;1;12.0889;55.69419;3.0;2024-01-17;2024-12-23
DK0012R;2;12.0889;55.6942;3.0;2024-12-24;
DK0031R;1;8.4274;56.29039;37.0;2024-01-17;2024-12-23
DK0031R;2;8.4274;56.2904;37.0;2024-12-24;
DK0045A;1;12.5614;55.70027;25.0;2024-01-17;2024-12-23
DK0045A;2;12.5614;55.7003;25.0;2024-12-24;2024-12-24
DK0045A;3;12.5614;55.70028;25.0;2024-12-25;
DK0046A;1;10.38917;55.39638;25.0;2024-01-17;2024-12-23
DK0046A;2;10.3892;55.3964;25.0;2024-12-24;2024-12-24
DK0046A;3;10.38917;55.39639;25.0;2024-12-25;
DK0053A;1;9.93084;57.04666;30.0;2024-01-17;2024-12-23
DK0053A;2;9.9308;57.0467;30.0;2024-12-24;2024-12-24
DK0053A;3;9.93085;57.04667;30.0;2024-12-25;
DK0054A;1;10.71552;54.75447;10.0;2024-01-17;2024-12-22
DK0054A;2;10.7155;54.7545;10.0;2024-12-23;2024-12-24
DK0054A;3;10.71552;54.75447;10.0;2024-12-25;
DK0056A;1;10.19364;56.15975;21.0;2024-01-17;2024-12-23
DK0056A;2;10.1936;56.1598;21.0;2024-12-24;2024-12-24
DK0056A;3;10.19364;56.15976;21.0;2024-12-25;
DK0060A;1;12.4617;55.6375;5.0;2025-03-10;
EE0009R;1;25.93056;59.49444;32.0;2024-01-17;2024-12-23
EE0009R;2;25.9306;59.4945;32.0;2024-12-24;2024-12-24
EE0009R;3;25.93057;59.49445;32.0;2024-12-25;
EE0011R;1;21.84501;58.37611;6.0;2024-01-17;2024-12-22
EE0011R;2;21.845;58.3761;6.0;2024-12-23;2024-12-24
EE0011R;3;21.84501;58.37611;6.0;2024-12-25;
EE0016A;1;26.75889;58.70277;50.0;2024-01-17;2024-12-23
EE0016A;2;26.7589;58.7028;50.0;2024-12-24;2024-12-24
EE0016A;3;26.7589;58.70278;50.0;2024-12-25;
EE0018A;1;24.64945;59.41416;6.0;2024-01-17;2024-12-23
EE0018A;2;24.6495;59.4142;6.0;2024-12-24;2024-12-24
EE0018A;3;24.64946;59.41417;6.0;2024-12-25;
EE0021A;1;26.73472;58.37055;41.0;2024-01-17;2024-12-23
EE0021A;2;26.7347;58.3706;41.0;2024-12-24;2024-12-24
EE0021A;3;26.73472;58.37056;41.0;2024-12-25;
EE0022A;1;28.17916;59.37615;25.0;2024-01-17;2024-12-23
EE0022A;2;28.1792;59.3762;25.0;2024-12-24;2024-12-24
EE0022A;3;28.17917;59.37616;25.0;2024-12-25;
ES0001R;1;-4.35041;39.54633;923.0;2024-01-17;2025-01-05
ES0001R;2;-4.35042;39.54632;923.0;2025-01-06;
ES0005R;1;-8.92347;42.7208;686.0;2024-01-17;2024-12-23
ES0005R;2;-8.9235;42.7208;686.0;2024-12-24;2024-12-24
ES0005R;3;-8.92347;42.72081;686.0;2024-12-25;
ES0006R;1;4.32388;39.8761;78.0;2026-05-16;
ES0007R;1;-3.55055;37.23694;1258.0;2024-01-17;2024-12-23
ES0007R;2;-3.5506;37.2369;1258.0;2024-12-24;2024-12-24
ES0007R;3;-3.55056;37.23693;1258.0;2024-12-25;
ES0008R;1;-4.84972;43.43916;132.0;2024-01-17;2024-12-23
ES0008R;2;-4.8497;43.4392;132.0;2024-12-24;2024-12-24
ES0008R;3;-4.84971;43.43917;132.0;2024-12-25;
ES0009R;1;-3.1425;41.27417;1368.0;2024-01-17;2024-12-22
ES0009R;2;-3.1425;41.2742;1368.0;2024-12-23;2024-12-24
ES0009R;3;-3.1425;41.27417;1368.0;2024-12-25;
ES0010R;1;3.31555;42.31916;75.0;2024-01-17;2024-12-23
ES0010R;2;3.3156;42.3192;75.0;2024-12-24;2024-12-24
ES0010R;3;3.31556;42.31917;75.0;2024-12-25;
ES0011R;1;-6.92333;38.47277;377.0;2024-01-17;2024-12-23
ES0011R;2;-6.92333;38.47278;377.0;2024-12-24;
ES0012R;1;-1.10083;39.08278;855.0;2024-01-17;2024-12-22
ES0012R;2;-1.1008;39.0828;855.0;2024-12-23;2024-12-24
ES0012R;3;-1.10083;39.08278;855.0;2024-12-25;
ES0013R;1;-5.89741;41.23888;1003.0;2024-01-17;2024-12-23
ES0013R;2;-5.8974;41.2389;1003.0;2024-12-24;2024-12-24
ES0013R;3;-5.89742;41.23889;1003.0;2024-12-25;
ES0014R;1;0.73416;41.39333;488.0;2024-01-17;2024-12-23
ES0014R;2;0.7342;41.3933;488.0;2024-12-24;2024-12-24
ES0014R;3;0.73417;41.39333;488.0;2024-12-25;
ES0016R;1;-7.70458;42.63471;560.0;2024-01-17;2024-12-23
ES0016R;2;-7.7046;42.6347;560.0;2024-12-24;2024-12-24
ES0016R;3;-7.70458;42.63472;560.0;2024-12-25;
ES0017R;1;-6.555;37.05193;35.0;2024-01-17;2024-12-23
ES0017R;2;-6.555;37.0519;35.0;2024-12-24;2024-12-24
ES0017R;3;-6.555;37.05194;35.0;2024-12-25;
ES0124A;1;-3.63917;40.44;698.0;2026-05-16;
ES0126A;1;-3.73194;40.39472;625.0;2024-01-17;2024-12-22
ES0126A;2;-3.7319;40.3947;625.0;2024-12-23;2024-12-24
ES0126A;3;-3.73194;40.39472;625.0;2024-12-25;
ES0296A;1;3.016;39.74847;7.0;2024-01-17;2024-12-23
ES0296A;2;3.016;39.7485;7.0;2024-12-24;2024-12-24
ES0296A;3;3.016;39.74846;7.0;2024-12-25;
ES0316A;1;-0.29082;40.94666;570.0;2024-01-17;2024-12-22
ES0316A;2;-0.2908;40.9467;570.0;2024-12-23;2024-12-24
ES0316A;3;-0.29082;40.94666;570.0;2024-12-25;
ES0691A;1;2.2045;41.4039;3.0;2026-05-24;
ES0692A;1;2.115;41.3705;29.0;2026-05-24;
ES0694A;1;2.00979;41.3922;38.0;2026-05-24;
ES1038A;1;-4.06417;43.34639;20.0;2024-01-17;2024-12-22
ES1038A;2;-4.06419;43.3464;20.0;2024-12-23;2024-12-24
ES1038A;3;-4.06417;43.34639;20.0;2024-12-25;
ES1039A;1;-4.06361;43.35583;20.0;2024-02-08;
ES1093A;1;3.07525;39.79116;6.0;2024-01-17;2024-12-23
ES1093A;2;3.0753;39.7912;6.0;2024-12-24;2024-12-24
ES1093A;3;3.07525;39.79117;6.0;2024-12-25;
ES1126A;1;1.9232;41.4756;75.0;2025-03-10;
ES1193A;1;-3.74916;40.42;645.0;2024-01-17;2024-12-21
ES1193A;2;-3.74917;40.42;645.0;2024-12-22;
ES1201A;1;2.84213;42.39197;214.0;2024-01-17;2024-12-23
ES1201A;2;2.8421;42.392;214.0;2024-12-24;2024-12-24
ES1201A;3;2.84214;42.39198;214.0;2024-12-25;2025-12-23
ES1201A;4;2.8421;42.392;214.0;2025-12-24;
ES1215A;1;0.58165;40.7067;8.0;2024-01-17;
ES1222A;1;2.44094;41.69127;210.0;2024-01-17;2024-12-22
ES1222A;2;2.4409;41.6913;210.0;2024-12-23;2024-12-24
ES1222A;3;2.44094;41.69127;210.0;2024-12-25;2025-12-23
ES1222A;4;2.4409;41.6913;210.0;2025-12-24;
ES1231A;1;2.089;41.47679;113.0;2026-05-24;
ES1248A;1;1.12999;42.40538;692.0;2024-01-17;2024-12-22
ES1248A;2;1.12999;42.4054;692.0;2024-12-23;2024-12-24
ES1248A;3;1.12999;42.40538;692.0;2024-12-25;2025-12-23
ES1248A;4;1.12999;42.4054;692.0;2025-12-24;
ES1275A;1;2.49574;41.68904;145.0;2024-01-17;2024-12-23
ES1275A;2;2.4958;41.6891;145.0;2024-12-24;2024-12-24
ES1275A;3;2.49575;41.68905;145.0;2024-12-25;2025-12-23
ES1275A;4;2.49569;41.689;145.0;2025-12-24;
ES1310A;1;2.21427;42.31207;1226.0;2024-01-17;2024-12-23
ES1310A;2;2.2143;42.3121;1226.0;2024-12-24;2024-12-24
ES1310A;3;2.21427;42.31208;1226.0;2024-12-25;2025-12-23
ES1310A;4;2.213;42.3121;1226.0;2025-12-24;
ES1311A;1;3.21285;41.95867;200.0;2024-01-17;2024-12-23
ES1311A;2;3.2128;41.9587;200.0;2024-12-24;2024-12-24
ES1311A;3;3.21285;41.95868;200.0;2024-12-25;2025-12-23
ES1311A;4;3.2129;41.9587;200.0;2025-12-24;
ES1347A;1;2.5102;42.14326;496.0;2024-01-17;2024-12-22
ES1347A;2;2.5102;42.1433;496.0;2024-12-23;2024-12-24
ES1347A;3;2.5102;42.14326;496.0;2024-12-25;2025-12-22
ES1347A;4;2.5102;42.1433;496.0;2025-12-23;
ES1353A;1;-5.6796;43.29409;216.0;2024-01-17;2024-12-23
ES1353A;2;-5.6796;43.2941;216.0;2024-12-24;
ES1370A;1;-3.5173;36.74311;50.0;2024-01-17;2024-12-22
ES1370A;2;-3.5173;36.7431;50.0;2024-12-23;2024-12-24
ES1370A;3;-3.5173;36.74311;50.0;2024-12-25;
ES1379A;1;0.43971;41.0582;368.0;2024-01-17;2024-12-22
ES1379A;2;0.4397;41.0582;368.0;2024-12-23;2024-12-24
ES1379A;3;0.43971;41.0582;368.0;2024-12-25;2025-12-23
ES1379A;4;0.4397;41.0582;368.0;2025-12-24;
ES1396A;1;2.1331;41.3788;35.0;2026-05-24;
ES1397A;1;2.28727;42.00327;460.0;2024-01-17;2024-12-23
ES1397A;2;2.2873;42.0033;460.0;2024-12-24;2024-12-24
ES1397A;3;2.28727;42.00328;460.0;2024-12-25;2025-12-23
ES1397A;4;2.2873;42.0033;460.0;2025-12-24;
ES1400A;1;-0.1519;41.5056;327.0;2024-01-17;
ES1421A;1;-1.10667;40.33639;915.0;2024-01-17;2024-12-22
ES1421A;2;-1.1067;40.33639;915.0;2024-12-23;2024-12-24
ES1421A;3;-1.10667;40.33639;915.0;2024-12-25;
ES1422A;1;-3.70333;40.41916;657.0;2024-01-17;2024-12-23
ES1422A;2;-3.7033;40.41919;657.0;2024-12-24;2024-12-24
ES1422A;3;-3.70333;40.41917;657.0;2024-12-25;
ES1432A;1;-6.55269;43.1788;363.0;2024-01-17;2024-12-23
ES1432A;2;-6.5527;43.1788;363.0;2024-12-24;
ES1433A;1;-5.596;43.27569;262.0;2024-01-17;2024-12-23
ES1433A;2;-5.596;43.2757;262.0;2024-12-24;
ES1434A;1;-3.06297;43.33446;451.0;2024-01-17;2024-12-22
ES1434A;2;-3.063;43.3345;451.0;2024-12-23;2024-12-24
ES1434A;3;-3.06297;43.33446;451.0;2024-12-25;
ES1435A;1;-0.24916;40.41666;1125.0;2024-01-17;2024-12-23
ES1435A;2;-0.2492;40.4167;1125.0;2024-12-24;2024-12-24
ES1435A;3;-0.24917;40.41667;1125.0;2024-12-25;
ES1443A;1;-3.63611;42.33611;929.0;2024-01-17;2024-12-18
ES1443A;2;-3.6361;42.3361;929.0;2024-12-19;2024-12-24
ES1443A;3;-3.63611;42.33611;929.0;2024-12-25;
ES1450A;1;-5.95165;37.39831;29.0;2024-01-17;2024-12-22
ES1450A;2;-5.9516;37.3983;29.0;2024-12-23;2024-12-24
ES1450A;3;-5.95165;37.39831;29.0;2024-12-25;
ES1453A;1;2.20949;41.4474;23.0;2026-05-24;
ES1472A;1;-1.65299;42.80599;449.0;2024-01-17;2024-12-23
ES1472A;2;-1.653;42.806;449.0;2024-12-24;
ES1489A;1;-3.2317;42.8752;911.0;2024-01-17;
ES1491A;1;-2.70317;43.40591;116.0;2024-01-17;2024-12-23
ES1491A;2;-2.7032;43.4059;116.0;2024-12-24;2024-12-24
ES1491A;3;-2.70318;43.40592;116.0;2024-12-25;
ES1516A;1;-6.22517;36.52283;1.0;2024-01-17;2024-12-22
ES1516A;2;-6.2252;36.52279;1.0;2024-12-23;2024-12-24
ES1516A;3;-6.22517;36.52283;1.0;2024-12-25;
ES1517A;1;3.14543;39.83482;15.0;2024-01-31;2024-12-22
ES1517A;2;3.1454;39.8348;15.0;2024-12-23;2024-12-24
ES1517A;3;3.14543;39.83482;15.0;2024-12-25;
ES1529A;1;-3.79028;43.46777;30.0;2024-01-17;2024-12-23
ES1529A;2;-3.7903;43.4678;30.0;2024-12-24;2024-12-24
ES1529A;3;-3.79028;43.46778;30.0;2024-12-25;
ES1530A;1;-4.13556;43.01194;850.0;2024-01-17;2024-12-22
ES1530A;2;-4.1356;43.0119;850.0;2024-12-23;2024-12-24
ES1530A;3;-4.13556;43.01194;850.0;2024-12-25;
ES1531A;1;-4.25305;43.15333;650.0;2024-01-17;2024-12-22
ES1531A;2;-4.2531;43.1533;650.0;2024-12-23;2024-12-24
ES1531A;3;-4.25305;43.15333;650.0;2024-12-25;
ES1532A;1;-3.65139;40.38806;677.0;2026-05-16;
ES1537A;1;-3.1716;40.62979;700.0;2024-01-17;2024-12-23
ES1537A;2;-3.1716;40.6298;700.0;2024-12-24;
ES1542A;1;0.37277;40.55472;181.0;2024-01-17;2024-12-23
ES1542A;2;0.3728;40.55469;181.0;2024-12-24;2024-12-24
ES1542A;3;0.37278;40.55472;181.0;2024-12-25;
ES1543A;1;-0.16944;40.735;619.0;2024-01-17;2024-12-22
ES1543A;2;-0.1694;40.735;619.0;2024-12-23;2024-12-24
ES1543A;3;-0.16944;40.735;619.0;2024-12-25;
ES1544A;1;-2.3937;42.849;594.0;2024-01-17;
ES1549A;1;-2.81097;36.76972;97.0;2024-01-17;2024-12-22
ES1549A;2;-2.811;36.7697;97.0;2024-12-23;2024-12-24
ES1549A;3;-2.81097;36.76972;97.0;2024-12-25;
ES1551A;1;2.1254;41.5127;131.0;2026-05-24;
ES1568A;1;-3.87677;40.32419;650.0;2024-01-17;2024-12-22
ES1568A;2;-3.8768;40.32419;650.0;2024-12-23;2024-12-24
ES1568A;3;-3.87677;40.32419;650.0;2024-12-25;
ES1569A;1;-1.7028;37.6878;340.0;2026-05-03;
ES1572A;1;-5.8728;43.3727;276.0;2024-01-17;
ES1578A;1;-3.22056;43.38249;20.0;2024-01-17;2024-12-23
ES1578A;2;-3.2206;43.3825;20.0;2024-12-24;2024-12-24
ES1578A;3;-3.22056;43.3825;20.0;2024-12-25;
ES1579A;1;-4.06278;43.26444;88.0;2024-01-17;2024-12-22
ES1579A;2;-4.0628;43.2644;88.0;2024-12-23;2024-12-24
ES1579A;3;-4.06278;43.26444;88.0;2024-12-25;
ES1588A;1;1.19297;41.90664;370.0;2024-01-17;2024-12-23
ES1588A;2;1.193;41.90659;370.0;2024-12-24;2024-12-24
ES1588A;3;1.19297;41.90665;370.0;2024-12-25;2025-12-23
ES1588A;4;1.193;41.90659;370.0;2025-12-24;
ES1593A;1;-6.20307;36.46059;35.0;2024-01-17;2024-12-22
ES1593A;2;-6.2031;36.4606;35.0;2024-12-23;2024-12-24
ES1593A;3;-6.20307;36.46059;35.0;2024-12-25;
ES1598A;1;-3.1344;43.2129;62.0;2024-01-17;2024-12-23
ES1598A;2;-3.1344;43.21291;62.0;2024-12-24;
ES1599A;1;-2.15499;43.25055;225.0;2024-01-17;2024-12-23
ES1599A;2;-2.15499;43.2506;225.0;2024-12-24;2024-12-24
ES1599A;3;-2.15499;43.25056;225.0;2024-12-25;
ES1601A;1;-7.01145;38.88763;390.0;2024-01-17;2024-12-22
ES1601A;2;-7.0114;38.8876;390.0;2024-12-23;2024-12-24
ES1601A;3;-7.01145;38.88763;390.0;2024-12-25;2025-08-31
ES1601A;4;-7.01139;38.88759;390.0;2025-09-01;
ES1602A;1;-2.428;42.464;385.0;2026-05-24;
ES1604A;1;2.62169;39.56452;117.0;2024-01-17;2024-12-23
ES1604A;2;2.6217;39.5645;117.0;2024-12-24;2024-12-24
ES1604A;3;2.62169;39.56453;117.0;2024-12-25;
ES1611A;1;-3.5914;40.03326;512.0;2024-01-17;2024-12-23
ES1611A;2;-3.5914;40.03329;512.0;2024-12-24;2024-12-24
ES1611A;3;-3.5914;40.03327;512.0;2024-12-25;
ES1612A;1;-3.8689;40.4461;722.0;2024-01-17;
ES1615A;1;-6.36028;39.47277;389.0;2024-01-17;
ES1616A;1;-5.93972;39.84917;376.0;2024-01-17;2024-12-22
ES1616A;2;-5.9397;39.8492;376.0;2024-12-23;2024-12-24
ES1616A;3;-5.93972;39.84917;376.0;2024-12-25;2025-08-31
ES1616A;4;-5.94301;39.84375;376.0;2025-09-01;
ES1617A;1;-0.45777;39.14999;60.0;2024-01-17;2024-12-23
ES1617A;2;-0.4578;39.15;60.0;2024-12-24;2024-12-24
ES1617A;3;-0.45778;39.15;60.0;2024-12-25;
ES1623A;1;-0.46694;38.70638;534.0;2024-01-17;2024-12-23
ES1623A;2;-0.4669;38.7064;534.0;2024-12-24;2024-12-24
ES1623A;3;-0.46694;38.70639;534.0;2024-12-25;
ES1624A;1;-0.68277;38.24222;44.0;2024-01-17;2024-12-23
ES1624A;2;-0.6828;38.24219;44.0;2024-12-24;2024-12-24
ES1624A;3;-0.68278;38.24222;44.0;2024-12-25;
ES1630A;1;-6.04246;37.34075;50.0;2024-01-17;2024-12-22
ES1630A;2;-6.0425;37.3407;50.0;2024-12-23;2024-12-24
ES1630A;3;-6.04246;37.34075;50.0;2024-12-25;
ES1634A;1;-5.34194;36.17315;8.0;2024-01-17;2024-12-22
ES1634A;2;-5.3419;36.1731;8.0;2024-12-23;2024-12-24
ES1634A;3;-5.34194;36.17315;8.0;2024-12-25;
ES1638A;1;-5.97963;37.34718;26.0;2026-05-16;
ES1640A;1;-5.83372;37.34246;68.0;2024-01-17;2024-12-22
ES1640A;2;-5.8337;37.3425;68.0;2024-12-23;2024-12-24
ES1640A;3;-5.83372;37.34246;68.0;2024-12-25;
ES1641A;1;-0.89361;41.63527;220.0;2024-01-17;2024-12-23
ES1641A;2;-0.8936;41.6353;220.0;2024-12-24;2024-12-24
ES1641A;3;-0.89361;41.63528;220.0;2024-12-25;
ES1642A;1;2.23856;41.93566;498.0;2024-01-17;2025-03-09
ES1642A;2;2.23857;41.93567;498.0;2025-03-10;2025-12-23
ES1642A;3;2.2386;41.93569;498.0;2025-12-24;
ES1644A;1;-5.99149;37.38808;19.0;2024-01-17;2024-12-22
ES1644A;2;-5.9915;37.3881;19.0;2024-12-23;2024-12-24
ES1644A;3;-5.99149;37.38808;19.0;2024-12-25;
ES1645A;1;-3.575;40.47472;631.0;2024-01-17;2024-12-22
ES1645A;2;-3.575;40.4747;631.0;2024-12-23;2024-12-24
ES1645A;3;-3.575;40.47472;631.0;2024-12-25;
ES1648A;1;-5.6635;36.23386;189.0;2024-02-16;2024-12-22
ES1648A;2;-5.6635;36.2339;189.0;2024-12-23;2024-12-24
ES1648A;3;-5.6635;36.23386;189.0;2024-12-25;
ES1653A;1;-5.91384;37.28449;49.0;2024-01-17;2024-12-22
ES1653A;2;-5.9138;37.2845;49.0;2024-12-23;2024-12-24
ES1653A;3;-5.91384;37.28449;49.0;2024-12-25;
ES1654A;1;-5.66687;37.99434;573.0;2024-01-17;2024-12-22
ES1654A;2;-5.6669;37.9943;573.0;2024-12-23;2024-12-24
ES1654A;3;-5.66687;37.99434;573.0;2024-12-25;
ES1656A;1;-3.78156;37.78255;480.0;2024-01-17;2024-12-23
ES1656A;2;-3.7816;37.7826;480.0;2024-12-24;2024-12-24
ES1656A;3;-3.78157;37.78255;480.0;2024-12-25;
ES1666A;1;1.2416;41.1174;13.0;2026-05-24;
ES1670A;1;-1.28138;39.55861;804.0;2024-01-17;2024-12-23
ES1670A;2;-1.2814;39.5586;804.0;2024-12-24;2024-12-24
ES1670A;3;-1.28139;39.55861;804.0;2024-12-25;
ES1671A;1;-0.83194;39.70805;430.0;2024-01-17;2024-12-23
ES1671A;2;-0.8319;39.7081;430.0;2024-12-24;2024-12-24
ES1671A;3;-0.83194;39.70806;430.0;2024-12-25;
ES1675A;1;-0.14666;38.57138;44.0;2024-01-17;2024-12-23
ES1675A;2;-0.1467;38.57139;44.0;2024-12-24;2024-12-24
ES1675A;3;-0.14667;38.57139;44.0;2024-12-25;
ES1677A;1;-0.85277;38.08472;32.0;2024-01-17;2024-12-23
ES1677A;2;-0.8528;38.0847;32.0;2024-12-24;2024-12-24
ES1677A;3;-0.85278;38.08471;32.0;2024-12-25;
ES1679A;1;2.18739;41.3864;7.0;2026-05-24;
ES1684A;1;2.0425;41.4921;171.0;2026-05-24;
ES1689A;1;-0.46833;40.05416;466.0;2024-01-17;2024-12-23
ES1689A;2;-0.4683;40.0542;466.0;2024-12-24;2024-12-24
ES1689A;3;-0.46833;40.05417;466.0;2024-12-25;
ES1690A;1;-0.07888;40.26944;259.0;2024-01-17;2024-12-23
ES1690A;2;-0.0789;40.26939;259.0;2024-12-24;2024-12-24
ES1690A;3;-0.07889;40.26944;259.0;2024-12-25;
ES1691A;1;-0.60333;39.93055;616.0;2024-01-17;2024-12-18
ES1691A;2;-0.60329;39.9306;616.0;2024-12-19;2024-12-24
ES1691A;3;-0.60333;39.93056;616.0;2024-12-25;
ES1696A;1;-1.98444;43.30277;88.0;2024-01-17;2024-12-23
ES1696A;2;-1.9844;43.3028;88.0;2024-12-24;2024-12-24
ES1696A;3;-1.98444;43.30278;88.0;2024-12-25;
ES1709A;1;-0.44138;38.93472;195.0;2024-01-17;2024-12-23
ES1709A;2;-0.4414;38.9347;195.0;2024-12-24;2024-12-24
ES1709A;3;-0.44139;38.93472;195.0;2024-12-25;
ES1711A;1;-0.69722;38.78805;510.0;2024-01-18;2025-05-16
ES1711A;2;-0.69722;38.78806;510.0;2025-05-17;
ES1712A;1;-2.9871;43.29839;17.0;2024-01-17;2024-12-23
ES1712A;2;-2.9871;43.2984;17.0;2024-12-24;
ES1713A;1;-2.9023;43.2549;76.0;2024-01-17;
ES1747A;1;-1.651;42.82599;418.0;2024-01-17;2024-12-23
ES1747A;2;-1.651;42.826;418.0;2024-12-24;
ES1749A;1;-2.173;42.898;530.0;2024-01-17;
ES1750A;1;-4.4475;36.71963;36.0;2024-03-26;2024-12-23
ES1750A;2;-4.4475;36.7196;36.0;2024-12-24;2024-12-24
ES1750A;3;-4.4475;36.71964;36.0;2024-12-25;
ES1751A;1;-4.46553;36.72956;86.0;2024-01-17;2024-12-22
ES1751A;2;-4.46549;36.7296;86.0;2024-12-23;2024-12-24
ES1751A;3;-4.46553;36.72956;86.0;2024-12-25;
ES1752A;1;-3.4776;40.4495;581.0;2024-01-17;
ES1754A;1;0.28844;40.643;428.0;2024-01-17;2024-12-23
ES1754A;2;0.2884;40.643;428.0;2024-12-24;2024-12-24
ES1754A;3;0.28845;40.643;428.0;2024-12-25;2025-12-23
ES1754A;4;0.2884;40.643;428.0;2025-12-24;
ES1765A;1;-0.27888;39.68472;54.0;2024-01-17;2024-12-23
ES1765A;2;-0.27889;39.6847;54.0;2024-12-24;2024-12-24
ES1765A;3;-0.27889;39.68472;54.0;2024-12-25;
ES1773A;1;1.6722;41.2022;5.0;2024-01-17;
ES1778A;1;2.35801;41.77934;693.0;2024-01-17;2024-12-22
ES1778A;2;2.358;41.7793;693.0;2024-12-23;2024-12-24
ES1778A;3;2.35801;41.77934;693.0;2024-12-25;2025-12-23
ES1778A;4;2.358;41.7793;693.0;2025-12-24;
ES1781A;1;-6.11724;36.68854;62.0;2024-01-17;2024-12-23
ES1781A;2;-6.1172;36.68849;62.0;2024-12-24;2024-12-24
ES1781A;3;-6.11724;36.68855;62.0;2024-12-25;
ES1786A;1;-2.39049;36.86495;55.0;2024-01-17;2024-12-22
ES1786A;2;-2.39049;36.865;55.0;2024-12-23;2024-12-24
ES1786A;3;-2.39049;36.86495;55.0;2024-12-25;
ES1793A;1;-6.7341;37.1041;31.0;2024-01-17;
ES1799A;1;-4.76234;37.89261;119.0;2024-01-17;2024-12-22
ES1799A;2;-4.7623;37.8926;119.0;2024-12-23;2024-12-24
ES1799A;3;-4.76234;37.89261;119.0;2024-12-25;
ES1800A;1;-4.77957;37.90273;152.0;2024-01-17;2024-12-23
ES1800A;2;-4.7796;37.9027;152.0;2024-12-24;2024-12-24
ES1800A;3;-4.77958;37.90274;152.0;2024-12-25;
ES1802A;1;-3.4679;40.909;995.0;2024-01-17;
ES1805A;1;-3.70214;40.78063;852.0;2024-01-17;2024-12-23
ES1805A;2;-3.7022;40.7806;852.0;2024-12-24;2024-12-24
ES1805A;3;-3.70215;40.78063;852.0;2024-12-25;
ES1806A;1;-3.2211;40.28759;795.0;2024-01-17;
ES1807A;1;-3.5429;40.35969;610.0;2024-01-17;
ES1808A;1;-4.3981;40.3677;707.0;2024-01-17;
ES1809A;1;-3.68026;40.18524;610.0;2024-01-17;2024-12-23
ES1809A;2;-3.6803;40.1852;610.0;2024-12-24;2024-12-24
ES1809A;3;-3.68027;40.18524;610.0;2024-12-25;
ES1810A;1;-4.2752;40.2479;469.0;2024-01-17;
ES1813A;1;0.7551;41.10069;220.0;2024-01-17;2024-12-22
ES1813A;2;0.7551;41.1007;220.0;2024-12-23;2024-12-24
ES1813A;3;0.7551;41.10069;220.0;2024-12-25;2025-12-22
ES1813A;4;0.7551;41.1007;220.0;2025-12-23;
ES1815A;1;1.68657;41.34682;192.0;2024-01-17;2024-12-23
ES1815A;2;1.6866;41.3468;192.0;2024-12-24;2024-12-24
ES1815A;3;1.68658;41.34682;192.0;2024-12-25;2025-12-23
ES1815A;4;1.6866;41.3468;192.0;2025-12-24;
ES1816A;1;2.44325;41.54715;40.0;2024-01-17;2024-12-23
ES1816A;2;2.4432;41.54719;40.0;2024-12-24;2024-12-24
ES1816A;3;2.44325;41.54716;40.0;2024-12-25;2025-12-23
ES1816A;4;2.44329;41.54719;40.0;2025-12-24;
ES1818A;1;-4.0208;39.86809;500.0;2024-01-17;2024-12-23
ES1818A;2;-4.0208;39.8681;500.0;2024-12-24;
ES1819A;1;-6.33806;38.90749;214.0;2024-01-17;2024-12-23
ES1819A;2;-6.3381;38.9075;214.0;2024-12-24;2024-12-24
ES1819A;3;-6.33806;38.9075;214.0;2024-12-25;2025-08-31
ES1819A;4;-6.33923;38.90621;214.0;2025-09-01;
ES1820A;1;-6.395;38.42917;551.0;2024-01-17;2024-12-22
ES1820A;2;-6.395;38.4292;551.0;2024-12-23;2024-12-24
ES1820A;3;-6.395;38.42917;551.0;2024-12-25;2025-08-31
ES1820A;4;-6.39735;38.42795;551.0;2025-09-01;
ES1824A;1;-3.81032;37.78443;376.0;2024-01-17;2024-12-22
ES1824A;2;-3.8103;37.7844;376.0;2024-12-23;2024-12-24
ES1824A;3;-3.81032;37.78443;376.0;2024-12-25;
ES1825A;1;1.31013;38.99438;65.0;2024-01-17;2024-12-23
ES1825A;2;1.3101;38.9944;65.0;2024-12-24;2024-12-24
ES1825A;3;1.31014;38.99439;65.0;2024-12-25;
ES1826A;1;-0.46083;39.55138;122.0;2024-01-17;2024-12-23
ES1826A;2;-0.4608;39.5514;122.0;2024-12-24;2024-12-24
ES1826A;3;-0.46083;39.55139;122.0;2024-12-25;
ES1827A;1;2.68777;39.67883;172.0;2024-01-17;2024-12-18
ES1827A;2;2.6878;39.6788;172.0;2024-12-19;2024-12-24
ES1827A;3;2.68778;39.67883;172.0;2024-12-25;
ES1828A;1;3.85758;40.01061;30.0;2024-01-17;2024-12-22
ES1828A;2;3.8576;40.01059;30.0;2024-12-23;2024-12-24
ES1828A;3;3.85758;40.01061;30.0;2024-12-25;
ES1829A;1;2.64805;39.63555;109.0;2024-01-17;2024-12-23
ES1829A;2;2.6481;39.63559;109.0;2024-12-24;2024-12-24
ES1829A;3;2.64806;39.63556;109.0;2024-12-25;
ES1831A;1;1.4329;38.9358;12.0;2024-01-17;2024-12-24
ES1831A;2;1.43291;38.9358;12.0;2024-12-25;
ES1838A;1;-3.5033;40.5997;721.0;2024-01-17;
ES1851A;1;1.84823;42.09791;661.0;2024-01-17;2024-12-23
ES1851A;2;1.8482;42.0979;661.0;2024-12-24;2024-12-24
ES1851A;3;1.84824;42.09791;661.0;2024-12-25;2025-12-23
ES1851A;4;1.8482;42.0979;661.0;2025-12-24;
ES1854A;1;0.83108;41.00821;737.0;2024-01-17;2024-12-22
ES1854A;2;0.8311;41.0082;737.0;2024-12-23;2024-12-24
ES1854A;3;0.83108;41.00821;737.0;2024-12-25;2025-12-22
ES1854A;4;0.8311;41.0082;737.0;2025-12-23;
ES1856A;1;2.14799;41.42607;136.0;2024-01-18;2024-12-23
ES1856A;2;2.148;41.4261;136.0;2024-12-24;2024-12-24
ES1856A;3;2.14799;41.42608;136.0;2024-12-25;2025-12-23
ES1856A;4;2.148;41.4261;136.0;2025-12-24;
ES1857A;1;-3.9378;38.9939;635.0;2024-01-17;2024-12-23
ES1857A;2;-3.9378;38.99389;635.0;2024-12-24;
ES1858A;1;-2.1297;40.0619;948.0;2024-01-17;
ES1868A;1;-8.5591;42.876;220.0;2024-01-17;
ES1878A;1;-6.57042;37.0161;22.0;2024-01-17;2024-12-22
ES1878A;2;-6.5704;37.0161;22.0;2024-12-23;2024-12-24
ES1878A;3;-6.57042;37.0161;22.0;2024-12-25;
ES1882A;1;-1.86861;38.11472;1.0;2024-01-17;2024-09-07
ES1882A;2;-1.8687;38.11469;1.0;2024-09-08;2024-12-23
ES1882A;3;-1.8687;38.1147;1.0;2024-12-24;
ES1883A;1;0.1819;42.4578;1005.0;2024-02-07;
ES1885A;1;-0.3364;39.4803;7.0;2024-01-17;
ES1889A;1;-5.63972;40.96083;743.0;2024-01-17;2024-12-18
ES1889A;2;-5.6397;40.9608;743.0;2024-12-19;2024-12-24
ES1889A;3;-5.63972;40.96083;743.0;2024-12-25;
ES1890A;1;-3.83369;40.3419;693.0;2024-01-17;2024-12-23
ES1890A;2;-3.8337;40.3419;693.0;2024-12-24;
ES1892A;1;2.23789;41.444;7.0;2026-05-24;
ES1898A;1;-4.84483;36.96229;359.0;2024-01-17;2024-12-23
ES1898A;2;-4.8448;36.9623;359.0;2024-12-24;2024-12-24
ES1898A;3;-4.84483;36.9623;359.0;2024-12-25;
ES1903A;1;2.01382;41.31347;14.0;2024-01-17;2024-12-23
ES1903A;2;2.01379;41.31349;14.0;2024-12-24;2024-12-24
ES1903A;3;2.01382;41.31348;14.0;2024-12-25;2025-12-23
ES1903A;4;2.01379;41.31349;14.0;2025-12-24;
ES1910A;1;1.99152;41.30311;25.0;2024-01-17;2024-12-18
ES1910A;2;1.9915;41.3031;25.0;2024-12-19;2024-12-24
ES1910A;3;1.99152;41.3031;25.0;2024-12-25;2025-12-23
ES1910A;4;1.9915;41.3031;25.0;2025-12-24;
ES1913A;1;-1.06472;38.45166;642.0;2024-01-17;2024-12-23
ES1913A;2;-1.0647;38.4517;642.0;2024-12-24;2024-12-24
ES1913A;3;-1.06472;38.45167;642.0;2024-12-25;
ES1914A;1;-0.80333;38.45472;355.0;2024-01-17;2024-12-22
ES1914A;2;-0.8033;38.4547;355.0;2024-12-23;2024-12-24
ES1914A;3;-0.80333;38.45472;355.0;2024-12-25;
ES1915A;1;-0.50666;38.34028;55.0;2026-05-24;
ES1917A;1;-1.25388;40.09944;728.0;2024-01-17;2024-12-23
ES1917A;2;-1.2539;40.0994;728.0;2024-12-24;2024-12-24
ES1917A;3;-1.25389;40.09944;728.0;2024-12-25;
ES1921A;1;-0.97527;37.60305;10.0;2024-01-17;2024-09-07
ES1921A;2;-0.9762;37.60179;10.0;2024-09-08;
ES1923A;1;2.21757;41.84603;620.0;2024-01-17;2024-12-23
ES1923A;2;2.2176;41.84599;620.0;2024-12-24;2024-12-24
ES1923A;3;2.21758;41.84603;620.0;2024-12-25;2025-12-23
ES1923A;4;2.2176;41.84599;620.0;2025-12-24;
ES1924A;1;-3.6001;37.16568;666.0;2024-01-17;2024-12-22
ES1924A;2;-3.6001;37.1657;666.0;2024-12-23;2024-12-24
ES1924A;3;-3.6001;37.16568;666.0;2024-12-25;
ES1929A;1;2.0977;41.3215;5.0;2026-05-24;
ES1930A;1;0.80979;40.90269;34.0;2024-01-17;2024-12-23
ES1930A;2;0.8098;40.9027;34.0;2024-12-24;2024-12-24
ES1930A;3;0.8098;40.90269;34.0;2024-12-25;2025-12-22
ES1930A;4;0.8098;40.9027;34.0;2025-12-23;
ES1937A;1;-3.68666;40.39805;609.0;2024-03-13;2024-12-23
ES1937A;2;-3.6867;40.3981;609.0;2024-12-24;2024-12-24
ES1937A;3;-3.68667;40.39806;609.0;2024-12-25;
ES1939A;1;-3.68555;40.40972;672.0;2024-01-17;2024-12-23
ES1939A;2;-3.6856;40.4097;672.0;2024-12-24;2024-12-24
ES1939A;3;-3.68556;40.40972;672.0;2024-12-25;
ES1941A;1;-3.61194;40.37278;630.0;2026-05-16;
ES1942A;1;-3.58056;40.4625;619.0;2025-03-10;
ES1944A;1;-3.66027;40.49416;615.0;2024-01-17;2024-12-23
ES1944A;2;-3.6603;40.4942;615.0;2024-12-24;2024-12-24
ES1944A;3;-3.66028;40.49416;615.0;2024-12-25;
ES1945A;1;-3.77444;40.51805;700.0;2024-01-17;2024-12-23
ES1945A;2;-3.7744;40.51809;700.0;2024-12-24;2024-12-24
ES1945A;3;-3.77444;40.51806;700.0;2024-12-25;
ES1946A;1;-3.60888;40.46499;669.0;2024-01-17;2024-12-23
ES1946A;2;-3.6089;40.465;669.0;2024-12-24;2024-12-24
ES1946A;3;-3.60889;40.465;669.0;2024-12-25;
ES1947A;1;-3.68972;40.50055;715.0;2024-01-17;2024-12-23
ES1947A;2;-3.6897;40.5006;715.0;2024-12-24;2024-12-24
ES1947A;3;-3.68972;40.50056;715.0;2024-12-25;
ES1957A;1;-8.4092;43.3828;25.0;2024-01-17;
ES1963A;1;-3.8328;40.1192;548.0;2024-01-17;
ES1969A;1;-0.24444;39.82361;250.0;2024-01-17;2024-12-22
ES1969A;2;-0.2444;39.8236;250.0;2024-12-23;2024-12-24
ES1969A;3;-0.24444;39.82361;250.0;2024-12-25;
ES1973A;1;-3.61925;37.13556;684.0;2024-01-17;2024-12-20
ES1973A;2;-3.6193;37.13559;684.0;2024-12-21;
ES1974A;1;-5.6707;43.51659;51.0;2024-01-17;2024-12-23
ES1974A;2;-5.6707;43.5166;51.0;2024-12-24;
ES1982A;1;0.7296;42.0513;1570.0;2026-05-24;
ES1983A;1;2.0821;41.3218;7.0;2026-05-24;
ES1987A;1;-3.4753;42.9519;613.0;2024-01-17;
ES1988A;1;-5.5664;42.5753;814.0;2024-01-17;
ES1989A;1;-5.08969;43.0414;1140.0;2024-01-17;
ES1990A;1;-6.22388;40.56972;985.0;2024-01-17;2024-12-18
ES1990A;2;-6.2239;40.56969;985.0;2024-12-19;2024-12-24
ES1990A;3;-6.22389;40.56971;985.0;2024-12-25;
ES1991A;1;-2.85694;41.72361;1017.0;2024-01-17;
ES1992A;1;2.11514;41.38748;81.0;2024-01-17;2024-09-07
ES1992A;2;2.1151;41.38749;81.0;2024-09-08;2024-12-23
ES1992A;3;2.1151;41.3875;81.0;2024-12-24;
ES1996A;1;-1.97907;37.19299;380.0;2024-01-17;2024-12-23
ES1996A;2;-1.9791;37.193;380.0;2024-12-24;2024-12-24
ES1996A;3;-1.97908;37.19299;380.0;2024-12-25;
ES1997A;1;-6.14722;40.07777;181.0;2024-01-17;2024-12-22
ES1997A;2;-6.1472;40.0778;181.0;2024-12-23;2024-12-24
ES1997A;3;-6.14722;40.07777;181.0;2024-12-25;2025-08-31
ES1997A;4;-6.08481;40.04374;181.0;2025-09-01;
ES2001A;1;-0.93444;39.26083;493.0;2024-01-17;2024-12-22
ES2001A;2;-0.9344;39.2608;493.0;2024-12-23;2024-12-24
ES2001A;3;-0.93444;39.26083;493.0;2024-12-25;
ES2014A;1;-7.4089;42.0616;760.0;2024-01-17;
ES2015A;1;-8.52389;42.18139;42.0;2024-01-17;2024-12-23
ES2015A;2;-8.52389;42.1814;42.0;2024-12-24;
ES2018A;1;-0.35916;39.78222;200.0;2024-01-17;2024-12-18
ES2018A;2;-0.3592;39.7822;200.0;2024-12-19;2024-12-24
ES2018A;3;-0.35917;39.78222;200.0;2024-12-25;
ES2019A;1;-0.62555;39.56472;510.0;2024-01-17;2024-12-23
ES2019A;2;-0.6256;39.5647;510.0;2024-12-24;2024-12-24
ES2019A;3;-0.62556;39.56472;510.0;2024-12-25;
ES2029A;1;-4.70083;40.66471;1150.0;2024-01-17;2024-12-18
ES2029A;2;-4.7008;40.6647;1150.0;2024-12-19;2024-12-24
ES2029A;3;-4.70083;40.66472;1150.0;2024-12-25;
ES2034A;1;0.82993;41.5441;255.0;2024-01-17;2024-12-22
ES2034A;2;0.8299;41.5441;255.0;2024-12-23;2024-12-24
ES2034A;3;0.82993;41.5441;255.0;2024-12-25;2025-12-23
ES2034A;4;0.8299;41.5441;255.0;2025-12-24;
ES2041A;1;0.1911;41.91613;308.0;2024-01-17;2024-12-23
ES2041A;2;0.1911;41.9161;308.0;2024-12-24;2024-12-24
ES2041A;3;0.1911;41.91614;308.0;2024-12-25;
ES2054A;1;-5.9583;43.5705;8.0;2024-01-17;
ES2055A;1;-0.4825;39.42528;100.0;2024-01-17;2024-12-22
ES2055A;2;-0.4825;39.4253;100.0;2024-12-23;2024-12-24
ES2055A;3;-0.4825;39.42528;100.0;2024-12-25;
ES2065A;1;2.90072;39.83024;584.0;2024-01-17;2024-12-23
ES2065A;2;2.9007;39.8302;584.0;2024-12-24;2024-12-24
ES2065A;3;2.90072;39.83025;584.0;2024-12-25;
ES2068A;1;-1.913;43.08199;473.0;2024-01-17;2024-12-23
ES2068A;2;-1.913;43.082;473.0;2024-12-24;
ES2069A;1;-5.6895;43.5229;40.0;2024-01-17;
ES2082A;1;-1.656;42.48999;389.0;2024-01-17;2024-12-23
ES2082A;2;-1.656;42.49;389.0;2024-12-24;
ES2083A;1;-6.1926;43.06959;1253.0;2024-03-13;2024-12-26
ES2083A;2;-6.1926;43.0696;1253.0;2024-12-27;
ES2084A;1;-8.1071;42.65629;600.0;2024-01-17;2024-12-23
ES2084A;2;-8.1071;42.6563;600.0;2024-12-24;
ES2089A;1;-0.8869;41.67519;200.0;2024-01-17;
ES2090A;1;2.1239;41.4184;418.0;2024-01-17;2024-12-20
ES2090A;2;2.1237;41.4189;411.0;2024-12-21;
ES2093A;1;-3.96119;40.8251;1200.0;2024-01-17;2024-12-23
ES2093A;2;-3.9612;40.8251;1200.0;2024-12-24;
ES2094A;1;-1.60099;42.05999;262.0;2024-01-26;2024-12-23
ES2094A;2;-1.601;42.06;262.0;2024-12-24;
ES2100A;1;-5.3147;35.89299;1.0;2024-01-17;2024-12-23
ES2100A;2;-5.3147;35.893;1.0;2024-12-24;
ES2103A;1;-2.31811;43.12518;357.0;2024-01-17;2024-12-22
ES2103A;2;-2.31809;43.1252;357.0;2024-12-23;2024-12-24
ES2103A;3;-2.31811;43.12518;357.0;2024-12-25;
ES2104A;1;-2.65088;43.10048;752.0;2024-01-17;2024-12-23
ES2104A;2;-2.6509;43.1005;752.0;2024-12-24;2024-12-24
ES2104A;3;-2.65088;43.10049;752.0;2024-12-25;
ES2106A;1;-5.4489;42.0797;738.0;2024-01-17;
ES2107A;1;-4.35573;36.72609;39.0;2024-01-17;2024-12-23
ES2107A;2;-4.35569;36.7261;39.0;2024-12-24;2024-12-24
ES2107A;3;-4.35573;36.7261;39.0;2024-12-25;
ES2109A;1;1.14955;41.10242;33.0;2024-01-17;2024-12-23
ES2109A;2;1.1496;41.1024;33.0;2024-12-24;2024-12-24
ES2109A;3;1.14955;41.10243;33.0;2024-12-25;2025-12-23
ES2109A;4;1.1496;41.1024;33.0;2025-12-24;
ES2110A;1;-6.58864;38.37033;395.0;2024-01-17;2024-12-23
ES2110A;2;-6.5886;38.3703;395.0;2024-12-24;2024-12-24
ES2110A;3;-6.58864;38.37034;395.0;2024-12-25;2025-08-30
ES2110A;4;-6.58865;38.37031;395.0;2025-08-31;
ES2111A;1;-6.75744;38.32655;395.0;2024-01-17;2024-12-23
ES2111A;2;-6.7574;38.3266;395.0;2024-12-24;2024-12-24
ES2111A;3;-6.75744;38.32656;395.0;2024-12-25;2025-08-31
ES2111A;4;-6.75742;38.32656;395.0;2025-09-01;
ES2112A;1;-6.41547;38.33898;524.0;2024-01-17;2024-12-23
ES2112A;2;-6.4155;38.339;524.0;2024-12-24;2024-12-24
ES2112A;3;-6.41547;38.33899;524.0;2024-12-25;2025-08-31
ES2112A;4;-6.41548;38.33897;524.0;2025-09-01;
ES2119A;1;-2.01913;43.26874;36.0;2024-01-17;2024-12-22
ES2119A;2;-2.0191;43.2687;36.0;2024-12-23;2024-12-24
ES2119A;3;-2.01913;43.26874;36.0;2024-12-25;
ES2120A;1;-2.03131;43.27209;25.0;2024-01-17;2024-12-22
ES2120A;2;-2.0313;43.2721;25.0;2024-12-23;2024-12-24
ES2120A;3;-2.03131;43.27209;25.0;2024-12-25;
ES2122A;1;-1.85943;43.34288;543.0;2024-03-09;2024-12-22
ES2122A;2;-1.8594;43.3429;543.0;2024-12-23;2024-12-23
ES2122A;3;-1.85943;43.34289;543.0;2024-12-24;
ES2125A;1;-2.73452;43.21901;74.0;2024-01-17;2024-12-23
ES2125A;2;-2.7345;43.219;74.0;2024-12-24;2024-12-24
ES2125A;3;-2.73453;43.21901;74.0;2024-12-25;
ES2126A;1;-2.96048;43.24558;345.0;2024-01-17;2024-12-22
ES2126A;2;-2.9605;43.2456;345.0;2024-12-23;2024-12-24
ES2126A;3;-2.96048;43.24558;345.0;2024-12-25;
ES2127A;1;-3.04256;43.33306;31.0;2024-01-17;2024-12-22
ES2127A;2;-3.0426;43.3331;31.0;2024-12-23;2024-12-24
ES2127A;3;-3.04256;43.33306;31.0;2024-12-25;
ES2129A;1;-3.0228;43.3621;35.0;2024-01-17;
ES2130A;1;-3.08099;43.35306;2.0;2024-01-17;2024-12-23
ES2130A;2;-3.081;43.3531;2.0;2024-12-24;2024-12-24
ES2130A;3;-3.08099;43.35307;2.0;2024-12-25;
ES2133A;1;-3.2702;40.56839;634.0;2024-03-09;
ES2137A;1;-3.8652;39.57689;780.0;2024-03-09;2024-12-23
ES2137A;2;-3.8652;39.5769;780.0;2024-12-24;
ES2138A;1;-1.8452;38.98079;691.0;2024-03-09;2024-12-23
ES2138A;2;-1.8452;38.9808;691.0;2024-12-24;
ES2143A;1;-7.3632;43.6591;173.0;2025-03-10;
ES2144A;1;-0.87241;38.63942;500.0;2025-03-10;
ES2155A;1;-2.9569;35.30969;110.0;2024-03-09;2024-12-23
ES2155A;2;-2.9569;35.3097;110.0;2024-12-24;
ES2161A;1;-3.62562;40.56067;672.0;2025-03-10;
ES2162A;1;-1.65257;41.35457;600.0;2025-03-10;
ES2168A;1;-1.63;42.792;435.0;2025-03-10;
ES2183A;1;-1.3285;38.4717;500.0;2026-05-03;
ES2184A;1;1.7797;42.3629;1057.0;2026-05-24;
FI00027;1;25.47926;64.99473;8.0;2025-03-10;
FI00208;1;24.68486;60.31438;55.0;2024-01-17;2024-09-11
FI00208;2;24.68486;60.31439;55.0;2024-09-12;2024-12-22
FI00208;3;24.6849;60.3144;55.0;2024-12-23;2024-12-24
FI00208;4;24.68486;60.31439;55.0;2024-12-25;
FI00280;1;28.24585;61.05747;91.0;2024-01-17;2024-12-23
FI00280;2;28.2459;61.0575;91.0;2024-12-24;2024-12-24
FI00280;3;28.24585;61.05748;91.0;2024-12-25;
FI00301;1;25.4979;65.04337;18.0;2024-01-17;2024-09-11
FI00301;2;25.4979;65.04338;18.0;2024-09-12;2024-12-22
FI00301;3;25.4979;65.0434;18.0;2024-12-23;2024-12-24
FI00301;4;25.4979;65.04338;18.0;2024-12-25;
FI00339;1;25.56605;60.36005;13.0;2026-03-20;
FI00349;1;21.37395;59.77922;7.0;2024-01-17;2024-09-11
FI00349;2;21.37395;59.77923;7.0;2024-09-12;2024-12-22
FI00349;3;21.374;59.7792;7.0;2024-12-23;2024-12-24
FI00349;4;21.37395;59.77923;7.0;2024-12-25;
FI00352;1;29.40157;66.32169;310.0;2024-01-17;2024-09-11
FI00352;2;29.40157;66.3217;310.0;2024-09-12;2024-12-22
FI00352;3;29.4016;66.3217;310.0;2024-12-23;2024-12-24
FI00352;4;29.40157;66.3217;310.0;2024-12-25;
FI00356;1;24.11233;67.96714;566.0;2024-01-17;2024-09-11
FI00356;2;24.11233;67.96715;566.0;2024-09-12;2024-12-22
FI00356;3;24.1123;67.9672;566.0;2024-12-23;2024-12-24
FI00356;4;24.11233;67.96715;566.0;2024-12-25;
FI00357;1;28.30309;68.477;262.0;2024-01-17;2024-09-11
FI00357;2;28.3031;68.47701;262.0;2024-09-12;2024-12-22
FI00357;3;28.3031;68.477;262.0;2024-12-23;2024-12-24
FI00357;4;28.3031;68.47701;262.0;2024-12-25;
FI00425;1;24.9506;60.18738;18.0;2024-01-17;2024-09-11
FI00425;2;24.9506;60.18739;18.0;2024-09-12;2024-12-22
FI00425;3;24.9506;60.1874;18.0;2024-12-23;2024-12-24
FI00425;4;24.9506;60.18739;18.0;2024-12-25;
FI00427;1;24.24566;68.00049;340.0;2026-03-20;
FI00428;1;31.04694;63.14309;235.0;2024-01-17;2024-09-11
FI00428;2;31.04694;63.1431;235.0;2024-09-12;2024-12-23
FI00428;3;31.0469;63.1431;235.0;2024-12-24;2024-12-24
FI00428;4;31.04695;63.1431;235.0;2024-12-25;
FI00460;1;22.09611;60.42532;6.0;2026-03-20;
FI00621;1;24.28333;61.8611;170.0;2024-01-17;2024-09-11
FI00621;2;24.28333;61.86111;170.0;2024-09-12;2024-12-22
FI00621;3;24.2833;61.8611;170.0;2024-12-23;2024-12-24
FI00621;4;24.28333;61.86111;170.0;2024-12-25;2026-02-12
FI00621;5;24.2949;61.8463;170.0;2026-02-13;
FI00781;1;25.10244;60.22392;14.0;2024-01-17;2024-12-23
FI00781;2;25.1024;60.2239;14.0;2024-12-24;2024-12-24
FI00781;3;25.10244;60.22393;14.0;2024-12-25;
FI00801;1;23.80221;61.49909;109.0;2024-01-17;2024-12-23
FI00801;2;23.8022;61.4991;109.0;2024-12-24;2024-12-24
FI00801;3;23.80221;61.4991;109.0;2024-12-25;
FI00867;1;25.59109;60.97906;155.0;2024-01-17;2024-09-11
FI00867;2;25.59109;60.97907;155.0;2024-09-12;
FI00893;1;27.6754;60.53001;4.0;2024-01-17;
FI00919;1;27.65397;62.88874;122.0;2024-01-17;2024-12-23
FI00919;2;27.654;62.8888;122.0;2024-12-24;2024-12-24
FI00919;3;27.65397;62.88875;122.0;2024-12-25;
FI00972;1;24.06947;60.24902;70.0;2024-01-17;2024-09-11
FI00972;2;24.06947;60.24903;70.0;2024-09-12;2024-12-22
FI00972;3;24.0695;60.249;70.0;2024-12-23;2024-12-24
FI00972;4;24.06947;60.24903;70.0;2024-12-25;
FI01004;1;27.55872;60.53774;20.0;2026-03-20;
FR01011;1;6.18083;49.11944;192.0;2024-01-17;2024-12-22
FR01011;2;6.1808;49.1194;192.0;2024-12-23;2024-12-23
FR01011;3;6.18083;49.11944;192.0;2024-12-24;
FR01012;1;6.22333;49.11028;204.0;2024-01-17;2024-12-22
FR01012;2;6.2233;49.1103;204.0;2024-12-23;2024-12-23
FR01012;3;6.22334;49.11028;204.0;2024-12-24;
FR01014;1;6.05833;48.915;179.0;2024-01-17;2024-12-22
FR01014;2;6.0583;48.915;179.0;2024-12-23;2024-12-23
FR01014;3;6.05834;48.915;179.0;2024-12-24;
FR01018;1;6.12277;49.1075;170.0;2024-01-17;2024-12-22
FR01018;2;6.1228;49.1075;170.0;2024-12-23;2024-12-23
FR01018;3;6.12278;49.1075;170.0;2024-12-24;
FR01020;1;6.15694;49.35833;154.0;2024-01-17;2024-12-22
FR01020;2;6.1569;49.3583;154.0;2024-12-23;2024-12-23
FR01020;3;6.15694;49.35834;154.0;2024-12-24;
FR01021;1;6.20139;49.39444;151.0;2024-01-17;2024-12-22
FR01021;2;6.2014;49.3944;151.0;2024-12-23;2024-12-23
FR01021;3;6.20139;49.39444;151.0;2024-12-24;
FR02001;1;5.17194;43.48623;6.0;2025-03-10;
FR02004;1;5.04273;43.41666;107.0;2026-03-20;
FR02012;1;4.98289;43.50614;20.0;2024-01-17;2024-12-22
FR02012;2;4.9829;43.5061;20.0;2024-12-23;2024-12-23
FR02012;3;4.9829;43.50615;20.0;2024-12-24;
FR02021;1;5.1177;43.33125;11.0;2026-03-20;
FR02022;1;4.6292;43.67511;10.0;2024-01-17;2024-12-22
FR02022;2;4.6292;43.6751;10.0;2024-12-23;2024-12-23
FR02022;3;4.6292;43.67511;10.0;2024-12-24;
FR02041;1;5.10109;43.639;82.0;2024-01-17;2024-12-22
FR02041;2;5.1011;43.639;82.0;2024-12-23;
FR02043;1;5.22228;43.41653;15.0;2024-01-17;2024-12-22
FR02043;2;5.2223;43.4165;15.0;2024-12-23;2024-12-23
FR02043;3;5.22227;43.41653;15.0;2024-12-24;
FR03014;1;5.36012;43.34805;59.0;2026-03-20;
FR03027;1;5.72736;43.3352;682.0;2024-01-17;2024-12-22
FR03027;2;5.7274;43.3352;682.0;2024-12-23;2024-12-23
FR03027;3;5.72737;43.3352;682.0;2024-12-24;
FR03029;1;5.44091;43.53029;192.0;2025-03-10;
FR03032;1;5.57418;43.29313;132.0;2024-01-17;2024-12-22
FR03032;2;5.5742;43.2931;132.0;2024-12-23;2024-12-23
FR03032;3;5.57418;43.29314;132.0;2024-12-24;
FR03037;1;5.51138;43.28334;74.0;2024-01-17;2024-12-22
FR03037;2;5.5114;43.2833;74.0;2024-12-23;2024-12-23
FR03037;3;5.51138;43.28334;74.0;2024-12-24;
FR03043;1;5.39471;43.30528;73.0;2024-01-17;2024-12-22
FR03043;2;5.3947;43.3053;73.0;2024-12-23;2024-12-23
FR03043;3;5.39472;43.30529;73.0;2024-12-24;
FR03048;1;5.46123;43.55577;296.0;2024-01-17;2024-12-22
FR03048;2;5.4612;43.5558;296.0;2024-12-23;2024-12-23
FR03048;3;5.46123;43.55578;296.0;2024-12-24;
FR03060;1;5.8754;43.10156;8.0;2024-01-17;2024-12-22
FR03060;2;5.8754;43.1016;8.0;2024-12-23;2024-12-23
FR03060;3;5.8754;43.10157;8.0;2024-12-24;
FR03064;1;6.01151;43.1359;64.0;2024-03-08;2024-12-22
FR03064;2;6.0115;43.1359;64.0;2024-12-23;2024-12-23
FR03064;3;6.01151;43.1359;64.0;2024-12-24;
FR03067;1;6.07561;43.39872;269.0;2024-01-17;2024-12-22
FR03067;2;6.0756;43.3987;269.0;2024-12-23;2024-12-23
FR03067;3;6.07561;43.39873;269.0;2024-12-24;
FR03070;1;6.76838;43.43787;5.0;2024-01-17;2024-03-05
FR03070;2;6.76836;43.43785;5.0;2024-03-06;2024-03-11
FR03070;3;6.76838;43.43787;5.0;2024-03-12;2024-12-22
FR03070;4;6.7684;43.4379;5.0;2024-12-23;2024-12-23
FR03070;5;6.76839;43.43787;5.0;2024-12-24;
FR03071;1;5.92418;43.1311;26.0;2024-01-17;2024-12-22
FR03071;2;5.9242;43.1311;26.0;2024-12-23;2024-12-23
FR03071;3;5.92418;43.13111;26.0;2024-12-24;
FR03080;1;4.80434;43.94967;19.0;2024-01-17;2024-12-22
FR03080;2;4.80429;43.9497;19.0;2024-12-23;2024-12-23
FR03080;3;4.80434;43.94967;19.0;2024-12-24;
FR03084;1;4.85673;43.96014;21.0;2024-01-17;2024-12-22
FR03084;2;4.8567;43.9601;21.0;2024-12-23;2024-12-23
FR03084;3;4.85673;43.96014;21.0;2024-12-24;
FR03086;1;5.36203;43.88011;202.0;2024-01-17;2024-12-22
FR03086;2;5.362;43.8801;202.0;2024-12-23;2024-12-23
FR03086;3;5.36204;43.88012;202.0;2024-12-24;
FR03088;1;5.06741;44.06034;115.0;2024-01-17;2024-12-22
FR03088;2;5.0674;44.0603;115.0;2024-12-23;2024-12-23
FR03088;3;5.06741;44.06035;115.0;2024-12-24;
FR04002;1;2.29472;48.92971;28.0;2024-01-17;2024-08-06
FR04002;2;2.29435;48.93031;28.0;2024-08-07;2024-12-22
FR04002;3;2.2944;48.9303;28.0;2024-12-23;2024-12-23
FR04002;4;2.29435;48.93032;28.0;2024-12-24;
FR04004;1;2.34666;48.89166;60.0;2024-01-17;2024-12-22
FR04004;2;2.34669;48.8917;60.0;2024-12-23;2024-12-23
FR04004;3;2.34667;48.89167;60.0;2024-12-24;
FR04014;1;2.3939;48.83722;40.0;2024-01-17;2024-12-22
FR04014;2;2.3939;48.8372;40.0;2024-12-23;2024-12-23
FR04014;3;2.3939;48.83722;40.0;2024-12-24;
FR04017;1;2.27805;48.88139;36.0;2024-01-17;2024-12-22
FR04017;2;2.27809;48.8814;36.0;2024-12-23;2024-12-23
FR04017;3;2.27806;48.88139;36.0;2024-12-24;
FR04018;1;2.3847;48.9039;42.0;2026-03-20;
FR04023;1;2.04305;49.04639;85.0;2024-01-17;2024-12-22
FR04023;2;2.0431;49.0464;85.0;2024-12-23;2024-12-23
FR04023;3;2.04306;49.04639;85.0;2024-12-24;
FR04024;1;2.44472;48.99083;65.0;2024-01-17;2024-12-22
FR04024;2;2.4447;48.9908;65.0;2024-12-23;2024-12-23
FR04024;3;2.44471;48.99083;65.0;2024-12-24;
FR04029;1;2.13055;48.79916;125.0;2024-01-17;2024-12-22
FR04029;2;2.13059;48.7992;125.0;2024-12-23;2024-12-23
FR04029;3;2.13056;48.79917;125.0;2024-12-24;
FR04034;1;2.37579;48.77579;95.0;2024-01-17;2024-08-06
FR04034;2;2.37578;48.77589;95.0;2024-08-07;2024-12-22
FR04034;3;2.3758;48.7759;95.0;2024-12-23;2024-12-23
FR04034;4;2.37578;48.7759;95.0;2024-12-24;
FR04037;1;2.36027;48.82861;57.0;2024-01-17;2024-12-22
FR04037;2;2.3603;48.8286;57.0;2024-12-23;2024-12-23
FR04037;3;2.36028;48.82861;57.0;2024-12-24;
FR04038;1;1.88333;48.58194;152.0;2024-01-17;2024-12-22
FR04038;2;1.8833;48.5819;152.0;2024-12-23;2024-12-23
FR04038;3;1.88333;48.58194;152.0;2024-12-24;
FR04048;1;2.34388;49.10027;140.0;2024-01-17;2024-12-22
FR04048;2;2.3439;49.1003;140.0;2024-12-23;2024-12-23
FR04048;3;2.34389;49.10028;140.0;2024-12-24;
FR04049;1;2.16555;48.67944;159.0;2024-01-17;2024-12-22
FR04049;2;2.1656;48.6794;159.0;2024-12-23;2024-12-23
FR04049;3;2.16556;48.67944;159.0;2024-12-24;
FR04051;1;2.22361;48.95139;56.0;2024-01-17;2024-12-22
FR04051;2;2.22359;48.9514;56.0;2024-12-23;2024-12-23
FR04051;3;2.22361;48.95139;56.0;2024-12-24;
FR04055;1;2.34461;48.86212;35.0;2024-01-17;2024-12-22
FR04055;2;2.34459;48.8621;35.0;2024-12-23;2024-12-23
FR04055;3;2.34462;48.86212;35.0;2024-12-24;
FR04059;1;2.36166;48.93721;31.0;2024-01-17;2024-12-22
FR04059;2;2.3617;48.9372;31.0;2024-12-23;2024-12-23
FR04059;3;2.36167;48.93722;31.0;2024-12-24;
FR04060;1;2.2933;48.85719;31.0;2024-01-17;2024-12-22
FR04060;2;2.2933;48.8572;31.0;2024-12-23;
FR04063;1;1.7033;48.99639;32.0;2024-01-17;2024-12-22
FR04063;2;1.7033;48.9964;32.0;2024-12-23;
FR04066;1;2.23694;48.36416;134.0;2024-01-17;2024-12-22
FR04066;2;2.2369;48.3642;134.0;2024-12-23;2024-12-23
FR04066;3;2.23694;48.36417;134.0;2024-12-24;
FR04069;1;2.66138;48.54139;56.0;2024-01-17;2024-12-22
FR04069;2;2.6614;48.5414;56.0;2024-12-23;2024-12-23
FR04069;3;2.66139;48.54139;56.0;2024-12-24;
FR04098;1;2.63527;48.84028;80.0;2024-01-17;2024-12-22
FR04098;2;2.6353;48.8403;80.0;2024-12-23;2024-12-23
FR04098;3;2.63528;48.84028;80.0;2024-12-24;
FR04099;1;2.48444;48.84055;88.0;2024-01-17;2024-12-22
FR04099;2;2.4844;48.8406;88.0;2024-12-23;2024-12-23
FR04099;3;2.48444;48.84056;88.0;2024-12-24;
FR04100;1;2.50722;48.88194;85.0;2024-01-17;2024-12-22
FR04100;2;2.5072;48.882;85.0;2024-12-23;2024-12-23
FR04100;3;2.50721;48.88195;85.0;2024-12-24;
FR04101;1;2.5175;48.81638;74.0;2024-01-17;2024-12-22
FR04101;2;2.5175;48.8164;74.0;2024-12-23;2024-12-23
FR04101;3;2.5175;48.81639;74.0;2024-12-24;
FR04142;1;2.75027;49.02805;162.0;2024-01-17;2024-12-22
FR04142;2;2.7503;49.0281;162.0;2024-12-23;2024-12-23
FR04142;3;2.75028;49.02806;162.0;2024-12-24;
FR04149;1;2.45719;48.7067;68.0;2024-01-17;
FR04150;1;2.24056;48.89139;58.0;2025-03-10;
FR04156;1;2.4525;48.9025;51.0;2024-01-17;
FR04158;1;1.86638;49.06308;122.0;2024-01-17;2024-12-22
FR04158;2;1.8664;49.0631;122.0;2024-12-23;2024-12-23
FR04158;3;1.86638;49.06309;122.0;2024-12-24;
FR04179;1;2.26988;48.83038;32.0;2024-01-17;2024-12-26
FR04179;2;2.26989;48.83039;32.0;2024-12-27;
FR04181;1;1.83052;48.63372;164.0;2024-01-17;2024-12-22
FR04181;2;1.8305;48.6337;164.0;2024-12-23;2024-12-23
FR04181;3;1.83053;48.63373;164.0;2024-12-24;
FR04319;1;2.57527;48.95555;65.0;2024-01-17;2024-12-22
FR04319;2;2.5753;48.9556;65.0;2024-12-23;2024-12-23
FR04319;3;2.57527;48.95555;65.0;2024-12-24;
FR04323;1;2.42917;48.62722;81.0;2026-03-20;
FR04324;1;3.05833;48.76166;120.0;2024-01-17;2024-12-22
FR04324;2;3.0583;48.7617;120.0;2024-12-23;2024-12-23
FR04324;3;3.05833;48.76167;120.0;2024-12-24;
FR04328;1;2.6453;48.3547;127.0;2024-01-17;
FR05040;1;0.2437;49.4151;24.0;2024-03-08;2024-12-23
FR05040;2;0.2437;49.41511;24.0;2024-12-24;
FR05074;1;0.1007;49.48962;5.0;2024-01-17;2024-12-22
FR05074;2;0.1007;49.4896;5.0;2024-12-23;2024-12-23
FR05074;3;0.1007;49.48963;5.0;2024-12-24;
FR05078;1;0.1427;49.4983;3.0;2024-01-17;2024-12-23
FR05078;2;0.14271;49.4983;3.0;2024-12-24;
FR05080;1;0.26687;49.50362;92.0;2026-03-20;
FR05082;1;0.10925;49.34799;45.0;2024-01-17;2024-12-22
FR05082;2;0.1092;49.348;45.0;2024-12-23;2024-12-23
FR05082;3;0.10925;49.348;45.0;2024-12-24;
FR05087;1;0.75883;49.49829;10.0;2024-01-17;2024-12-22
FR05087;2;0.7588;49.4983;10.0;2024-12-23;2024-12-23
FR05087;3;0.75883;49.49829;10.0;2024-12-24;2025-05-25
FR05087;4;0.7587;49.49842;10.0;2025-05-26;
FR05088;1;0.4159;49.75;20.0;2024-01-17;
FR05090;1;0.10064;49.51468;92.0;2024-01-17;2024-12-22
FR05090;2;0.1007;49.5147;92.0;2024-12-23;2024-12-23
FR05090;3;0.10065;49.51469;92.0;2024-12-24;
FR06001;1;3.50804;50.35853;43.0;2024-01-17;2024-12-22
FR06001;2;3.508;50.3585;43.0;2024-12-23;2024-12-23
FR06001;3;3.50804;50.35853;43.0;2024-12-24;
FR06003;1;3.06586;50.37821;28.0;2024-01-17;2024-12-22
FR06003;2;3.0659;50.3782;28.0;2024-12-23;2024-12-23
FR06003;3;3.06586;50.37822;28.0;2024-12-24;
FR06007;1;3.97691;50.27935;133.0;2024-01-17;2024-12-22
FR06007;2;3.9769;50.2794;133.0;2024-12-23;2024-12-23
FR06007;3;3.97691;50.27936;133.0;2024-12-24;
FR06011;1;3.39593;50.32276;31.0;2024-01-17;2024-12-22
FR06011;2;3.3959;50.3228;31.0;2024-12-23;2024-12-23
FR06011;3;3.39593;50.32276;31.0;2024-12-24;
FR06133;1;3.85003;50.09225;151.0;2024-01-17;2024-12-22
FR06133;2;3.85;50.0922;151.0;2024-12-23;2024-12-23
FR06133;3;3.85003;50.09225;151.0;2024-12-24;
FR06134;1;3.42794;50.45647;22.0;2024-01-17;
FR07004;1;3.11383;45.79728;340.0;2024-01-17;2024-12-22
FR07004;2;3.1138;45.7973;340.0;2024-12-23;2024-12-23
FR07004;3;3.11383;45.79728;340.0;2024-12-24;
FR07009;1;3.0875;45.77216;390.0;2024-01-17;
FR07022;1;3.60066;46.65266;235.0;2024-01-17;2024-12-22
FR07022;2;3.6007;46.6527;235.0;2024-12-23;2024-12-23
FR07022;3;3.60067;46.65267;235.0;2024-12-24;
FR07031;1;3.27736;45.10472;1040.0;2024-01-17;2024-12-22
FR07031;2;3.2774;45.1047;1040.0;2024-12-23;2024-12-23
FR07031;3;3.27736;45.10472;1040.0;2024-12-24;
FR07052;1;2.44108;44.92007;640.0;2024-01-17;2024-12-22
FR07052;2;2.4411;44.9201;640.0;2024-12-23;2024-12-23
FR07052;3;2.44108;44.92008;640.0;2024-12-24;
FR07054;1;3.887;45.039;629.0;2024-01-17;
FR07056;1;4.226;44.98377;1191.0;2024-01-17;2024-12-22
FR07056;2;4.226;44.9838;1191.0;2024-12-23;2024-12-23
FR07056;3;4.226;44.98377;1191.0;2024-12-24;
FR07057;1;3.34063;46.56197;221.0;2024-01-17;2024-12-22
FR07057;2;3.3406;46.562;221.0;2024-12-23;2024-12-23
FR07057;3;3.34064;46.56197;221.0;2024-12-24;
FR07058;1;2.59394;46.34071;203.0;2024-01-17;2024-12-22
FR07058;2;2.5939;46.3407;203.0;2024-12-23;2024-12-23
FR07058;3;2.59395;46.34072;203.0;2024-12-24;
FR07059;1;3.42569;46.13043;257.0;2024-01-17;2024-12-22
FR07059;2;3.4257;46.1304;257.0;2024-12-23;2024-12-23
FR07059;3;3.42569;46.13043;257.0;2024-12-24;
FR07060;1;3.04611;45.7641;519.0;2024-01-17;2024-12-22
FR07060;2;3.0461;45.7641;519.0;2024-12-23;2024-12-23
FR07060;3;3.04611;45.76411;519.0;2024-12-24;
FR07061;1;3.12225;45.89673;329.0;2024-01-17;2024-12-22
FR07061;2;3.1223;45.8967;329.0;2024-12-23;2024-12-23
FR07061;3;3.12225;45.89674;329.0;2024-12-24;
FR08003;1;3.86626;43.6113;42.0;2025-03-10;
FR08016;1;3.8868;43.5915;23.0;2024-01-17;2024-03-05
FR08016;2;3.88689;43.59152;8.0;2024-03-06;2024-03-11
FR08016;3;3.8868;43.5915;23.0;2024-03-12;2024-12-23
FR08016;4;3.88681;43.5915;23.0;2024-12-24;
FR08017;1;3.9118;43.5705;6.0;2024-01-17;2024-03-05
FR08017;2;3.91155;43.5706;5.0;2024-03-06;2024-03-11
FR08017;3;3.9118;43.5705;6.0;2024-03-12;
FR08018;1;3.80021;43.6926;128.0;2024-01-17;2024-03-05
FR08018;2;3.80081;43.69536;128.0;2024-03-06;2024-03-11
FR08018;3;3.80021;43.6926;128.0;2024-03-12;2024-12-22
FR08018;4;3.8002;43.6926;128.0;2024-12-23;2024-12-23
FR08018;5;3.80021;43.6926;128.0;2024-12-24;
FR08022;1;3.50484;43.2875;19.0;2024-01-17;2024-03-05
FR08022;2;3.50483;43.28775;20.0;2024-03-06;2024-03-11
FR08022;3;3.50484;43.2875;19.0;2024-03-12;2024-12-22
FR08022;4;3.5048;43.2875;19.0;2024-12-23;2024-12-23
FR08022;5;3.50484;43.2875;19.0;2024-12-24;
FR08023;1;3.18878;43.40679;76.0;2024-01-17;2024-03-05
FR08023;2;3.1888;43.40678;71.0;2024-03-06;2024-03-11
FR08023;3;3.18878;43.40679;76.0;2024-03-12;2024-12-23
FR08023;4;3.18878;43.4068;76.0;2024-12-24;
FR08209;1;4.67957;43.9426;87.0;2025-03-10;
FR08614;1;4.3744;43.83439;42.0;2024-01-17;2024-03-05
FR08614;2;4.37421;43.8344;40.0;2024-03-06;2024-03-11
FR08614;3;4.3744;43.83439;42.0;2024-03-12;2024-12-23
FR08614;4;4.37439;43.8344;42.0;2024-12-24;
FR08617;1;4.26581;43.9254;76.0;2024-01-17;2024-03-05
FR08617;2;4.26581;43.92539;75.0;2024-03-06;2024-03-11
FR08617;3;4.26581;43.9254;76.0;2024-03-12;2024-12-22
FR08617;4;4.26579;43.9254;76.0;2024-12-23;2024-12-23
FR08617;5;4.26581;43.9254;76.0;2024-12-24;
FR08712;1;2.83988;42.71979;60.0;2024-01-17;2024-03-05
FR08712;2;2.83987;42.71983;61.0;2024-03-06;2024-03-11
FR08712;3;2.83988;42.71979;60.0;2024-03-12;2024-12-23
FR08712;4;2.83988;42.7198;60.0;2024-12-24;
FR08714;1;2.90053;42.6955;48.0;2024-01-17;2024-03-05
FR08714;2;2.8997;42.6958;25.0;2024-03-06;2024-03-11
FR08714;3;2.90053;42.6955;48.0;2024-03-12;2024-12-22
FR08714;4;2.9005;42.6955;48.0;2024-12-23;2024-12-23
FR08714;5;2.90053;42.6955;48.0;2024-12-24;
FR09003;1;-1.15368;46.16264;10.0;2024-01-17;2024-03-05
FR09003;2;-1.1536;46.16255;10.0;2024-03-06;2024-03-11
FR09003;3;-1.15368;46.16264;10.0;2024-03-12;2024-12-23
FR09003;4;-1.15368;46.16265;10.0;2024-12-24;
FR09008;1;-1.11708;46.13513;10.0;2024-01-17;2024-03-05
FR09008;2;-1.11704;46.13515;10.0;2024-03-06;2024-03-11
FR09008;3;-1.11708;46.13513;10.0;2024-03-12;2024-12-23
FR09008;4;-1.11708;46.13514;10.0;2024-12-24;
FR09015;1;0.35845;46.58695;119.0;2024-01-17;2024-03-05
FR09015;2;0.35858;46.58691;119.0;2024-03-06;2024-03-11
FR09015;3;0.35845;46.58695;119.0;2024-03-12;2024-12-23
FR09015;4;0.35846;46.58696;119.0;2024-12-24;
FR09103;1;0.16716;45.64742;83.0;2024-01-17;2024-03-04
FR09103;2;0.16716;45.64741;83.0;2024-03-05;2024-03-09
FR09103;3;0.16716;45.64742;83.0;2024-03-10;2024-12-23
FR09103;4;0.16716;45.64743;83.0;2024-12-24;
FR09302;1;-0.39591;46.14323;93.0;2024-01-17;2024-03-05
FR09302;2;-0.39604;46.14317;93.0;2024-03-06;2024-03-09
FR09302;3;-0.39591;46.14323;93.0;2024-03-10;2024-12-22
FR09302;4;-0.3959;46.1432;93.0;2024-12-23;2024-12-23
FR09302;5;-0.39591;46.14323;93.0;2024-12-24;
FR09303;1;-0.48286;46.32002;19.0;2024-01-17;2024-12-23
FR09303;2;-0.48286;46.32003;19.0;2024-12-24;
FR09304;1;-0.13563;46.8238;100.0;2026-03-20;
FR09404;1;0.34558;46.584;110.0;2024-01-17;2024-03-05
FR09404;2;0.34555;46.58389;110.0;2024-03-06;2024-03-11
FR09404;3;0.34558;46.584;110.0;2024-03-12;2024-12-22
FR09404;4;0.3456;46.584;110.0;2024-12-23;2024-12-23
FR09404;5;0.34558;46.584;110.0;2024-12-24;
FR10004;1;2.42004;51.04858;8.0;2025-03-10;
FR10016;1;1.84308;50.94729;4.0;2024-05-02;2024-12-22
FR10016;2;1.8431;50.9473;4.0;2024-12-23;2024-12-23
FR10016;3;1.84308;50.94729;4.0;2024-12-24;
FR10017;1;2.33235;51.03276;4.0;2024-01-17;2024-12-23
FR10017;2;2.33236;51.03276;4.0;2024-12-24;
FR10025;1;1.76917;50.94989;3.0;2024-01-17;2024-12-22
FR10025;2;1.7692;50.9499;3.0;2024-12-23;2024-12-23
FR10025;3;1.76917;50.94989;3.0;2024-12-24;
FR10026;1;1.89008;50.95779;3.0;2024-01-17;2024-12-23
FR10026;2;1.89008;50.9578;3.0;2024-12-24;
FR10029;1;2.36627;50.99593;3.0;2024-01-17;2024-12-23
FR10029;2;2.36627;50.99594;3.0;2024-12-24;
FR10032;1;1.57657;50.69434;58.0;2024-01-17;2024-12-23
FR10032;2;1.57657;50.69435;58.0;2024-12-24;
FR10041;1;2.25978;50.74823;12.0;2024-01-17;
FR10132;1;1.99144;50.61048;170.0;2024-01-17;2024-12-23
FR10132;2;1.99145;50.61048;170.0;2024-12-24;
FR11026;1;3.12568;50.77548;24.0;2024-01-17;2024-12-22
FR11026;2;3.1257;50.7755;24.0;2024-12-23;2024-12-23
FR11026;3;3.12568;50.77548;24.0;2024-12-24;
FR11038;1;3.17361;50.73333;42.0;2025-03-10;
FR11114;1;3.04946;50.59773;51.0;2024-01-17;2024-12-22
FR11114;2;3.0495;50.5977;51.0;2024-12-23;2024-12-23
FR11114;3;3.04946;50.59774;51.0;2024-12-24;
FR12004;1;1.41806;43.57569;144.0;2024-01-17;2024-03-05
FR12004;2;1.41861;43.57555;143.0;2024-03-06;2024-03-11
FR12004;3;1.41806;43.57569;144.0;2024-03-12;2024-12-22
FR12004;4;1.4181;43.5757;144.0;2024-12-23;2024-12-23
FR12004;5;1.41806;43.57569;144.0;2024-12-24;
FR12020;1;0.17906;43.62869;230.0;2024-01-17;2024-03-05
FR12020;2;0.17972;43.63028;240.0;2024-03-06;2024-03-20
FR12020;3;0.17906;43.62869;230.0;2024-03-21;2024-12-23
FR12020;4;0.17907;43.6287;230.0;2024-12-24;
FR12021;1;1.43853;43.6236;144.0;2024-01-17;2024-03-05
FR12021;2;1.43861;43.62361;139.0;2024-03-06;2024-03-11
FR12021;3;1.43853;43.6236;144.0;2024-03-12;2024-12-23
FR12021;4;1.43853;43.62361;144.0;2024-12-24;
FR12026;1;2.14589;43.92776;181.0;2024-01-17;2024-03-05
FR12026;2;2.14611;43.92805;182.0;2024-03-06;2024-03-11
FR12026;3;2.14589;43.92776;181.0;2024-03-12;2024-12-23
FR12026;4;2.1459;43.92777;181.0;2024-12-24;
FR12029;1;0.84561;43.88393;217.0;2024-01-17;2024-03-05
FR12029;2;0.845;43.88361;222.0;2024-03-06;2024-03-11
FR12029;3;0.84561;43.88393;217.0;2024-03-12;2024-12-23
FR12029;4;0.84562;43.88393;217.0;2024-12-24;
FR12030;1;1.444;43.58734;146.0;2024-01-17;2024-03-05
FR12030;2;1.44388;43.58721;150.0;2024-03-06;2024-03-11
FR12030;3;1.444;43.58734;146.0;2024-03-12;2024-12-19
FR12030;4;1.444;43.58735;146.0;2024-12-20;
FR12031;1;1.82194;43.44139;250.0;2024-01-17;2024-03-05
FR12031;2;1.82194;43.44139;260.0;2024-03-06;2024-03-11
FR12031;3;1.82194;43.44139;250.0;2024-03-12;2024-12-18
FR12031;4;1.8219;43.4414;250.0;2024-12-19;2024-12-23
FR12031;5;1.82194;43.44139;250.0;2024-12-24;
FR12041;1;1.57146;43.4573;194.0;2024-01-17;2024-03-05
FR12041;2;1.57111;43.45749;192.0;2024-03-06;2024-03-11
FR12041;3;1.57146;43.4573;194.0;2024-03-12;2024-12-23
FR12041;4;1.57147;43.45731;194.0;2024-12-24;
FR12042;1;-0.04049;43.09624;403.0;2024-01-17;2024-03-05
FR12042;2;-0.03888;43.09694;405.0;2024-03-06;2024-03-11
FR12042;3;-0.04049;43.09624;403.0;2024-03-12;2024-12-23
FR12042;4;-0.0405;43.09625;403.0;2024-12-24;
FR12052;1;0.06233;43.23029;312.0;2024-01-17;2024-03-05
FR12052;2;0.06222;43.23027;311.0;2024-03-06;2024-03-11
FR12052;3;0.06233;43.23029;312.0;2024-03-12;2024-12-23
FR12052;4;0.06234;43.2303;312.0;2024-12-24;
FR12053;1;2.23015;43.61049;183.0;2024-01-17;2024-03-05
FR12053;2;2.23;43.61055;183.0;2024-03-06;2024-03-11
FR12053;3;2.23015;43.61049;183.0;2024-03-12;2024-12-23
FR12053;4;2.23015;43.6105;183.0;2024-12-24;
FR12095;1;2.5707;44.35699;587.0;2024-01-17;2024-12-22
FR12095;2;2.5707;44.357;587.0;2024-12-23;2024-12-23
FR12095;3;2.5707;44.35699;587.0;2024-12-24;
FR14008;1;4.63;49.90778;394.0;2024-01-17;2024-12-22
FR14008;2;4.63;49.9078;394.0;2024-12-23;2024-12-23
FR14008;3;4.63;49.90778;394.0;2024-12-24;
FR14010;1;4.05111;49.28222;91.0;2024-01-17;2024-12-22
FR14010;2;4.0511;49.2822;91.0;2024-12-23;2024-12-23
FR14010;3;4.05111;49.28222;91.0;2024-12-24;
FR14012;1;4.02055;49.22416;96.0;2024-01-17;2024-12-23
FR14012;2;4.02055;49.22417;96.0;2024-12-24;
FR14022;1;4.36;48.96222;86.0;2024-01-17;2024-12-22
FR14022;2;4.36;48.9622;86.0;2024-12-23;2024-12-23
FR14022;3;4.36;48.96222;86.0;2024-12-24;
FR14029;1;4.59478;48.7266;101.0;2024-01-17;
FR14031;1;4.07694;48.30166;109.0;2024-01-17;2024-12-23
FR14031;2;4.07693;48.30167;109.0;2024-12-24;
FR14032;1;4.11722;48.29916;122.0;2024-01-17;2024-12-23
FR14032;2;4.11721;48.29917;122.0;2024-12-24;
FR14033;1;4.05027;48.295;119.0;2024-01-17;2024-12-23
FR14033;2;4.05028;48.295;119.0;2024-12-24;
FR14042;1;4.96611;48.64583;151.0;2024-01-17;2024-12-23
FR14042;2;4.9661;48.64584;151.0;2024-12-24;
FR14051;1;4.71916;49.74527;160.0;2024-01-17;2024-12-23
FR14051;2;4.71917;49.74528;160.0;2024-12-24;
FR15013;1;5.72865;45.07953;267.0;2024-01-17;2024-12-23
FR15013;2;5.72865;45.07954;267.0;2024-12-24;
FR15018;1;5.58941;45.36017;286.0;2024-01-17;2024-12-23
FR15018;2;5.58942;45.36018;286.0;2024-12-24;
FR15031;1;6.4694;44.997;1750.0;2026-03-20;
FR15038;1;5.7531;45.1828;219.0;2024-01-17;
FR15043;1;5.7356;45.1619;219.0;2024-01-17;
FR15045;1;5.6767;45.05779;310.0;2024-01-17;2024-12-22
FR15045;2;5.6767;45.0578;310.0;2024-12-23;
FR15048;1;5.8822;45.2797;260.0;2024-01-17;
FR16017;1;8.15845;48.91935;114.0;2024-01-17;2024-12-22
FR16017;2;8.1585;48.9194;114.0;2024-12-23;2024-12-23
FR16017;3;8.15846;48.91936;114.0;2024-12-24;
FR16029;1;7.78163;48.61036;114.0;2024-01-17;2024-03-05
FR16029;2;7.78163;48.61036;136.0;2024-03-06;2024-03-09
FR16029;3;7.78163;48.61036;114.0;2024-03-10;2024-12-22
FR16029;4;7.7816;48.6104;114.0;2024-12-23;2024-12-23
FR16029;5;7.78163;48.61036;114.0;2024-12-24;
FR16031;1;7.31417;48.8573;340.0;2024-01-17;2024-12-22
FR16031;2;7.3142;48.8573;340.0;2024-12-23;2024-12-23
FR16031;3;7.31418;48.85731;340.0;2024-12-24;
FR16041;1;7.68781;48.5157;144.0;2024-01-17;2024-12-22
FR16041;2;7.6878;48.5157;144.0;2024-12-23;2024-12-23
FR16041;3;7.68782;48.5157;144.0;2024-12-24;
FR16054;1;7.35066;48.07464;195.0;2024-01-17;2024-08-05
FR16054;2;7.35055;48.07444;195.0;2024-08-06;2024-12-22
FR16054;3;7.3506;48.0744;195.0;2024-12-23;2024-12-23
FR16054;4;7.35056;48.07444;195.0;2024-12-24;
FR16057;1;7.34729;47.75743;236.0;2024-01-17;2024-12-22
FR16057;2;7.3473;47.7574;236.0;2024-12-23;2024-12-23
FR16057;3;7.34729;47.75744;236.0;2024-12-24;
FR16060;1;7.56817;47.59491;247.0;2024-01-17;2024-12-22
FR16060;2;7.5682;47.5949;247.0;2024-12-23;2024-12-23
FR16060;3;7.56818;47.59491;247.0;2024-12-24;
FR16064;1;7.33313;48.06541;200.0;2024-01-17;2024-12-19
FR16064;2;7.33314;48.06541;200.0;2024-12-20;
FR16065;1;7.3416;47.7231;355.0;2024-01-17;2024-12-23
FR16065;2;7.3416;47.72311;355.0;2024-12-24;
FR16066;1;7.30907;47.73741;267.0;2024-01-17;2024-12-22
FR16066;2;7.3091;47.7374;267.0;2024-12-23;2024-12-23
FR16066;3;7.30908;47.73742;267.0;2024-12-24;
FR16302;1;7.1298;48.49299;770.0;2024-01-17;
FR18035;1;2.2398;49.86889;30.0;2024-01-17;2024-12-22
FR18035;2;2.23979;49.8689;30.0;2024-12-23;2024-12-23
FR18035;3;2.23981;49.86889;30.0;2024-12-24;
FR18039;1;1.61083;50.12944;33.0;2024-01-17;2024-12-22
FR18039;2;1.6108;50.1294;33.0;2024-12-23;2024-12-23
FR18039;3;1.61083;50.12945;33.0;2024-12-24;
FR18042;1;3.284;49.85133;95.0;2024-01-17;2024-12-22
FR18042;2;3.284;49.8513;95.0;2024-12-23;2024-12-23
FR18042;3;3.284;49.85133;95.0;2024-12-24;
FR18043;1;2.47439;49.25955;34.0;2024-01-17;2024-12-22
FR18043;2;2.4744;49.2595;34.0;2024-12-23;2024-12-23
FR18043;3;2.4744;49.25955;34.0;2024-12-24;
FR18045;1;2.80113;49.69669;86.0;2024-01-17;
FR18053;1;2.30459;49.90166;26.0;2024-01-17;2024-03-05
FR18053;2;2.3046;49.9025;28.0;2024-03-06;2024-03-11
FR18053;3;2.30459;49.90166;26.0;2024-03-12;2024-12-22
FR18053;4;2.3046;49.9017;26.0;2024-12-23;2024-12-23
FR18053;5;2.3046;49.90167;26.0;2024-12-24;
FR18057;1;3.26081;49.17493;113.0;2024-01-17;2024-12-22
FR18057;2;3.2608;49.1749;113.0;2024-12-23;2024-12-23
FR18057;3;3.26082;49.17493;113.0;2024-12-24;
FR18058;1;1.96326;49.61563;119.0;2026-03-20;
FR19012;1;-4.4866;48.38618;48.0;2024-01-17;2024-12-22
FR19012;2;-4.4866;48.3862;48.0;2024-12-23;2024-12-23
FR19012;3;-4.4866;48.38618;48.0;2024-12-24;
FR19016;1;-4.56805;48.35944;66.0;2024-01-17;2024-12-22
FR19016;2;-4.5681;48.3594;66.0;2024-12-23;2024-12-23
FR19016;3;-4.56806;48.35944;66.0;2024-12-24;
FR19018;1;-1.83458;48.08288;45.0;2024-02-06;2024-12-22
FR19018;2;-1.8346;48.0829;45.0;2024-12-23;2024-12-23
FR19018;3;-1.83458;48.08288;45.0;2024-12-24;
FR19020;1;-2.94363;48.26196;307.0;2024-01-17;2024-12-22
FR19020;2;-2.9436;48.262;307.0;2024-12-23;2024-12-23
FR19020;3;-2.94363;48.26196;307.0;2024-12-24;
FR19032;1;-3.39501;47.7425;37.0;2024-01-17;2024-12-22
FR19032;2;-3.395;47.7425;37.0;2024-12-23;2024-12-23
FR19032;3;-3.39501;47.7425;37.0;2024-12-24;
FR19033;1;-2.76399;47.64891;20.0;2024-01-17;2024-12-22
FR19033;2;-2.764;47.6489;20.0;2024-12-23;2024-12-23
FR19033;3;-2.76399;47.64892;20.0;2024-12-24;
FR19039;1;-1.67309;48.11521;54.0;2025-03-10;
FR19053;1;-4.09765;47.9866;61.0;2024-01-17;2024-12-22
FR19053;2;-4.09769;47.9866;61.0;2024-12-23;2024-12-23
FR19053;3;-4.09766;47.98661;61.0;2024-12-24;
FR19061;1;-2.74953;48.51351;90.0;2024-01-17;2024-12-22
FR19061;2;-2.7495;48.5135;90.0;2024-12-23;2024-12-23
FR19061;3;-2.74953;48.51351;90.0;2024-12-24;
FR19082;1;-2.00267;48.65306;5.0;2024-01-17;2024-12-22
FR19082;2;-2.0027;48.6531;5.0;2024-12-23;2024-12-23
FR19082;3;-2.00267;48.65306;5.0;2024-12-24;
FR20017;1;4.82979;45.73528;172.0;2024-01-17;2024-12-23
FR20017;2;4.82979;45.73529;172.0;2024-12-24;
FR20037;1;4.8022;45.60189;235.0;2024-01-17;2024-12-23
FR20037;2;4.8022;45.6019;235.0;2024-12-24;
FR20046;1;4.92469;45.7789;172.0;2025-01-27;
FR20047;1;4.95395;45.82322;180.0;2024-01-17;2024-12-23
FR20047;2;4.95396;45.82322;180.0;2024-12-24;
FR20048;1;5.07219;45.7533;217.0;2024-01-17;
FR20049;1;4.46571;45.9614;540.0;2024-01-17;2024-12-23
FR20049;2;4.4657;45.96141;540.0;2024-12-24;
FR20062;1;4.85421;45.75773;160.0;2024-01-17;2024-12-22
FR20062;2;4.85419;45.7577;160.0;2024-12-23;2024-12-23
FR20062;3;4.85421;45.75773;160.0;2024-12-24;
FR20077;1;4.71556;45.99011;184.0;2024-01-17;2024-12-22
FR20077;2;4.7156;45.9901;184.0;2024-12-23;2024-12-23
FR20077;3;4.71556;45.99011;184.0;2024-12-24;
FR21001;1;-0.39111;49.19221;56.0;2024-01-17;2024-03-05
FR21001;2;-0.39118;49.19221;56.0;2024-03-06;2024-03-11
FR21001;3;-0.39111;49.19221;56.0;2024-03-12;2024-12-22
FR21001;4;-0.3911;49.1922;56.0;2024-12-23;2024-12-23
FR21001;5;-0.39111;49.19222;56.0;2024-12-24;
FR21017;1;-0.25777;49.28944;6.0;2024-01-17;2024-12-22
FR21017;2;-0.25779;49.2894;6.0;2024-12-23;2024-12-23
FR21017;3;-0.25778;49.28944;6.0;2024-12-24;
FR21019;1;-0.35277;49.15167;22.0;2024-01-17;2024-12-22
FR21019;2;-0.3528;49.1517;22.0;2024-12-23;2024-12-23
FR21019;3;-0.35278;49.15167;22.0;2024-12-24;
FR21021;1;0.22722;49.14722;56.0;2024-01-17;
FR21031;1;0.11083;48.44555;140.0;2024-01-17;2024-12-22
FR21031;2;0.1108;48.4455;140.0;2024-12-23;2024-12-23
FR21031;3;0.11083;48.44555;140.0;2024-12-24;
FR21038;1;-1.62436;49.64225;6.0;2024-01-17;2024-12-22
FR21038;2;-1.6244;49.6422;6.0;2024-12-23;2024-12-23
FR21038;3;-1.62436;49.64225;6.0;2024-12-24;
FR21040;1;-1.08472;49.11638;56.0;2024-01-17;2024-12-22
FR21040;2;-1.0847;49.1164;56.0;2024-12-23;2024-12-23
FR21040;3;-1.08471;49.11639;56.0;2024-12-24;
FR21050;1;-0.45833;48.645;309.0;2024-01-17;2024-12-22
FR21050;2;-0.4583;48.645;309.0;2024-12-23;2024-12-23
FR21050;3;-0.45833;48.645;309.0;2024-12-24;
FR22014;1;6.95744;49.19539;340.0;2024-01-24;
FR22054;1;6.91086;49.18742;233.0;2024-01-17;2024-12-22
FR22054;2;6.9109;49.1874;233.0;2024-12-23;2024-12-23
FR22054;3;6.91087;49.18742;233.0;2024-12-24;
FR23078;1;-0.88611;47.05444;100.0;2024-01-17;2024-12-22
FR23078;2;-0.8861;47.0544;100.0;2024-12-23;2024-12-23
FR23078;3;-0.88611;47.05444;100.0;2024-12-24;2025-12-17
FR23078;4;-0.88611;47.05444;83.0;2025-12-18;2025-12-20
FR23078;5;-0.88358;47.05583;83.0;2025-12-21;
FR23107;1;-1.57333;47.25277;20.0;2024-01-17;2024-12-22
FR23107;2;-1.5733;47.2528;20.0;2024-12-23;2024-12-23
FR23107;3;-1.57333;47.25278;20.0;2024-12-24;
FR23110;1;-2.24985;47.26411;10.0;2024-01-17;2024-12-22
FR23110;2;-2.24989;47.2641;10.0;2024-12-23;2024-12-23
FR23110;3;-2.24986;47.26412;10.0;2024-12-24;2025-12-17
FR23110;4;-2.24986;47.26412;26.0;2025-12-18;2025-12-20
FR23110;5;-2.25015;47.26411;26.0;2025-12-21;
FR23120;1;-0.55605;47.46851;30.0;2024-01-17;2024-12-22
FR23120;2;-0.5561;47.4685;30.0;2024-12-23;2024-12-23
FR23120;3;-0.55605;47.46851;30.0;2024-12-24;2025-12-17
FR23120;4;-0.55605;47.46851;41.0;2025-12-18;2025-12-20
FR23120;5;-0.55593;47.4685;41.0;2025-12-21;
FR23123;1;-0.76769;48.06943;51.0;2024-01-17;2024-12-22
FR23123;2;-0.7677;48.0694;51.0;2024-12-23;2024-12-23
FR23123;3;-0.76769;48.06943;51.0;2024-12-24;2025-12-17
FR23123;4;-0.76769;48.06943;48.0;2025-12-18;2025-12-20
FR23123;5;-0.76813;48.0693;48.0;2025-12-21;
FR23124;1;-0.74368;46.65668;100.0;2024-01-17;2024-12-22
FR23124;2;-0.7437;46.6567;100.0;2024-12-23;2024-12-23
FR23124;3;-0.74368;46.65668;100.0;2024-12-24;2025-12-17
FR23124;4;-0.74368;46.65668;142.0;2025-12-18;2025-12-20
FR23124;5;-0.74338;46.65662;142.0;2025-12-21;
FR23150;1;-0.55006;47.44738;30.0;2024-01-17;2024-12-22
FR23150;2;-0.5501;47.4474;30.0;2024-12-23;2024-12-23
FR23150;3;-0.55006;47.44739;30.0;2024-12-24;2025-12-17
FR23150;4;-0.55006;47.44739;31.0;2025-12-18;2025-12-20
FR23150;5;-0.5501;47.44734;31.0;2025-12-21;
FR23152;1;-1.43683;46.66069;50.0;2024-01-17;2024-12-22
FR23152;2;-1.4368;46.6607;50.0;2024-12-23;2024-12-23
FR23152;3;-1.43683;46.6607;50.0;2024-12-24;2025-12-17
FR23152;4;-1.43683;46.6607;68.0;2025-12-18;2025-12-20
FR23152;5;-1.43686;46.66065;68.0;2025-12-21;
FR23157;1;-1.69026;47.14608;12.0;2024-01-17;2024-12-22
FR23157;2;-1.6903;47.1461;12.0;2024-12-23;2024-12-23
FR23157;3;-1.69027;47.14609;12.0;2024-12-24;2025-12-17
FR23157;4;-1.69027;47.14609;22.0;2025-12-18;
FR23163;1;0.15182;47.92192;42.0;2024-01-17;2024-12-22
FR23163;2;0.15179;47.9219;42.0;2024-12-23;2024-12-23
FR23163;3;0.15183;47.92192;42.0;2024-12-24;2025-12-17
FR23163;4;0.15183;47.92192;43.0;2025-12-18;2025-12-20
FR23163;5;0.1519;47.92193;43.0;2025-12-21;
FR23174;1;0.19598;47.98891;50.0;2024-01-17;2024-12-22
FR23174;2;0.196;47.9889;50.0;2024-12-23;2024-12-23
FR23174;3;0.19598;47.98892;50.0;2024-12-24;2025-12-17
FR23174;4;0.19598;47.98892;45.0;2025-12-18;2025-12-20
FR23174;5;0.19605;47.98895;45.0;2025-12-21;
FR23175;1;-0.61006;47.43016;20.0;2024-01-17;2024-12-22
FR23175;2;-0.6101;47.4302;20.0;2024-12-23;2024-12-23
FR23175;3;-0.61006;47.43016;20.0;2024-12-24;2025-12-17
FR23175;4;-0.61006;47.43016;51.0;2025-12-18;2025-12-20
FR23175;5;-0.61001;47.43012;51.0;2025-12-21;
FR23177;1;-0.44404;47.78773;54.0;2024-01-17;2024-12-22
FR23177;2;-0.444;47.7877;54.0;2024-12-23;2024-12-23
FR23177;3;-0.44404;47.78773;54.0;2024-12-24;2025-12-20
FR23177;4;-0.44476;47.78833;54.0;2025-12-21;
FR23181;1;-2.22305;47.27305;10.0;2024-01-17;2024-12-22
FR23181;2;-2.2231;47.2731;10.0;2024-12-23;2024-12-23
FR23181;3;-2.22305;47.27306;10.0;2024-12-24;2025-12-17
FR23181;4;-2.22305;47.27306;5.0;2025-12-18;2025-12-20
FR23181;5;-2.22317;47.27313;5.0;2025-12-21;
FR23182;1;0.22142;47.97106;50.0;2024-01-17;2024-12-22
FR23182;2;0.2214;47.9711;50.0;2024-12-23;2024-12-23
FR23182;3;0.22142;47.97107;50.0;2024-12-24;2025-12-17
FR23182;4;0.22142;47.97107;84.0;2025-12-18;2025-12-20
FR23182;5;0.22136;47.97115;84.0;2025-12-21;
FR23188;1;-1.5375;47.2225;20.0;2024-01-17;2025-12-17
FR23188;2;-1.5375;47.2225;13.0;2025-12-18;2025-12-20
FR23188;3;-1.53743;47.22219;13.0;2025-12-21;
FR23230;1;-2.33206;47.25305;12.0;2024-01-17;2024-12-22
FR23230;2;-2.3321;47.2531;12.0;2024-12-23;2024-12-23
FR23230;3;-2.33207;47.25306;12.0;2024-12-24;2025-12-17
FR23230;4;-2.33207;47.25306;7.0;2025-12-18;2025-12-20
FR23230;5;-2.33203;47.25304;7.0;2025-12-21;
FR24007;1;7.09315;43.5988;81.0;2025-03-10;
FR24009;1;7.00591;43.55838;71.0;2024-01-21;2024-12-22
FR24009;2;7.0059;43.5584;71.0;2024-12-23;2024-12-23
FR24009;3;7.00592;43.55839;71.0;2024-12-24;
FR24011;1;7.21117;43.68519;118.0;2024-01-17;2024-12-22
FR24011;2;7.2112;43.6852;118.0;2024-12-23;2024-12-23
FR24011;3;7.21117;43.68519;118.0;2024-12-24;
FR24014;1;6.98898;44.09469;1454.0;2026-03-20;
FR24018;1;5.78613;43.83578;385.0;2024-01-17;2024-12-22
FR24018;2;5.7861;43.8358;385.0;2024-12-23;2024-12-23
FR24018;3;5.78613;43.83578;385.0;2024-12-24;
FR24033;1;6.07302;44.5552;743.0;2026-03-20;
FR24036;1;7.28626;43.70208;11.0;2026-03-20;
FR24039;1;5.7118;43.93347;668.0;2024-01-17;2024-12-22
FR24039;2;5.7118;43.9335;668.0;2024-12-23;2024-12-23
FR24039;3;5.71181;43.93348;668.0;2024-12-24;
FR24040;1;7.04827;43.79191;994.0;2024-01-17;2024-12-22
FR24040;2;7.0483;43.7919;994.0;2024-12-23;2024-12-23
FR24040;3;7.04828;43.79191;994.0;2024-12-24;
FR25036;1;1.09378;49.44235;17.0;2024-01-17;2024-03-05
FR25036;2;1.09369;49.44246;17.0;2024-03-06;2024-03-11
FR25036;3;1.09378;49.44235;17.0;2024-03-12;2024-12-21
FR25036;4;1.09379;49.44236;17.0;2024-12-22;
FR25039;1;1.14831;49.02134;65.0;2024-01-17;2024-12-22
FR25039;2;1.1483;49.0213;65.0;2024-12-23;2024-12-23
FR25039;3;1.14832;49.02134;65.0;2024-12-24;
FR25040;1;1.15514;49.40619;160.0;2024-01-17;2024-12-22
FR25040;2;1.1551;49.4062;160.0;2024-12-23;2024-12-23
FR25040;3;1.15514;49.40619;160.0;2024-12-24;
FR25043;1;1.09904;49.4005;11.0;2024-01-17;2024-03-05
FR25043;2;1.09882;49.40051;11.0;2024-03-06;2024-03-11
FR25043;3;1.09904;49.4005;11.0;2024-03-12;2024-12-22
FR25043;4;1.099;49.4005;11.0;2024-12-23;2024-12-23
FR25043;5;1.09904;49.4005;11.0;2024-12-24;
FR25048;1;1.05803;49.42815;9.0;2025-04-28;
FR25049;1;1.21436;49.30486;21.0;2024-01-17;2024-12-22
FR25049;2;1.21439;49.3049;21.0;2024-12-23;2024-12-23
FR25049;3;1.21437;49.30487;21.0;2024-12-24;
FR25050;1;1.34508;49.78121;65.0;2024-01-17;2024-12-19
FR25050;2;1.34508;49.78122;65.0;2024-12-20;
FR25055;1;1.04789;49.92048;89.0;2024-03-08;2024-12-22
FR25055;2;1.0479;49.9205;89.0;2024-12-23;2024-12-23
FR25055;3;1.04789;49.92049;89.0;2024-12-24;
FR26005;1;5.06588;47.30736;238.0;2024-01-17;2024-12-23
FR26005;2;5.06588;47.30737;238.0;2024-12-24;
FR26010;1;5.00237;47.34559;332.0;2024-01-17;2024-12-23
FR26010;2;5.00237;47.3456;332.0;2024-12-24;
FR26012;1;4.09947;47.27476;638.0;2024-01-17;2024-12-23
FR26012;2;4.09948;47.27476;638.0;2024-12-24;
FR26014;1;5.04105;47.32574;246.0;2024-01-17;2024-12-23
FR26014;2;5.04106;47.32575;246.0;2024-12-24;
FR26016;1;3.2773;48.20043;70.0;2024-02-01;2024-12-23
FR26016;2;3.2773;48.20044;70.0;2024-12-24;
FR26017;1;3.17109;46.99682;190.0;2024-01-17;2024-12-23
FR26017;2;3.17109;46.99683;190.0;2024-12-24;
FR26019;1;3.57618;47.80057;107.0;2024-01-17;2024-12-23
FR26019;2;3.57619;47.80058;107.0;2024-12-24;
FR27002;1;4.80514;45.36781;157.0;2024-01-17;2024-12-23
FR27002;2;4.80515;45.36782;157.0;2024-12-24;
FR27003;1;4.76653;45.45452;152.0;2026-03-20;
FR27005;1;4.7707;45.32184;136.0;2024-01-17;2024-12-23
FR27005;2;4.7707;45.32185;136.0;2024-12-24;
FR27007;1;5.27087;45.60822;227.0;2024-01-17;2024-12-22
FR27007;2;5.2709;45.6082;227.0;2024-12-23;2024-12-23
FR27007;3;5.27087;45.60822;227.0;2024-12-24;
FR27010;1;5.18108;45.4609;520.0;2024-01-17;2024-12-23
FR27010;2;5.18107;45.4609;520.0;2024-12-24;
FR28010;1;2.9;50.44913;31.0;2024-01-17;2024-12-23
FR28010;2;2.9;50.44914;31.0;2024-12-24;
FR28022;1;2.80736;50.30886;90.0;2024-01-17;2024-12-23
FR28022;2;2.80737;50.30886;90.0;2024-12-24;
FR28028;1;2.63569;50.53538;26.0;2024-01-17;2024-12-23
FR28028;2;2.63569;50.53539;26.0;2024-12-24;
FR28033;1;2.66642;50.48972;23.0;2024-01-17;2024-12-22
FR28033;2;2.6664;50.4897;23.0;2024-12-23;2024-12-23
FR28033;3;2.66642;50.48972;23.0;2024-12-24;
FR29423;1;4.07465;46.04111;259.0;2024-01-17;2024-12-23
FR29423;2;4.07466;46.04111;259.0;2024-12-24;
FR29424;1;4.39542;45.42008;552.0;2024-01-17;2024-12-23
FR29424;2;4.39541;45.42009;552.0;2024-12-24;
FR29426;1;4.515;45.47532;366.0;2024-01-17;2024-12-23
FR29426;2;4.51499;45.47533;366.0;2024-12-24;
FR29439;1;4.42966;45.48177;520.0;2024-01-17;2024-12-23
FR29439;2;4.42967;45.48178;520.0;2024-12-24;
FR30019;1;6.45281;48.17278;350.0;2024-01-17;2024-03-05
FR30019;2;6.45281;48.17278;325.0;2024-03-06;2024-03-11
FR30019;3;6.45281;48.17278;350.0;2024-03-12;2024-08-05
FR30019;4;6.45281;48.17265;350.0;2024-08-06;2024-12-23
FR30019;5;6.45282;48.17265;350.0;2024-12-24;
FR30021;1;6.19492;48.6215;250.0;2024-01-17;2024-12-22
FR30021;2;6.1949;48.6215;250.0;2024-12-23;2024-12-23
FR30021;3;6.19492;48.6215;250.0;2024-12-24;
FR30028;1;7.01111;48.05111;1200.0;2024-01-17;2024-12-23
FR30028;2;7.01111;48.05112;1200.0;2024-12-24;
FR30033;1;5.78555;49.06582;213.0;2024-01-17;2024-12-23
FR30033;2;5.78556;49.06583;213.0;2024-12-24;
FR30034;1;6.19043;48.68817;200.0;2024-01-17;2024-12-22
FR30034;2;6.1904;48.6882;200.0;2024-12-23;2024-12-23
FR30034;3;6.19043;48.68817;200.0;2024-12-24;
FR30037;1;6.13602;48.65694;360.0;2024-01-17;2024-12-22
FR30037;2;6.136;48.6569;360.0;2024-12-23;2024-12-23
FR30037;3;6.13602;48.65694;360.0;2024-12-24;
FR31001;1;-0.58037;44.86121;3.0;2024-01-17;2024-03-04
FR31001;2;-0.57944;44.86138;3.0;2024-03-05;2024-03-09
FR31001;3;-0.58037;44.86121;3.0;2024-03-10;2024-12-22
FR31001;4;-0.5804;44.8612;3.0;2024-12-23;2024-12-23
FR31001;5;-0.58037;44.86121;3.0;2024-12-24;
FR31002;1;-0.58939;44.80045;20.0;2024-01-17;2024-12-23
FR31002;2;-0.5894;44.80046;20.0;2024-12-24;
FR31007;1;-0.51584;44.90029;36.0;2026-03-20;
FR31008;1;-0.94;44.86581;43.0;2024-01-17;2024-03-07
FR31008;2;-0.93944;44.86555;43.0;2024-03-08;2024-03-09
FR31008;3;-0.94;44.86581;43.0;2024-03-10;2024-12-22
FR31008;4;-0.94;44.8658;43.0;2024-12-23;2024-12-23
FR31008;5;-0.94;44.86581;43.0;2024-12-24;
FR31010;1;-0.53394;45.01478;3.0;2026-03-20;
FR31013;1;-0.39154;43.31079;197.0;2024-01-17;2024-03-05
FR31013;2;-0.39111;43.31083;195.0;2024-03-06;2024-03-11
FR31013;3;-0.39154;43.31079;197.0;2024-03-12;2024-12-23
FR31013;4;-0.39154;43.3108;197.0;2024-12-24;
FR31016;1;-1.48915;43.47982;35.0;2024-01-17;2024-03-05
FR31016;2;-1.48805;43.47972;35.0;2024-03-06;2024-03-11
FR31016;3;-1.48915;43.47982;35.0;2024-03-12;2024-12-23
FR31016;4;-1.48916;43.47982;35.0;2024-12-24;
FR31021;1;-0.53821;43.37628;123.0;2026-03-20;
FR31033;1;0.72718;45.18982;142.0;2024-01-17;2024-03-05
FR31033;2;0.72722;45.18972;142.0;2024-03-06;2024-03-11
FR31033;3;0.72718;45.18982;142.0;2024-03-12;2024-12-22
FR31033;4;0.7272;45.1898;142.0;2024-12-23;2024-12-23
FR31033;5;0.72718;45.18982;142.0;2024-12-24;
FR31043;1;-1.55387;43.47023;70.0;2024-01-17;2024-03-05
FR31043;2;-1.55384;43.47023;70.0;2024-03-06;2024-03-11
FR31043;3;-1.55387;43.47023;70.0;2024-03-12;2024-12-23
FR31043;4;-1.55388;43.47024;70.0;2024-12-24;
FR31055;1;-0.50703;43.88897;35.0;2025-03-10;
FR32002;1;4.83508;46.82105;187.0;2024-01-17;2024-12-23
FR32002;2;4.83507;46.82106;187.0;2024-12-24;
FR32005;1;4.36689;46.67878;281.0;2024-01-17;2024-12-22
FR32005;2;4.3669;46.6788;281.0;2024-12-23;2024-12-23
FR32005;3;4.36689;46.67878;281.0;2024-12-24;
FR32006;1;4.83999;46.31617;172.0;2024-01-17;2024-12-22
FR32006;2;4.84;46.3162;172.0;2024-12-23;2024-12-23
FR32006;3;4.83999;46.31617;172.0;2024-12-24;
FR33101;1;5.92833;45.56471;280.0;2024-01-17;2024-12-23
FR33101;2;5.92833;45.56472;280.0;2024-12-24;
FR33102;1;5.91861;45.59666;383.0;2024-01-17;2024-12-20
FR33102;2;5.91861;45.59667;383.0;2024-12-21;
FR33111;1;6.34972;45.27472;555.0;2024-01-17;2024-12-22
FR33111;2;6.3497;45.2747;555.0;2024-12-23;2024-12-23
FR33111;3;6.34972;45.27472;555.0;2024-12-24;
FR33120;1;6.87;45.9225;1038.0;2024-01-17;
FR33121;1;6.38972;45.67499;352.0;2024-01-17;2024-12-23
FR33121;2;6.38972;45.675;352.0;2024-12-24;
FR33201;1;6.11833;45.89527;453.0;2024-01-17;2024-12-23
FR33201;2;6.11833;45.89528;453.0;2024-12-24;
FR33202;1;6.13555;45.91694;461.0;2024-01-17;2024-12-23
FR33202;2;6.13556;45.91694;461.0;2024-12-24;
FR33211;1;6.24055;46.19582;441.0;2024-01-17;2024-12-23
FR33211;2;6.24056;46.19583;441.0;2024-12-24;
FR33212;1;6.21485;46.19368;426.0;2024-01-17;2024-12-23
FR33212;2;6.21486;46.19369;426.0;2024-12-24;2025-05-24
FR33212;3;6.21453;46.19364;426.0;2025-05-25;
FR33220;1;6.71361;45.92361;588.0;2024-01-17;2024-12-22
FR33220;2;6.7136;45.9236;588.0;2024-12-23;2024-12-23
FR33220;3;6.71361;45.92361;588.0;2024-12-24;
FR33302;1;5.82083;46.07222;477.0;2024-01-17;2024-12-22
FR33302;2;5.8208;46.0722;477.0;2024-12-23;2024-12-23
FR33302;3;5.82083;46.07222;477.0;2024-12-24;
FR33305;1;5.22638;46.21166;220.0;2024-01-17;2024-12-23
FR33305;2;5.22639;46.21167;220.0;2024-12-24;
FR34017;1;2.00927;47.95897;123.0;2024-01-17;2024-03-05
FR34017;2;2.00928;47.95897;123.0;2024-03-06;2024-03-11
FR34017;3;2.00927;47.95897;123.0;2024-03-12;2024-12-23
FR34017;4;2.00928;47.95897;123.0;2024-12-24;
FR34024;1;0.65377;47.34414;90.0;2024-01-17;2024-03-05
FR34024;2;0.65377;47.34412;90.0;2024-03-06;2024-03-11
FR34024;3;0.65377;47.34414;90.0;2024-03-12;2024-12-23
FR34024;4;0.65378;47.34414;90.0;2024-12-24;
FR34025;1;0.68294;47.41908;100.0;2024-01-17;2024-03-05
FR34025;2;0.68294;47.41907;100.0;2024-03-06;2024-03-11
FR34025;3;0.68294;47.41908;100.0;2024-03-12;2024-12-22
FR34025;4;0.6829;47.4191;100.0;2024-12-23;2024-12-23
FR34025;5;0.68294;47.41908;100.0;2024-12-24;
FR34026;1;0.71733;47.46924;108.0;2024-01-17;2024-03-05
FR34026;2;0.71734;47.46926;107.0;2024-03-06;2024-03-11
FR34026;3;0.71733;47.46924;108.0;2024-03-12;2024-12-23
FR34026;4;0.71733;47.46925;108.0;2024-12-24;
FR34029;1;1.94466;47.83774;109.0;2024-01-17;2024-03-05
FR34029;2;1.94465;47.83776;109.0;2024-03-06;2024-03-11
FR34029;3;1.94466;47.83774;109.0;2024-03-12;2024-12-23
FR34029;4;1.94467;47.83775;109.0;2024-12-24;
FR34032;1;2.40533;47.08278;133.0;2024-01-17;2024-03-05
FR34032;2;2.40532;47.08278;133.0;2024-03-06;2024-03-11
FR34032;3;2.40533;47.08278;133.0;2024-03-12;2024-12-22
FR34032;4;2.4053;47.0828;133.0;2024-12-23;2024-12-23
FR34032;5;2.40533;47.08278;133.0;2024-12-24;
FR34038;1;2.61006;46.81469;182.0;2024-01-17;2024-12-23
FR34038;2;2.61007;46.81469;182.0;2024-12-24;
FR34041;1;1.51013;48.44441;145.0;2024-01-17;2024-03-05
FR34041;2;1.51014;48.44442;145.0;2024-03-06;2024-03-11
FR34041;3;1.51013;48.44441;145.0;2024-03-12;2024-12-23
FR34041;4;1.51014;48.44442;145.0;2024-12-24;
FR34043;1;1.95561;48.39113;150.0;2024-01-17;2024-03-05
FR34043;2;1.95562;48.39113;150.0;2024-03-06;2024-03-11
FR34043;3;1.95561;48.39113;150.0;2024-03-12;2024-12-23
FR34043;4;1.95561;48.39114;150.0;2024-12-24;
FR34046;1;1.35847;48.72969;90.0;2024-01-17;2024-03-05
FR34046;2;1.35846;48.7297;90.0;2024-03-06;2024-03-11
FR34046;3;1.35847;48.72969;90.0;2024-03-12;2024-12-22
FR34046;4;1.3585;48.7297;90.0;2024-12-23;2024-12-23
FR34046;5;1.35847;48.72969;90.0;2024-12-24;
FR34051;1;1.69313;46.79828;156.0;2024-01-17;2024-03-05
FR34051;2;1.69313;46.79826;156.0;2024-03-06;2024-03-11
FR34051;3;1.69313;46.79828;156.0;2024-03-12;2024-12-23
FR34051;4;1.69314;46.79828;156.0;2024-12-24;
FR34054;1;1.40969;47.17016;130.0;2024-01-17;2024-03-05
FR34054;2;1.40968;47.17015;130.0;2024-03-06;2024-03-11
FR34054;3;1.40969;47.17016;130.0;2024-03-12;2024-12-23
FR34054;4;1.40969;47.17017;130.0;2024-12-24;
FR34056;1;1.77194;46.86452;161.0;2024-01-17;2024-03-05
FR34056;2;1.77195;46.86453;161.0;2024-03-06;2024-03-11
FR34056;3;1.77194;46.86452;161.0;2024-03-12;2024-12-23
FR34056;4;1.77194;46.86453;161.0;2024-12-24;
FR34061;1;1.30266;47.59425;118.0;2024-01-17;2024-03-05
FR34061;2;1.30266;47.59424;118.0;2024-03-06;2024-03-11
FR34061;3;1.30266;47.59425;118.0;2024-03-12;2024-12-23
FR34061;4;1.30267;47.59426;118.0;2024-12-24;
FR34066;1;2.72618;48.00145;106.0;2025-03-10;
FR34067;1;1.87343;47.9103;115.0;2025-03-10;
FR35002;1;0.89843;45.88485;227.0;2024-01-17;2024-03-05
FR35002;2;0.9;45.88999;227.0;2024-03-06;2024-03-10
FR35002;3;0.89843;45.88485;227.0;2024-03-11;2024-12-22
FR35002;4;0.8984;45.8849;227.0;2024-12-23;2024-12-23
FR35002;5;0.89843;45.88485;227.0;2024-12-24;
FR35004;1;1.53725;45.15873;121.0;2024-01-17;2024-03-05
FR35004;2;1.53722;45.15874;121.0;2024-03-06;2024-03-10
FR35004;3;1.53725;45.15873;121.0;2024-03-11;2024-12-23
FR35004;4;1.53726;45.15874;121.0;2024-12-24;
FR35005;1;1.87302;46.17361;437.0;2024-01-17;2024-03-05
FR35005;2;1.87;46.17;437.0;2024-03-06;2024-03-08
FR35005;3;1.87302;46.17361;437.0;2024-03-09;2024-12-23
FR35005;4;1.87302;46.17362;437.0;2024-12-24;
FR35006;1;1.76275;45.26266;264.0;2024-01-17;2024-03-05
FR35006;2;1.76;45.25999;264.0;2024-03-06;2024-03-10
FR35006;3;1.76275;45.26266;264.0;2024-03-11;2024-12-23
FR35006;4;1.76275;45.26267;264.0;2024-12-24;
FR35007;1;1.30791;45.8733;333.0;2024-01-17;2024-03-05
FR35007;2;1.31;45.86999;333.0;2024-03-06;2024-03-08
FR35007;3;1.30791;45.8733;333.0;2024-03-09;2024-12-23
FR35007;4;1.30792;45.87331;333.0;2024-12-24;
FR35012;1;2.06233;45.80509;810.0;2024-01-17;2024-03-05
FR35012;2;2.06;45.80999;810.0;2024-03-06;2024-03-08
FR35012;3;2.06233;45.80509;810.0;2024-03-09;2024-12-22
FR35012;4;2.0623;45.8051;810.0;2024-12-23;2024-12-23
FR35012;5;2.06233;45.80509;810.0;2024-12-24;
FR35027;1;1.25968;45.8422;437.0;2024-01-17;2024-03-05
FR35027;2;1.25967;45.84221;270.0;2024-03-06;2024-03-11
FR35027;3;1.25968;45.8422;437.0;2024-03-12;2024-12-23
FR35027;4;1.25969;45.8422;437.0;2024-12-24;
FR36001;1;4.87628;44.87024;125.0;2024-01-17;2024-12-23
FR36001;2;4.87629;44.87024;125.0;2024-12-24;
FR36002;1;4.89348;44.93351;125.0;2024-01-17;2024-12-22
FR36002;2;4.8935;44.9335;125.0;2024-12-23;2024-12-23
FR36002;3;4.89348;44.93351;125.0;2024-12-24;
FR36019;1;5.0443;45.04249;150.0;2024-01-17;2024-12-23
FR36019;2;5.0443;45.0425;150.0;2024-12-24;
FR36021;1;5.27897;44.56944;605.0;2024-01-17;2024-12-22
FR36021;2;5.279;44.5694;605.0;2024-12-23;2024-12-23
FR36021;3;5.27897;44.56944;605.0;2024-12-24;
FR41001;1;8.73569;41.92469;39.0;2024-01-17;2024-03-05
FR41001;2;8.73569;41.92468;39.0;2024-03-06;2024-03-11
FR41001;3;8.73569;41.92469;39.0;2024-03-12;2024-12-22
FR41001;4;8.7357;41.9247;39.0;2024-12-23;2024-12-23
FR41001;5;8.73569;41.92469;39.0;2024-12-24;
FR41002;1;9.44641;42.69791;60.0;2024-01-17;2024-12-23
FR41002;2;9.44642;42.69792;60.0;2024-12-24;
FR41007;1;8.75758;41.94922;60.0;2024-01-30;
FR41017;1;9.43463;42.67133;15.0;2024-01-17;2024-03-05
FR41017;2;9.43464;42.67133;47.0;2024-03-06;2024-03-11
FR41017;3;9.43463;42.67133;15.0;2024-03-12;2024-12-23
FR41017;4;9.43464;42.67133;15.0;2024-12-24;
FR41024;1;9.19002;42.23602;653.0;2024-01-17;2024-12-23
FR41024;2;9.19003;42.23603;653.0;2024-12-24;
FR41063;1;8.79616;41.94769;70.0;2026-03-20;
FR42010;1;7.76783;48.5728;135.0;2024-01-17;2024-12-23
FR42010;2;7.76783;48.57281;135.0;2024-12-24;
FR42011;1;7.7864;48.81835;143.0;2024-01-17;2024-12-23
FR42011;2;7.78641;48.81835;143.0;2024-12-24;
FR50060;1;1.3753;44.01285;451.0;2024-01-17;2024-12-23
FR50060;2;1.37531;44.01286;451.0;2024-12-24;
FR82005;1;6.07647;47.23461;490.0;2024-01-17;
FR82006;1;6.01541;47.24739;321.0;2024-01-17;2024-12-23
FR82006;2;6.01542;47.2474;321.0;2024-12-24;
FR82010;1;6.794;47.5103;331.0;2024-01-17;2024-12-23
FR82010;2;6.794;47.51031;331.0;2024-12-24;
FR82012;1;6.86836;47.53819;365.0;2024-01-17;2024-12-22
FR82012;2;6.8684;47.5382;365.0;2024-12-23;2024-12-23
FR82012;3;6.86836;47.53819;365.0;2024-12-24;
FR82021;1;6.85894;47.63076;357.0;2026-03-20;
FR82030;1;6.82586;47.29464;746.0;2024-01-17;2024-12-22
FR82030;2;6.8259;47.2946;746.0;2024-12-23;2024-12-23
FR82030;3;6.82586;47.29464;746.0;2024-12-24;
FR82040;1;5.49638;47.09672;223.0;2024-01-17;2024-12-23
FR82040;2;5.49639;47.09672;223.0;2024-12-24;
FR82050;1;5.55662;46.67132;261.0;2024-01-17;2024-03-05
FR82050;2;5.5568;46.6713;261.0;2024-03-06;2024-03-11
FR82050;3;5.55662;46.67132;261.0;2024-03-12;2024-12-22
FR82050;4;5.5566;46.6713;261.0;2024-12-23;2024-12-23
FR82050;5;5.55662;46.67132;261.0;2024-12-24;
FR82060;1;6.15764;47.62001;217.0;2024-01-17;2024-03-05
FR82060;2;6.15761;47.61999;217.0;2024-03-06;2024-03-11
FR82060;3;6.15764;47.62001;217.0;2024-03-12;2024-12-23
FR82060;4;6.15764;47.62002;217.0;2024-12-24;
GB0002R;1;-3.20611;55.3153;255.0;2024-01-17;2024-12-22
GB0002R;2;-3.2061;55.3153;255.0;2024-12-23;2024-12-24
GB0002R;3;-3.20611;55.31531;255.0;2024-12-25;
GB0006R;1;-7.90032;54.4395;130.0;2024-01-17;2024-12-22
GB0006R;2;-7.9003;54.4395;130.0;2024-12-23;2024-12-24
GB0006R;3;-7.90033;54.43951;130.0;2024-12-25;
GB0013R;1;-3.71651;50.59759;119.0;2024-01-17;2024-12-22
GB0013R;2;-3.7165;50.5976;119.0;2024-12-23;2024-12-24
GB0013R;3;-3.71651;50.5976;119.0;2024-12-25;
GB0014R;1;-0.80855;54.33494;267.0;2024-01-17;2024-12-22
GB0014R;2;-0.8085;54.3349;267.0;2024-12-23;2024-12-24
GB0014R;3;-0.80855;54.33494;267.0;2024-12-25;
GB0015R;1;-4.77658;57.73445;270.0;2024-01-17;2024-12-22
GB0015R;2;-4.7766;57.7345;270.0;2024-12-23;2024-12-24
GB0015R;3;-4.77658;57.73446;270.0;2024-12-25;
GB0031R;1;-3.03417;52.50384;370.0;2024-04-03;2024-12-22
GB0031R;2;-3.0342;52.5038;370.0;2024-12-23;2024-12-24
GB0031R;3;-3.03418;52.50385;370.0;2024-12-25;
GB0033R;1;-3.20578;55.86228;180.0;2024-01-17;2024-12-22
GB0033R;2;-3.2058;55.8623;180.0;2024-12-23;2024-12-24
GB0033R;3;-3.20578;55.86228;180.0;2024-12-25;
GB0034R;1;-2.47205;53.46007;21.0;2024-01-17;2024-12-22
GB0034R;2;-2.4721;53.4601;21.0;2024-12-23;2024-12-24
GB0034R;3;-2.47206;53.46008;21.0;2024-12-25;
GB0037R;1;-1.752;53.40336;420.0;2024-01-17;2024-12-22
GB0037R;2;-1.752;53.4034;420.0;2024-12-23;2024-12-24
GB0037R;3;-1.75201;53.40337;420.0;2024-12-25;
GB0038R;1;0.18125;50.79369;125.0;2024-01-17;2024-12-22
GB0038R;2;0.1812;50.7937;125.0;2024-12-23;2024-12-24
GB0038R;3;0.18125;50.7937;125.0;2024-12-25;
GB0039R;1;1.46349;52.29439;46.0;2024-01-17;2024-12-22
GB0039R;2;1.4635;52.2944;46.0;2024-12-23;
GB0043R;1;-4.69146;51.78178;160.0;2024-01-17;2024-12-22
GB0043R;2;-4.69149;51.7818;160.0;2024-12-23;2024-12-24
GB0043R;3;-4.69146;51.78178;160.0;2024-12-25;
GB0045R;1;0.29091;52.29849;5.0;2024-01-17;2024-12-22
GB0045R;2;0.2909;52.2985;5.0;2024-12-23;2024-12-24
GB0045R;3;0.29092;52.2985;5.0;2024-12-25;
GB0048R;1;-3.2429;55.79215;260.0;2024-01-17;2024-12-22
GB0048R;2;-3.2429;55.7922;260.0;2024-12-23;2024-12-24
GB0048R;3;-3.2429;55.79216;260.0;2024-12-25;
GB0051A;1;-5.35018;36.11282;20.0;2024-01-17;2025-10-09
GB0051A;2;-5.35019;36.11282;20.0;2025-10-10;
GB0538A;1;-1.39614;53.41058;90.0;2026-03-20;
GB0566A;1;-0.12588;51.52228;20.0;2024-01-17;2024-12-22
GB0566A;2;-0.1259;51.5223;20.0;2024-12-23;2024-12-24
GB0566A;3;-0.12589;51.52229;20.0;2024-12-25;
GB0567A;1;-5.92883;54.59965;10.0;2025-03-10;
GB0568A;1;-1.61053;54.97825;45.0;2026-03-20;
GB0580A;1;-3.17625;51.48177;12.0;2024-01-17;2024-12-22
GB0580A;2;-3.1763;51.4818;12.0;2024-12-23;2024-12-24
GB0580A;3;-3.17625;51.48178;12.0;2024-12-25;
GB0584A;1;-1.54647;53.80377;78.0;2024-01-17;2024-12-22
GB0584A;2;-1.5465;53.8038;78.0;2024-12-23;2024-12-24
GB0584A;3;-1.54647;53.80378;78.0;2024-12-25;
GB0598A;1;-1.39577;50.90813;7.0;2024-01-17;2024-12-22
GB0598A;2;-1.3958;50.9081;7.0;2024-12-23;2024-12-24
GB0598A;3;-1.39578;50.90814;7.0;2024-12-25;
GB0608A;1;0.1848;51.46602;13.0;2024-01-19;2024-12-22
GB0608A;2;0.1848;51.466;13.0;2024-12-23;2024-12-24
GB0608A;3;0.18481;51.46603;13.0;2024-12-25;
GB0613A;1;-2.23788;53.48152;57.0;2026-03-20;
GB0617A;1;0.63488;51.45616;14.0;2024-01-17;2024-12-22
GB0617A;2;0.6349;51.4562;14.0;2024-12-23;2024-12-24
GB0617A;3;0.63488;51.45617;14.0;2024-12-25;
GB0620A;1;-0.21349;51.52104;5.0;2024-01-17;2024-12-22
GB0620A;2;-0.2135;51.5211;5.0;2024-12-23;2024-12-24
GB0620A;3;-0.21349;51.52105;5.0;2024-12-25;
GB0642A;1;-0.46086;51.49633;34.0;2025-03-10;
GB0645A;1;0.31796;51.47706;8.0;2024-01-17;2024-12-22
GB0645A;2;0.318;51.4771;8.0;2024-12-23;2024-12-24
GB0645A;3;0.31796;51.47707;8.0;2024-12-25;
GB0658A;1;-2.17513;53.0282;172.0;2024-04-03;2024-12-22
GB0658A;2;-2.1751;53.0282;172.0;2024-12-23;2024-12-24
GB0658A;3;-2.17512;53.02821;172.0;2024-12-25;
GB0681A;1;-1.51043;53.56291;100.0;2024-01-17;2024-12-22
GB0681A;2;-1.5104;53.5629;100.0;2024-12-23;2024-12-24
GB0681A;3;-1.51044;53.56292;100.0;2024-12-25;
GB0687A;1;-4.14236;50.37166;18.0;2024-01-17;2024-12-22
GB0687A;2;-4.1424;50.3717;18.0;2024-12-23;2024-12-24
GB0687A;3;-4.14236;50.37167;18.0;2024-12-25;
GB0728A;1;0.6784;51.5442;37.0;2024-01-17;2024-12-24
GB0728A;2;0.67841;51.54421;37.0;2024-12-25;
GB0730A;1;-3.02272;53.37286;38.0;2024-01-17;2024-12-22
GB0730A;2;-3.0227;53.3729;38.0;2024-12-23;2024-12-24
GB0730A;3;-3.02272;53.37287;38.0;2024-12-25;
GB0731A;1;-2.68035;53.76558;40.0;2024-01-17;2024-12-22
GB0731A;2;-2.6803;53.7656;40.0;2024-12-23;2024-12-24
GB0731A;3;-2.68035;53.76559;40.0;2024-12-25;
GB0733A;1;-1.06858;50.8288;5.0;2024-01-17;2024-12-22
GB0733A;2;-1.0686;50.8288;5.0;2024-12-23;2024-12-24
GB0733A;3;-1.06858;50.82881;5.0;2024-12-25;
GB0737A;1;1.09806;51.27398;35.0;2024-01-17;
GB0741A;1;-1.82674;50.73956;30.0;2024-01-17;2024-12-22
GB0741A;2;-1.8267;50.7396;30.0;2024-12-23;2024-12-24
GB0741A;3;-1.82674;50.73957;30.0;2024-12-25;
GB0743A;1;-0.13193;51.49466;5.0;2024-04-03;2024-12-22
GB0743A;2;-0.13189;51.4947;5.0;2024-12-23;2024-12-24
GB0743A;3;-0.13193;51.49467;5.0;2024-12-25;
GB0745A;1;1.12201;52.95048;16.0;2024-01-17;2024-12-22
GB0745A;2;1.122;52.9505;16.0;2024-12-23;2024-12-24
GB0745A;3;1.12202;52.95049;16.0;2024-12-25;
GB0754A;1;1.04903;51.77797;8.0;2024-01-17;2024-12-22
GB0754A;2;1.049;51.778;8.0;2024-12-23;2024-12-24
GB0754A;3;1.04902;51.77798;8.0;2024-12-25;
GB0776A;1;-0.34122;53.74877;4.0;2024-01-17;2024-12-22
GB0776A;2;-0.3412;53.7488;4.0;2024-12-23;2024-12-24
GB0776A;3;-0.34122;53.74878;4.0;2024-12-25;
GB0839A;1;-3.18218;55.94558;81.0;2024-01-17;2024-12-22
GB0839A;2;-3.1822;55.9456;81.0;2024-12-23;2024-12-24
GB0839A;3;-3.18219;55.94559;81.0;2024-12-25;
GB0840A;1;-0.94406;51.45308;58.0;2024-01-17;2024-12-22
GB0840A;2;-0.9441;51.4531;58.0;2024-12-23;2024-12-24
GB0840A;3;-0.94407;51.45309;58.0;2024-12-25;
GB0860A;1;-0.14757;50.84083;10.0;2024-01-17;2024-12-22
GB0860A;2;-0.1476;50.8408;10.0;2024-12-23;2024-12-24
GB0860A;3;-0.14757;50.84084;10.0;2024-12-25;
GB0861A;1;-2.73666;52.22173;75.0;2024-01-17;2024-12-22
GB0861A;2;-2.7367;52.2217;75.0;2024-12-23;2024-12-24
GB0861A;3;-2.73667;52.22174;75.0;2024-12-25;
GB0863A;1;-1.40687;54.8836;110.0;2024-01-17;2024-12-22
GB0863A;2;-1.4069;54.8836;110.0;2024-12-23;2024-12-24
GB0863A;3;-1.40688;54.88361;110.0;2024-12-25;
GB0864A;1;-2.63814;53.54914;45.0;2025-03-10;
GB0881A;1;-1.18531;60.13921;80.0;2024-04-03;2024-12-22
GB0881A;2;-1.1853;60.1392;80.0;2024-12-23;2024-12-24
GB0881A;3;-1.18532;60.13922;80.0;2024-12-25;
GB0882A;1;-3.00717;53.80488;16.0;2024-01-17;2024-12-22
GB0882A;2;-3.0072;53.8049;16.0;2024-12-23;2024-12-24
GB0882A;3;-3.00718;53.80489;16.0;2024-12-25;
GB0884A;1;-2.58448;51.46283;15.0;2024-01-17;2024-12-22
GB0884A;2;-2.58449;51.4628;15.0;2024-12-23;2024-12-24
GB0884A;3;-2.58448;51.46284;15.0;2024-12-25;
GB0885A;1;-5.1011;56.82265;5.0;2024-01-17;2024-12-22
GB0885A;2;-5.1011;56.8227;5.0;2024-12-23;2024-12-24
GB0885A;3;-5.1011;56.82266;5.0;2024-12-25;
GB0934A;1;-6.25087;54.86159;59.0;2024-01-17;2024-12-19
GB0934A;2;-6.2509;54.8616;59.0;2024-12-20;2024-12-24
GB0934A;3;-6.25087;54.86159;59.0;2024-12-25;
GB0957A;1;-2.68345;51.05624;54.0;2024-01-17;2024-12-18
GB0957A;2;-2.6835;51.0562;54.0;2024-12-19;2024-12-24
GB0957A;3;-2.68345;51.05625;54.0;2024-12-25;
GB0995A;1;1.30197;52.61419;36.0;2024-01-17;2024-12-22
GB0995A;2;1.302;52.6142;36.0;2024-12-23;2024-12-24
GB0995A;3;1.30197;52.61419;36.0;2024-12-25;
GB0998A;1;-3.19652;55.65747;167.0;2024-01-17;2024-12-22
GB0998A;2;-3.1965;55.6575;167.0;2024-12-23;2024-12-24
GB0998A;3;-3.19653;55.65747;167.0;2024-12-25;
GB1005A;1;0.27161;50.80577;7.0;2024-01-17;2024-12-22
GB1005A;2;0.2716;50.8058;7.0;2024-12-23;2024-12-24
GB1005A;3;0.27161;50.80578;7.0;2024-12-25;
GB1017A;1;-3.1967;50.79228;122.0;2024-01-17;2024-12-22
GB1017A;2;-3.1967;50.7923;122.0;2024-12-23;2024-12-24
GB1017A;3;-3.1967;50.79229;122.0;2024-12-25;
GB1020A;1;-2.03052;52.60562;149.0;2024-01-17;2024-12-22
GB1020A;2;-2.0305;52.6056;149.0;2024-12-23;2024-12-24
GB1020A;3;-2.03052;52.60562;149.0;2024-12-25;
GB1024A;1;-0.12525;51.58412;37.0;2024-01-17;2024-12-22
GB1024A;2;-0.1253;51.5841;37.0;2024-12-23;2024-12-24
GB1024A;3;-0.12525;51.58413;37.0;2024-12-25;
GB1025A;1;-0.3456;51.42528;11.0;2024-12-08;2024-12-22
GB1025A;2;-0.3456;51.4253;11.0;2024-12-23;2024-12-24
GB1025A;3;-0.34561;51.42529;11.0;2024-12-25;
GB1026A;1;-1.12731;52.61982;83.0;2024-01-17;2024-12-22
GB1026A;2;-1.1273;52.6198;83.0;2024-12-23;2024-12-24
GB1026A;3;-1.12731;52.61982;83.0;2024-12-25;
GB1027A;1;-1.47809;53.37862;89.0;2024-01-17;2024-12-22
GB1027A;2;-1.4781;53.3786;89.0;2024-12-23;2024-12-24
GB1027A;3;-1.4781;53.37862;89.0;2024-12-25;
GB1028A;1;-4.24363;55.86578;40.0;2024-01-17;2024-12-22
GB1028A;2;-4.2436;55.8658;40.0;2024-12-23;2024-12-24
GB1028A;3;-4.24362;55.86578;40.0;2024-12-25;
GB1034A;1;-1.56022;52.41156;98.0;2024-01-17;2024-12-22
GB1034A;2;-1.5602;52.4116;98.0;2024-12-23;2024-12-24
GB1034A;3;-1.56023;52.41156;98.0;2024-12-25;
GB1055R;1;-1.43822;51.14961;78.0;2024-01-17;2024-12-22
GB1055R;2;-1.4382;51.1496;78.0;2024-12-23;2024-12-24
GB1055R;3;-1.43823;51.14962;78.0;2024-12-25;
GB1060A;1;-7.33117;55.00281;54.0;2024-01-17;2024-12-22
GB1060A;2;-7.3312;55.0028;54.0;2024-12-23;2024-12-24
GB1060A;3;-7.33118;55.00282;54.0;2024-12-25;
GB1073A;1;-0.9166;52.27225;88.0;2024-01-17;2024-12-22
GB1073A;2;-0.9166;52.2723;88.0;2024-12-23;2024-12-24
GB1073A;3;-0.91661;52.27226;88.0;2024-12-25;
GB1085A;1;-2.95986;56.47543;84.0;2024-01-17;2024-12-22
GB1085A;2;-2.9599;56.4754;84.0;2024-12-23;2024-12-24
GB1085A;3;-2.95986;56.47543;84.0;2024-12-25;
GB1086A;1;-0.27067;51.66122;85.0;2024-01-17;2024-12-22
GB1086A;2;-0.2707;51.6612;85.0;2024-12-23;2024-12-24
GB1086A;3;-0.27067;51.66123;85.0;2024-12-25;
GB1087A;1;-1.20383;54.68324;7.0;2024-01-17;2024-12-22
GB1087A;2;-1.2038;54.6832;7.0;2024-12-23;2024-12-24
GB1087A;3;-1.20384;54.68324;7.0;2024-12-25;
GB1089A;1;-0.21332;53.61924;3.0;2024-01-17;2024-12-22
GB1089A;2;-0.2133;53.6192;3.0;2024-12-23;2024-12-24
GB1089A;3;-0.21332;53.61924;3.0;2024-12-25;
GB1090A;1;-2.43669;52.67347;134.0;2024-01-17;2024-12-22
GB1090A;2;-2.4367;52.6735;134.0;2024-12-23;2024-12-24
GB1090A;3;-2.43669;52.67347;134.0;2024-12-25;
GB1092A;1;-1.76567;51.55806;104.0;2024-01-17;2024-12-22
GB1092A;2;-1.7657;51.5581;104.0;2024-12-23;2024-12-24
GB1092A;3;-1.76568;51.55806;104.0;2024-12-25;
GB1094A;1;-1.63571;52.82104;46.0;2024-01-17;2024-12-22
GB1094A;2;-1.6357;52.821;46.0;2024-12-23;2024-12-24
GB1094A;3;-1.63572;52.82105;46.0;2024-12-25;
GB1096A;1;-1.63711;53.6931;69.0;2024-01-17;2024-12-22
GB1096A;2;-1.6371;53.6931;69.0;2024-12-23;2024-12-24
GB1096A;3;-1.63711;53.6931;69.0;2024-12-25;
GB1097A;1;-1.91823;52.48134;134.0;2024-01-17;2024-12-22
GB1097A;2;-1.9182;52.4813;134.0;2024-12-23;2024-12-24
GB1097A;3;-1.91824;52.48135;134.0;2024-12-25;
GB1098A;1;-0.03741;51.44967;36.0;2024-01-17;2024-12-22
GB1098A;2;-0.0374;51.4497;36.0;2024-12-23;2024-12-24
GB1098A;3;-0.03742;51.44967;36.0;2024-12-25;
GB1099A;1;-1.98601;52.50834;156.0;2026-03-20;
GB1100A;1;-2.45349;53.11594;54.0;2024-01-17;2024-12-22
GB1100A;2;-2.4535;53.1159;54.0;2024-12-23;2024-12-24
GB1100A;3;-2.45349;53.11594;54.0;2024-12-25;
GB1260A;1;-3.00637;51.65381;71.0;2024-01-17;2024-12-22
GB1260A;2;-3.0064;51.6538;71.0;2024-12-23;2024-12-24
GB1260A;3;-3.00637;51.65382;71.0;2024-12-25;
GR0010A;1;22.41455;39.63553;5.0;2026-04-02;
GR0019A;1;22.95864;40.57874;60.0;2025-03-10;
GR0022A;1;23.78737;38.03083;170.0;2024-03-09;2024-12-23
GR0022A;2;23.7874;38.0308;170.0;2024-12-24;2024-12-24
GR0022A;3;23.78737;38.03084;170.0;2024-12-25;
GR0027A;1;23.69778;38.07674;165.0;2024-01-17;2024-12-22
GR0027A;2;23.6978;38.0767;165.0;2024-12-23;2024-12-24
GR0027A;3;23.69778;38.07674;165.0;2024-12-25;
GR0028A;1;23.68836;38.02081;80.0;2024-01-17;2024-12-23
GR0028A;2;23.68836;38.0208;80.0;2024-12-24;
GR0031A;1;23.71302;37.93199;50.0;2024-01-17;2024-12-23
GR0031A;2;23.713;37.932;50.0;2024-12-24;2024-12-24
GR0031A;3;23.71302;37.932;50.0;2024-12-25;
GR0035A;1;23.78898;38.06779;210.0;2024-01-17;2024-12-23
GR0035A;2;23.789;38.0678;210.0;2024-12-24;2024-12-24
GR0035A;3;23.78899;38.06779;210.0;2024-12-25;
GR0037A;1;23.75819;38.14352;550.0;2024-01-17;2024-12-23
GR0037A;2;23.7582;38.1435;550.0;2024-12-24;2024-12-24
GR0037A;3;23.7582;38.14352;550.0;2024-12-25;
GR0039A;1;23.81942;37.9951;290.0;2024-01-17;2024-12-22
GR0039A;2;23.8194;37.9951;290.0;2024-12-23;2024-12-24
GR0039A;3;23.81942;37.9951;290.0;2024-12-25;
GR0045A;1;22.87606;40.7398;229.0;2024-01-17;2024-12-22
GR0045A;2;22.8761;40.7398;229.0;2024-12-23;2024-12-24
GR0045A;3;22.87606;40.7398;229.0;2024-12-25;
GR0047A;1;23.03168;40.58891;363.0;2024-01-17;2024-12-23
GR0047A;2;23.0317;40.5889;363.0;2024-12-24;2024-12-24
GR0047A;3;23.03169;40.58892;363.0;2024-12-25;
GR0110R;1;23.1103;38.37529;110.0;2024-01-17;2024-12-23
GR0110R;2;23.1103;38.3753;110.0;2024-12-24;
GR0120A;1;23.87902;37.9013;140.0;2024-01-17;2024-12-23
GR0120A;2;23.879;37.9013;140.0;2024-12-24;2024-12-24
GR0120A;3;23.87903;37.90131;140.0;2024-12-25;
GR0432A;1;24.07074;35.53289;100.0;2026-03-20;
GR0434A;1;25.08008;35.30854;240.0;2026-03-20;
GR0451A;1;21.7909;40.29408;675.0;2025-03-10;
GR0455A;1;21.43868;40.0847;520.0;2026-03-20;
GR0456A;1;21.25326;40.5133;633.0;2026-03-28;
HR0005A;1;14.48351;45.32079;0.0;2024-01-17;2024-12-22
HR0005A;2;14.4835;45.3208;0.0;2024-12-23;2024-12-24
HR0005A;3;14.48351;45.32079;0.0;2024-12-25;
HR0009A;1;16.00646;45.76494;0.0;2024-01-17;2024-03-20
HR0009A;2;16.00646;45.76494;0.0;2024-03-21;2024-12-23
HR0009A;3;16.0065;45.7649;0.0;2024-12-24;2024-12-24
HR0009A;4;16.00647;45.76495;0.0;2024-12-25;2025-03-12
HR0009A;5;16.00647;45.76495;0.0;2025-03-13;
HR0010A;1;17.9951;45.15947;0.0;2024-01-17;2024-12-22
HR0010A;2;17.9951;45.1595;0.0;2024-12-23;2024-12-24
HR0010A;3;17.9951;45.15947;0.0;2024-12-25;
HR0011A;1;18.83463;45.69802;0.0;2024-01-17;2024-12-23
HR0011A;2;18.83459;45.698;0.0;2024-12-24;2024-12-24
HR0011A;3;18.83464;45.69803;0.0;2024-12-25;
HR0012A;1;15.66063;46.16905;0.0;2024-01-17;2024-12-23
HR0012A;2;15.6606;46.1691;0.0;2024-12-24;2024-12-24
HR0012A;3;15.66064;46.16906;0.0;2024-12-25;
HR0013A;1;15.60977;44.89933;0.0;2024-01-17;2024-12-23
HR0013A;2;15.6098;44.8993;0.0;2024-12-24;2024-12-24
HR0013A;3;15.60978;44.89933;0.0;2024-12-25;
HR0014A;1;14.63046;45.59348;0.0;2024-01-17;2024-12-22
HR0014A;2;14.6305;45.5935;0.0;2024-12-23;2024-12-24
HR0014A;3;14.63046;45.59348;0.0;2024-12-25;
HR0015A;1;13.74977;45.2912;0.0;2024-01-17;2024-12-23
HR0015A;2;13.7498;45.2912;0.0;2024-12-24;2024-12-24
HR0015A;3;13.74978;45.2912;0.0;2024-12-25;
HR0017A;1;15.51611;44.02109;0.0;2024-01-19;2024-12-22
HR0017A;2;15.5161;44.0211;0.0;2024-12-23;2024-12-24
HR0017A;3;15.51611;44.02109;0.0;2024-12-25;
HR0018A;1;16.11597;43.03133;0.0;2024-01-17;2024-12-22
HR0018A;2;16.116;43.0313;0.0;2024-12-23;2024-12-24
HR0018A;3;16.11597;43.03133;0.0;2024-12-25;
HR0026A;1;16.06828;45.71484;0.0;2024-01-19;2024-03-20
HR0026A;2;16.06828;45.71484;0.0;2024-03-21;
HR0027A;1;16.3638;46.28291;0.0;2024-01-17;2024-03-20
HR0027A;2;16.3638;46.28291;0.0;2024-03-21;2024-12-22
HR0027A;3;16.3638;46.2829;0.0;2024-12-23;2024-12-24
HR0027A;4;16.3638;46.28291;0.0;2024-12-25;
HR0028A;1;15.56513;45.49352;0.0;2024-01-17;2024-12-23
HR0028A;2;15.56513;45.49353;0.0;2024-12-24;
HR0034A;1;13.81685;44.86246;0.0;2024-01-17;2024-12-18
HR0034A;2;13.8169;44.8625;0.0;2024-12-19;2024-12-24
HR0034A;3;13.81686;44.86247;0.0;2024-12-25;
HR0035A;1;16.76851;45.48563;0.0;2024-01-17;
HR0037A;1;16.84324;46.16128;0.0;2024-01-17;2024-12-23
HR0037A;2;16.8433;46.1613;0.0;2024-12-24;2024-12-24
HR0037A;3;16.84325;46.16129;0.0;2024-12-25;
HR0043A;1;16.45333;43.50417;0.0;2025-03-10;
HR0046A;1;16.06829;45.71485;0.0;2025-03-10;
HU0002R;1;19.55;46.96666;125.0;2024-01-17;2024-12-23
HU0002R;2;19.55;46.9667;125.0;2024-12-24;2024-12-24
HU0002R;3;19.55;46.96667;125.0;2024-12-25;
HU0017A;1;19.93333;47.86667;702.0;2025-03-10;
HU0022A;1;19.18417;47.43083;153.0;2024-01-17;2024-12-18
HU0022A;2;19.1842;47.4308;153.0;2024-12-19;2024-12-24
HU0022A;3;19.18418;47.43083;153.0;2024-12-25;
HU0023A;1;21.62444;47.51333;111.0;2024-01-17;2024-12-22
HU0023A;2;21.6244;47.5133;111.0;2024-12-23;2024-12-24
HU0023A;3;21.62444;47.51333;111.0;2024-12-25;
HU0025A;1;17.64973;47.67611;101.0;2024-01-17;2025-03-09
HU0025A;2;17.64974;47.67611;101.0;2025-03-10;
HU0026A;1;20.6164;48.24722;155.0;2024-01-17;2024-12-23
HU0026A;2;20.61639;48.2472;155.0;2024-12-24;2024-12-24
HU0026A;3;20.61639;48.24722;155.0;2024-12-25;
HU0029A;1;18.21112;46.08027;200.0;2024-01-17;2024-12-23
HU0029A;2;18.21109;46.0803;200.0;2024-12-24;2024-12-24
HU0029A;3;18.21112;46.08028;200.0;2024-12-25;
HU0032A;1;18.92;47.30666;99.0;2024-01-17;2024-12-18
HU0032A;2;18.92;47.3067;99.0;2024-12-19;2025-01-01
HU0032A;3;18.92;47.30667;99.0;2025-01-02;
HU0034A;1;17.90112;47.09111;274.0;2024-01-17;2024-12-23
HU0034A;2;17.9011;47.0911;274.0;2024-12-24;2024-12-24
HU0034A;3;17.90111;47.09111;274.0;2024-12-25;
HU0035A;1;16.575;47.69194;241.0;2024-01-17;2024-12-23
HU0035A;2;16.575;47.6919;241.0;2024-12-24;2024-12-24
HU0035A;3;16.57501;47.69194;241.0;2024-12-25;
HU0036A;1;18.96;47.56194;265.0;2024-01-17;2024-12-18
HU0036A;2;18.96;47.5619;265.0;2024-12-19;2024-12-24
HU0036A;3;18.96001;47.56194;265.0;2024-12-25;
HU0037A;1;17.55666;47.10527;248.0;2024-01-17;2024-12-23
HU0037A;2;17.5567;47.1053;248.0;2024-12-24;2024-12-24
HU0037A;3;17.55667;47.10528;248.0;2024-12-25;
HU0038A;1;20.70305;48.21805;135.0;2024-01-17;2024-12-23
HU0038A;2;20.7031;48.2181;135.0;2024-12-24;2024-12-24
HU0038A;3;20.70306;48.21806;135.0;2024-12-25;
HU0039A;1;18.74612;47.78999;122.0;2024-01-17;2024-12-23
HU0039A;2;18.74609;47.79;122.0;2024-12-24;2024-12-24
HU0039A;3;18.74612;47.79;122.0;2024-12-25;
HU0040A;1;16.83889;47.67194;113.0;2024-01-17;2024-12-22
HU0040A;2;16.8389;47.6719;113.0;2024-12-23;2024-12-24
HU0040A;3;16.83889;47.67194;113.0;2024-12-25;
HU0042A;1;19.14612;47.54194;122.0;2024-01-17;2024-12-18
HU0042A;2;19.1461;47.5419;122.0;2024-12-19;2025-01-01
HU0042A;3;19.14612;47.54194;122.0;2025-01-02;
HU0044A;1;21.21167;48.47388;162.0;2024-01-17;2024-12-23
HU0044A;2;21.2117;48.4739;162.0;2024-12-24;2024-12-24
HU0044A;3;21.21168;48.47389;162.0;2024-12-25;
HU0057A;1;20.15305;46.26661;79.0;2024-01-17;2024-12-22
HU0057A;2;20.15309;46.2666;79.0;2024-12-23;2024-12-24
HU0057A;3;20.15305;46.26661;79.0;2024-12-25;
IE0001R;1;-10.24083;51.93805;10.0;2024-01-17;2024-03-07
IE0001R;2;-10.24083;51.93805;10.0;2024-03-08;2024-12-23
IE0001R;3;-10.2408;51.9381;10.0;2024-12-24;2024-12-24
IE0001R;4;-10.24083;51.93806;10.0;2024-12-25;
IE001CM;1;-7.28867;53.03612;107.0;2024-01-17;2024-12-22
IE001CM;2;-7.2887;53.0361;107.0;2024-12-23;2024-12-24
IE001CM;3;-7.28867;53.03612;107.0;2024-12-25;
IE001DM;1;-6.57075;52.49849;30.0;2024-09-06;2024-12-23
IE001DM;2;-6.5708;52.4985;30.0;2024-12-24;2024-12-24
IE001DM;3;-6.57075;52.4985;30.0;2024-12-25;
IE001DP;1;-7.3389;55.3722;25.0;2025-03-10;
IE001LM;1;-8.08649;53.94455;16.0;2025-05-24;
IE0028A;1;-6.27805;53.35388;27.0;2024-01-17;2024-12-23
IE0028A;2;-6.2781;53.3539;27.0;2024-12-24;2024-12-24
IE0028A;3;-6.27806;53.35389;27.0;2024-12-25;2025-06-17
IE0028A;4;-6.2672;53.322;27.0;2025-06-18;
IE002AP;1;-6.17263;53.36879;10.0;2024-01-17;2024-12-23
IE002AP;2;-6.1726;53.3688;10.0;2024-12-24;2024-12-24
IE002AP;3;-6.17264;53.36879;10.0;2024-12-25;
IE002CM;1;-6.39262;54.00313;1.0;2024-01-17;2024-12-23
IE002CM;2;-6.3926;54.0031;1.0;2024-12-24;2024-12-24
IE002CM;3;-6.39263;54.00313;1.0;2024-12-25;
IE002DP;1;-8.19444;53.62944;61.0;2024-01-17;
IE0031R;1;-9.90444;53.32668;8.0;2024-01-17;2026-03-08
IE0031R;2;-9.90443;53.32669;8.0;2026-03-09;
IE0036A;1;-6.35225;53.34048;43.0;2024-01-17;2024-12-23
IE0036A;2;-6.3523;53.3405;43.0;2024-12-24;2024-12-24
IE0036A;3;-6.35226;53.34048;43.0;2024-12-25;
IE003AP;1;-6.30526;53.39025;64.0;2024-01-17;2024-12-23
IE003AP;2;-6.3053;53.3903;64.0;2024-12-24;2024-12-24
IE003AP;3;-6.30527;53.39025;64.0;2024-12-25;
IE003CP;1;-6.93166;52.83972;50.0;2024-01-17;2024-12-23
IE003CP;2;-6.9317;52.8397;50.0;2024-12-24;2024-12-24
IE003CP;3;-6.93167;52.83972;50.0;2024-12-25;
IE003DP;1;-6.37666;52.19333;5.0;2024-05-01;2025-02-28
IE003DP;2;-6.37667;52.19333;5.0;2025-03-01;
IE004BP;1;-8.48637;51.90011;7.0;2024-01-17;2024-03-07
IE004BP;2;-8.48637;51.90011;7.0;2024-03-08;2024-12-23
IE004BP;3;-8.4864;51.9001;7.0;2024-12-24;2024-12-24
IE004BP;4;-8.48637;51.90012;7.0;2024-12-25;
IE005CP;1;-7.15162;52.24706;21.0;2024-01-17;2024-12-22
IE005CP;2;-7.1516;52.2471;21.0;2024-12-23;2024-12-24
IE005CP;3;-7.15163;52.24706;21.0;2024-12-25;
IE005DP;1;-8.28777;51.855;79.0;2024-01-17;2024-12-23
IE005DP;2;-8.2878;51.855;79.0;2024-12-24;2024-12-24
IE005DP;3;-8.28778;51.855;79.0;2024-12-25;
IE005OY;1;-7.0475;53.3425;93.0;2025-05-24;
IE007CP;1;-8.6287;52.65856;16.0;2025-05-25;
IE0090A;1;-6.88305;54.06611;170.0;2024-01-17;2024-12-23
IE0090A;2;-6.8831;54.0661;170.0;2024-12-24;2024-12-24
IE0090A;3;-6.88306;54.06611;170.0;2024-12-25;
IE0095A;1;-6.34898;53.36442;35.0;2024-01-17;2024-12-23
IE0095A;2;-6.349;53.3644;35.0;2024-12-24;2024-12-24
IE0095A;3;-6.34898;53.36443;35.0;2024-12-25;
IE0106A;1;-6.22785;53.36817;14.0;2024-01-17;2024-12-23
IE0106A;2;-6.2279;53.3682;14.0;2024-12-24;2024-12-24
IE0106A;3;-6.22786;53.36818;14.0;2024-12-25;
IE0110A;1;-8.45713;51.88194;4.0;2024-01-17;2024-12-23
IE0110A;2;-8.4571;51.8819;4.0;2024-12-24;2024-12-24
IE0110A;3;-8.45712;51.88194;4.0;2024-12-25;
IE0111A;1;-7.19638;53.10694;103.0;2024-01-17;2024-12-23
IE0111A;2;-7.1964;53.1069;103.0;2024-12-24;2024-12-24
IE0111A;3;-7.19639;53.10694;103.0;2024-12-25;
IE0118A;1;-9.29972;53.85111;41.0;2024-01-17;2024-12-22
IE0118A;2;-9.2997;53.8511;41.0;2024-12-23;2024-12-24
IE0118A;3;-9.29972;53.85111;41.0;2024-12-25;
IE0127A;1;-6.23531;53.31183;25.0;2024-01-17;2024-12-23
IE0127A;2;-6.2353;53.3118;25.0;2024-12-24;2024-12-24
IE0127A;3;-6.23532;53.31184;25.0;2024-12-25;
IE012CK;1;-8.64071;52.13405;49.0;2025-05-25;
IE0132A;1;-6.13194;53.28583;29.0;2024-01-17;2024-12-22
IE0132A;2;-6.1319;53.2858;29.0;2024-12-23;2024-12-24
IE0132A;3;-6.13194;53.28583;29.0;2024-12-25;
IE0136A;1;-6.35884;53.28054;102.0;2024-01-17;2024-12-22
IE0136A;2;-6.3588;53.2805;102.0;2024-12-23;2024-12-24
IE0136A;3;-6.35884;53.28054;102.0;2024-12-25;
IE0137A;1;-8.59193;52.50348;5.0;2024-01-17;2024-12-23
IE0137A;2;-8.5919;52.5035;5.0;2024-12-24;2024-12-24
IE0137A;3;-8.59193;52.50349;5.0;2024-12-25;2025-06-17
IE0137A;4;-8.9893;52.8432;5.0;2025-06-18;
IE0140A;1;-6.22236;53.27481;21.0;2024-01-17;2024-12-23
IE0140A;2;-6.2224;53.2748;21.0;2024-12-24;2024-12-24
IE0140A;3;-6.22237;53.27481;21.0;2024-12-25;2025-06-17
IE0140A;4;-6.2235;53.4638;21.0;2025-06-18;
IE0141A;1;-6.12166;53.18722;47.0;2024-01-17;2024-12-23
IE0141A;2;-6.1217;53.1872;47.0;2024-12-24;2024-12-24
IE0141A;3;-6.12167;53.18722;47.0;2024-12-25;
IE0147A;1;-7.26811;52.63879;68.0;2024-01-17;2024-12-23
IE0147A;2;-7.2681;52.6388;68.0;2024-12-24;2024-12-24
IE0147A;3;-7.26811;52.6388;68.0;2024-12-25;
IS0002A;1;-21.99073;64.05886;24.0;2024-03-09;2024-12-16
IS0002A;2;-21.9907;64.05889;24.0;2024-12-17;2024-12-24
IS0002A;3;-21.99073;64.05887;24.0;2024-12-25;
IS0006A;1;-21.87341;64.13886;19.0;2024-01-17;2024-12-22
IS0006A;2;-21.8734;64.1389;19.0;2024-12-23;2024-12-24
IS0006A;3;-21.87341;64.13885;19.0;2024-12-25;
IS0037A;1;-21.889;64.10495;10.0;2024-01-17;2024-12-22
IS0037A;2;-21.889;64.105;10.0;2024-12-23;2024-12-24
IS0037A;3;-21.889;64.10495;10.0;2024-12-25;
IS0046A;1;-21.98535;64.04416;19.0;2024-03-09;2024-12-22
IS0046A;2;-21.9854;64.0442;19.0;2024-12-23;2024-12-24
IS0046A;3;-21.98535;64.04416;19.0;2024-12-25;
IS0056A;1;-21.946;64.142;10.0;2024-01-17;
IS0063A;1;-21.82489;64.08564;106.0;2026-03-20;
IT0267A;1;9.41472;45.32944;80.0;2024-01-17;2024-12-22
IT0267A;2;9.4147;45.3294;80.0;2024-12-23;2024-12-24
IT0267A;3;9.41472;45.32944;80.0;2024-12-25;
IT0448A;1;12.31388;45.42944;1.0;2024-01-17;2024-12-23
IT0448A;2;12.3139;45.4294;1.0;2024-12-24;2024-12-24
IT0448A;3;12.31389;45.42944;1.0;2024-12-25;
IT0459A;1;13.34194;43.59888;15.0;2024-01-17;2024-12-23
IT0459A;2;13.3419;43.5989;15.0;2024-12-24;2024-12-24
IT0459A;3;13.34194;43.59889;15.0;2024-12-25;
IT0499A;1;10.85906;46.61947;640.0;2024-01-17;2024-12-22
IT0499A;2;10.8591;46.6195;640.0;2024-12-23;2024-12-24
IT0499A;3;10.85906;46.61947;640.0;2024-12-25;
IT0505A;1;11.43317;46.58967;1770.0;2026-03-20;
IT0507A;1;11.65407;46.71492;564.0;2024-01-17;2024-12-23
IT0507A;2;11.6541;46.7149;564.0;2024-12-24;2024-12-24
IT0507A;3;11.65408;46.71492;564.0;2024-12-25;
IT0508A;1;11.94403;46.79735;830.0;2024-01-17;2024-12-22
IT0508A;2;11.944;46.7974;830.0;2024-12-23;2024-12-24
IT0508A;3;11.94403;46.79735;830.0;2024-12-25;
IT0544A;1;9.83027;44.82389;210.0;2024-01-17;2024-12-23
IT0544A;2;9.83029;44.8239;210.0;2024-12-24;2024-12-24
IT0544A;3;9.83028;44.82389;210.0;2024-12-25;
IT0591A;1;11.03941;45.89244;200.0;2024-01-17;2024-12-22
IT0591A;2;11.0394;45.8924;200.0;2024-12-23;2024-12-24
IT0591A;3;11.03941;45.89244;200.0;2024-12-25;
IT0592A;1;9.04472;45.5225;158.0;2026-03-20;
IT0611A;1;15.12883;37.18237;300.0;2024-01-17;
IT0614A;1;15.19086;37.15611;35.0;2024-01-17;2025-01-03
IT0614A;2;15.19087;37.15612;35.0;2025-01-04;
IT0618A;1;15.2205;37.2184;15.0;2024-01-17;
IT0620A;1;15.2625;37.09844;60.0;2024-01-17;2025-01-03
IT0620A;2;15.26251;37.09845;60.0;2025-01-04;
IT0663A;1;11.36861;45.71444;190.0;2024-01-25;2024-12-22
IT0663A;2;11.3686;45.7144;190.0;2024-12-23;2024-12-24
IT0663A;3;11.36861;45.71444;190.0;2024-12-25;
IT0689A;1;8.86889;45.06833;73.0;2024-01-17;
IT0703A;1;11.45389;46.05183;380.0;2024-01-17;2024-12-23
IT0703A;2;11.4539;46.0518;380.0;2024-12-24;2024-12-24
IT0703A;3;11.45389;46.05184;380.0;2024-12-25;
IT0706A;1;9.3275;45.48277;123.0;2024-01-17;2024-12-23
IT0706A;2;9.3275;45.4828;123.0;2024-12-24;2024-12-24
IT0706A;3;9.3275;45.48278;123.0;2024-12-25;
IT0707A;1;9.64388;45.69027;249.0;2024-01-17;2024-12-23
IT0707A;2;9.6439;45.6903;249.0;2024-12-24;2024-12-24
IT0707A;3;9.64389;45.69028;249.0;2024-12-25;
IT0709A;1;10.80333;45.14444;18.0;2026-03-20;
IT0732A;1;8.80416;45.8361;382.0;2024-01-17;2024-12-23
IT0732A;2;8.8042;45.8361;382.0;2024-12-24;2024-12-24
IT0732A;3;8.80416;45.83611;382.0;2024-12-25;
IT0740A;1;10.20083;45.655;274.0;2024-01-17;2024-12-22
IT0740A;2;10.20079;45.655;274.0;2024-12-23;2024-12-24
IT0740A;3;10.20083;45.655;274.0;2024-12-25;
IT0741A;1;10.29944;45.24888;51.0;2024-01-17;2024-12-23
IT0741A;2;10.2994;45.2489;51.0;2024-12-24;2024-12-24
IT0741A;3;10.29944;45.24889;51.0;2024-12-25;
IT0742A;1;10.38583;45.63944;345.0;2024-01-17;2024-12-18
IT0742A;2;10.3858;45.6394;345.0;2024-12-19;2024-12-24
IT0742A;3;10.38583;45.63944;345.0;2024-12-25;
IT0743A;1;10.48083;45.46333;188.0;2024-01-17;2024-12-23
IT0743A;2;10.4808;45.4633;188.0;2024-12-24;2024-12-24
IT0743A;3;10.48082;45.46333;188.0;2024-12-25;
IT0753A;1;10.84449;45.89147;73.0;2024-01-17;2024-12-22
IT0753A;2;10.8445;45.8915;73.0;2024-12-23;2024-12-24
IT0753A;3;10.84449;45.89147;73.0;2024-12-25;
IT0775A;1;9.385;46.13722;228.0;2024-01-17;2024-12-22
IT0775A;2;9.385;46.1372;228.0;2024-12-23;2024-12-24
IT0775A;3;9.385;46.13722;228.0;2024-12-25;
IT0792A;1;15.27503;38.16049;70.0;2024-01-17;2025-01-03
IT0792A;2;15.27503;38.1605;70.0;2025-01-04;
IT0794A;1;15.30149;38.183;100.0;2024-01-17;2025-01-03
IT0794A;2;15.3015;38.183;100.0;2025-01-04;
IT0804A;1;10.33167;44.79361;60.0;2025-03-10;
IT0815A;1;14.28421;37.06221;13.0;2024-01-17;2025-01-03
IT0815A;2;14.28422;37.06222;13.0;2025-01-04;
IT0837A;1;9.55639;45.63305;190.0;2024-01-17;2024-12-23
IT0837A;2;9.5564;45.6331;190.0;2024-12-24;2024-12-24
IT0837A;3;9.55639;45.63306;190.0;2024-12-25;
IT0839A;1;9.705;45.36721;79.0;2024-01-17;2024-12-23
IT0839A;2;9.705;45.3672;79.0;2024-12-24;2024-12-24
IT0839A;3;9.705;45.36722;79.0;2024-12-25;
IT0842A;1;10.00722;45.27916;61.0;2024-01-17;
IT0854A;1;8.92737;44.41815;105.0;2024-01-27;2024-12-21
IT0854A;2;8.9274;44.4182;105.0;2024-12-22;2024-12-22
IT0854A;3;8.92737;44.41816;105.0;2024-12-23;
IT0856A;1;8.94101;44.40758;45.0;2024-01-27;2024-12-21
IT0856A;2;8.941;44.4076;45.0;2024-12-22;2024-12-22
IT0856A;3;8.94101;44.40759;45.0;2024-12-23;
IT0858A;1;8.99154;44.39489;85.0;2024-01-27;2024-12-21
IT0858A;2;8.9915;44.3949;85.0;2024-12-22;2024-12-22
IT0858A;3;8.99154;44.39489;85.0;2024-12-23;
IT0862A;1;11.2875;43.78666;61.0;2024-01-17;2024-12-23
IT0862A;2;11.2875;43.7867;61.0;2024-12-24;2024-12-24
IT0862A;3;11.2875;43.78667;61.0;2024-12-25;
IT0865A;1;12.65329;41.59536;81.0;2024-03-09;2024-12-22
IT0865A;2;12.6533;41.5954;81.0;2024-12-23;2024-12-24
IT0865A;3;12.65329;41.59536;81.0;2024-12-25;
IT0869A;1;12.91304;41.46402;18.0;2024-01-17;2024-12-23
IT0869A;2;12.913;41.464;18.0;2024-12-24;2024-12-24
IT0869A;3;12.91304;41.46403;18.0;2024-12-25;
IT0871A;1;13.26557;41.6879;236.0;2026-03-20;
IT0883A;1;11.32388;43.78916;195.0;2024-01-17;2024-12-23
IT0883A;2;11.3239;43.7892;195.0;2024-12-24;2024-12-24
IT0883A;3;11.32389;43.78917;195.0;2024-12-25;2026-03-23
IT0883A;4;11.32389;43.78917;195.0;2026-03-24;
IT0884A;1;11.90895;42.15785;532.0;2024-01-17;2024-12-23
IT0884A;2;11.909;42.1579;532.0;2024-12-24;2024-12-24
IT0884A;3;11.90895;42.15786;532.0;2024-12-25;
IT0885A;1;11.80248;42.09159;26.0;2024-01-17;2024-12-23
IT0885A;2;11.8025;42.0916;26.0;2024-12-24;2024-12-24
IT0885A;3;11.80249;42.09159;26.0;2024-12-25;
IT0888A;1;13.00406;41.73044;217.0;2026-03-20;
IT0889A;1;13.00967;41.725;220.0;2026-03-20;
IT0892A;1;11.355;44.48333;43.0;2025-03-10;
IT0903A;1;10.73388;44.51611;150.0;2024-01-17;2024-12-23
IT0903A;2;10.7339;44.5161;150.0;2024-12-24;2024-12-24
IT0903A;3;10.73389;44.51611;150.0;2024-12-25;
IT0908A;1;10.3725;46.47027;1225.0;2024-01-17;2024-12-23
IT0908A;2;10.3725;46.4703;1225.0;2024-12-24;2024-12-24
IT0908A;3;10.3725;46.47028;1225.0;2024-12-25;
IT0912A;1;9.16472;45.19388;77.0;2024-01-17;2024-12-23
IT0912A;2;9.1647;45.1939;77.0;2024-12-24;2024-12-24
IT0912A;3;9.16472;45.19389;77.0;2024-12-25;
IT0936A;1;14.78556;40.91416;357.0;2024-01-17;2024-12-23
IT0936A;2;14.7856;40.9142;357.0;2024-12-24;2024-12-24
IT0936A;3;14.78556;40.91417;357.0;2024-12-25;
IT0940A;1;10.66472;44.69083;50.0;2025-03-10;
IT0948A;1;11.24917;43.76528;75.0;2025-03-10;
IT0950A;1;11.88889;43.4611;260.0;2024-01-17;2024-12-23
IT0950A;2;11.8889;43.4611;260.0;2024-12-24;2024-12-24
IT0950A;3;11.88889;43.46111;260.0;2024-12-25;
IT0952A;1;12.26632;41.88945;66.0;2024-01-17;2024-12-23
IT0952A;2;12.2663;41.8894;66.0;2024-12-24;2024-12-24
IT0952A;3;12.26633;41.88944;66.0;2024-12-25;
IT0953A;1;12.50694;41.93289;50.0;2024-01-17;2024-12-23
IT0953A;2;12.5069;41.93289;50.0;2024-12-24;2024-12-24
IT0953A;3;12.50695;41.93289;50.0;2024-12-25;
IT0956A;1;12.56865;41.85771;48.0;2024-01-17;2024-12-23
IT0956A;2;12.5686;41.8577;48.0;2024-12-24;2024-12-24
IT0956A;3;12.56865;41.85772;48.0;2024-12-25;
IT0957A;1;12.65848;41.92947;56.0;2024-01-17;2024-12-22
IT0957A;2;12.6585;41.92949;56.0;2024-12-23;2024-12-24
IT0957A;3;12.65848;41.92947;56.0;2024-12-25;
IT0963A;1;12.26222;45.49916;1.0;2024-01-17;2024-12-23
IT0963A;2;12.2622;45.4992;1.0;2024-12-24;2024-12-24
IT0963A;3;12.26222;45.49917;1.0;2024-12-25;
IT0966A;1;13.24055;46.06611;100.0;2024-01-17;2024-12-22
IT0966A;2;13.2406;46.0661;100.0;2024-12-23;2024-12-23
IT0966A;3;13.24056;46.06611;100.0;2024-12-24;
IT0977A;1;6.97778;45.72917;1640.0;2026-03-20;
IT0983A;1;7.32417;45.73583;581.0;2024-01-17;2024-12-22
IT0983A;2;7.3242;45.7358;581.0;2024-12-23;2024-12-24
IT0983A;3;7.32417;45.73583;581.0;2024-12-25;
IT0988A;1;7.76643;45.5966;371.0;2024-01-17;2024-12-22
IT0988A;2;7.7664;45.5966;371.0;2024-12-23;2024-12-24
IT0988A;3;7.76643;45.5966;371.0;2024-12-25;
IT0989A;1;12.96206;42.57259;948.0;2024-01-17;2024-12-22
IT0989A;2;12.9621;42.5726;948.0;2024-12-23;2024-12-24
IT0989A;3;12.96206;42.57259;948.0;2024-12-25;
IT0992A;1;13.67432;41.66917;388.0;2024-01-17;2024-12-23
IT0992A;2;13.6743;41.66919;388.0;2024-12-24;2024-12-24
IT0992A;3;13.67433;41.66917;388.0;2024-12-25;
IT1037A;1;11.1262;46.06292;203.0;2024-01-17;2024-12-23
IT1037A;2;11.1262;46.0629;203.0;2024-12-24;2024-12-24
IT1037A;3;11.1262;46.06293;203.0;2024-12-25;
IT1041A;1;14.77751;40.69536;41.0;2026-03-20;
IT1043A;1;12.55333;44.06249;6.0;2024-01-17;2024-12-23
IT1043A;2;12.5533;44.0625;6.0;2024-12-24;2024-12-24
IT1043A;3;12.55333;44.0625;6.0;2024-12-25;
IT1048A;1;12.04889;44.21917;29.0;2025-03-10;
IT1065A;1;11.73666;45.76083;114.0;2024-01-17;2024-12-23
IT1065A;2;11.7367;45.7608;114.0;2024-12-24;2024-12-24
IT1065A;3;11.73667;45.76083;114.0;2024-12-25;
IT1071A;1;10.77166;43.71305;16.0;2024-01-17;2024-12-23
IT1071A;2;10.7717;43.7131;16.0;2024-12-24;2024-12-24
IT1071A;3;10.77167;43.71306;16.0;2024-12-25;
IT1076A;1;13.30219;38.12053;141.0;2024-01-17;2025-01-03
IT1076A;2;13.3022;38.12054;141.0;2025-01-04;
IT1090A;1;13.7875;45.62306;50.0;2025-03-10;
IT1097A;1;12.53631;45.89865;21.0;2025-03-10;
IT1110A;1;10.40166;43.73888;5.0;2024-01-17;2024-12-23
IT1110A;2;10.40166;43.73889;5.0;2024-12-24;
IT1112A;1;12.61861;45.95777;29.0;2024-01-17;
IT1114A;1;7.0501;45.13909;499.0;2024-01-17;2024-12-23
IT1114A;2;7.0501;45.1391;499.0;2024-12-24;
IT1120A;1;7.5496;45.00689;268.0;2024-03-09;2024-12-23
IT1120A;2;7.5496;45.0069;268.0;2024-12-24;
IT1121A;1;7.5602;45.1758;335.0;2024-01-30;
IT1125A;1;7.6362;44.9513;231.0;2024-01-17;
IT1128A;1;7.658;45.1546;257.0;2024-01-17;
IT1149A;1;10.88166;43.24777;353.0;2024-01-17;2024-12-23
IT1149A;2;10.8817;43.2478;353.0;2024-12-24;2024-12-24
IT1149A;3;10.88167;43.24778;353.0;2024-12-25;
IT1152A;1;10.88365;44.79943;25.0;2025-03-10;
IT1166A;1;13.01111;46.40194;316.0;2024-01-17;2024-12-22
IT1166A;2;13.0111;46.4019;316.0;2024-12-23;2024-12-24
IT1166A;3;13.01111;46.40194;316.0;2024-12-25;
IT1168A;1;13.39333;45.97333;62.0;2024-01-17;2024-12-22
IT1168A;2;13.3933;45.9733;62.0;2024-12-23;2024-12-23
IT1168A;3;13.39333;45.97333;62.0;2024-12-24;
IT1170A;1;13.22527;46.035;100.0;2024-01-17;2024-12-22
IT1170A;2;13.2253;46.035;100.0;2024-12-23;2024-12-23
IT1170A;3;13.22528;46.035;100.0;2024-12-24;
IT1174A;1;8.98944;45.28277;100.0;2024-01-17;2024-12-23
IT1174A;2;8.9894;45.2828;100.0;2024-12-24;2024-12-24
IT1174A;3;8.98944;45.28278;100.0;2024-12-25;
IT1176A;1;12.54161;41.88601;28.0;2024-01-17;2024-12-23
IT1176A;2;12.5416;41.886;28.0;2024-12-24;2024-12-24
IT1176A;3;12.54162;41.88602;28.0;2024-12-25;
IT1177A;1;11.53972;45.56055;36.0;2024-01-17;2024-12-23
IT1177A;2;11.5397;45.5606;36.0;2024-12-24;2024-12-24
IT1177A;3;11.53972;45.56056;36.0;2024-12-25;
IT1179A;1;11.96111;44.83972;-2.0;2024-01-17;2024-12-22
IT1179A;2;11.9611;44.8397;-2.0;2024-12-23;2024-12-24
IT1179A;3;11.96111;44.83972;-2.0;2024-12-25;
IT1180A;1;12.36611;43.10305;290.0;2024-01-17;2024-12-23
IT1180A;2;12.36611;43.10306;290.0;2024-12-24;
IT1186A;1;10.245;43.88388;3.0;2024-01-17;2024-12-23
IT1186A;2;10.24499;43.8839;3.0;2024-12-24;2024-12-24
IT1186A;3;10.24499;43.88389;3.0;2024-12-25;
IT1187A;1;10.57388;43.84083;10.0;2024-01-17;2024-12-23
IT1187A;2;10.5739;43.8408;10.0;2024-12-24;2024-12-24
IT1187A;3;10.57389;43.84083;10.0;2024-12-25;
IT1190A;1;9.56639;46.13166;262.0;2024-01-23;2024-12-23
IT1190A;2;9.5664;46.1317;262.0;2024-12-24;2024-12-24
IT1190A;3;9.56639;46.13167;262.0;2024-12-25;
IT1191A;1;10.95804;46.08253;1601.0;2026-03-20;
IT1203A;1;8.84861;45.54667;184.0;2024-01-17;2024-12-22
IT1203A;2;8.84859;45.5467;184.0;2024-12-23;2024-12-24
IT1203A;3;8.84861;45.54667;184.0;2024-12-25;
IT1204A;1;12.22556;44.42;4.0;2025-03-10;
IT1213A;1;12.06194;45.04666;4.0;2024-03-26;2024-12-23
IT1213A;2;12.0619;45.0467;4.0;2024-12-24;2024-12-24
IT1213A;3;12.06194;45.04667;4.0;2024-12-25;
IT1214A;1;11.79111;45.03972;3.0;2024-03-26;2024-12-22
IT1214A;2;11.7911;45.0397;3.0;2024-12-23;2024-12-24
IT1214A;3;11.79111;45.03972;3.0;2024-12-25;
IT1222A;1;12.59166;45.63027;3.0;2024-01-17;2024-12-23
IT1222A;2;12.5917;45.6303;3.0;2024-12-24;2024-12-24
IT1222A;3;12.59167;45.63028;3.0;2024-12-25;
IT1246A;1;8.1876;45.569;271.0;2024-01-17;
IT1247A;1;8.0564;45.5588;405.0;2024-02-01;
IT1259A;1;13.06667;46.22083;167.0;2025-03-10;
IT1277A;1;9.69444;40.57499;39.0;2024-03-26;2024-12-22
IT1277A;2;9.69444;40.575;39.0;2024-12-23;
IT1288A;1;9.58611;45.3086;64.0;2024-01-17;2024-12-23
IT1288A;2;9.5861;45.3086;64.0;2024-12-24;2024-12-24
IT1288A;3;9.58611;45.30861;64.0;2024-12-25;
IT1294A;1;8.73667;45.52582;146.0;2024-01-17;2024-12-23
IT1294A;2;8.7367;45.5258;146.0;2024-12-24;2024-12-24
IT1294A;3;8.73667;45.52583;146.0;2024-12-25;
IT1328A;1;12.30806;45.89056;72.0;2025-03-10;
IT1365A;1;12.62361;42.58194;156.0;2024-01-17;2024-12-22
IT1365A;2;12.6236;42.5819;156.0;2024-12-23;2024-12-23
IT1365A;3;12.62361;42.58194;156.0;2024-12-24;
IT1375A;1;9.01527;39.44361;124.0;2024-03-26;2024-12-22
IT1375A;2;9.0153;39.4436;124.0;2024-12-23;2024-12-23
IT1375A;3;9.01528;39.44361;124.0;2024-12-24;
IT1388A;1;10.69194;45.41083;113.0;2024-01-17;2024-12-22
IT1388A;2;10.6919;45.4108;113.0;2024-12-23;2024-12-24
IT1388A;3;10.69194;45.41083;113.0;2024-12-25;
IT1392A;1;11.20444;45.05139;14.0;2024-01-17;
IT1423A;1;14.23472;42.45638;4.0;2024-01-17;2024-12-23
IT1423A;2;14.2347;42.4564;4.0;2024-12-24;2024-12-24
IT1423A;3;14.23472;42.45639;4.0;2024-12-25;
IT1440A;1;15.20871;37.09397;150.0;2024-01-17;
IT1449A;1;15.27144;38.17462;50.0;2024-01-17;2025-01-03
IT1449A;2;15.27144;38.17461;50.0;2025-01-04;
IT1451A;1;11.63944;44.66222;11.0;2025-03-10;
IT1453A;1;11.84194;45.37194;13.0;2024-01-17;2024-12-22
IT1453A;2;11.8419;45.3719;13.0;2024-12-23;2024-12-24
IT1453A;3;11.84194;45.37194;13.0;2024-12-25;
IT1459A;1;8.83449;45.58288;206.0;2024-01-17;2024-12-19
IT1459A;2;8.83449;45.58289;206.0;2024-12-20;
IT1463A;1;9.61154;45.62058;182.0;2024-01-17;2024-12-22
IT1463A;2;9.6115;45.6206;182.0;2024-12-23;2024-12-24
IT1463A;3;9.61154;45.62058;182.0;2024-12-25;
IT1464A;1;9.55638;45.49749;115.0;2024-01-17;2024-12-23
IT1464A;2;9.5564;45.4975;115.0;2024-12-24;2024-12-24
IT1464A;3;9.55639;45.4975;115.0;2024-12-25;
IT1486A;1;14.34472;41.08444;68.0;2024-01-17;2024-12-22
IT1486A;2;14.3447;41.0844;68.0;2024-12-23;2024-12-24
IT1486A;3;14.34472;41.08444;68.0;2024-12-25;
IT1497A;1;14.25451;40.86368;145.0;2024-01-17;2024-12-17
IT1497A;2;14.2545;40.8637;145.0;2024-12-18;2024-12-24
IT1497A;3;14.25451;40.86369;145.0;2024-12-25;
IT1509A;1;8.78609;45.40969;124.0;2024-01-17;2024-12-23
IT1509A;2;8.78609;45.4097;124.0;2024-12-24;
IT1510A;1;8.5655;45.9303;203.0;2024-01-17;
IT1519A;1;8.16949;44.4122;392.0;2024-01-17;
IT1523A;1;8.2055;44.9089;150.0;2024-01-17;
IT1524A;1;8.0333;44.7037;164.0;2024-01-17;
IT1529A;1;7.5382;44.38179;550.0;2024-01-17;2024-12-23
IT1529A;2;7.5382;44.3818;550.0;2024-12-24;
IT1532A;1;8.2835;45.7132;344.0;2024-01-17;
IT1535A;1;11.31138;45.18361;25.0;2024-01-21;2024-12-23
IT1535A;2;11.3114;45.1836;25.0;2024-12-24;2024-12-24
IT1535A;3;11.31139;45.18361;25.0;2024-12-25;
IT1536A;1;9.84394;44.11603;6.0;2024-02-25;2024-12-21
IT1536A;2;9.8439;44.116;6.0;2024-12-22;2024-12-22
IT1536A;3;9.84394;44.11603;6.0;2024-12-23;
IT1548A;1;9.89769;44.18308;275.0;2024-02-25;2024-12-21
IT1548A;2;9.8977;44.1831;275.0;2024-12-22;2024-12-22
IT1548A;3;9.89769;44.18309;275.0;2024-12-23;
IT1549A;1;8.87383;44.51859;120.0;2024-01-27;2024-12-21
IT1549A;2;8.87379;44.5186;120.0;2024-12-22;2024-12-22
IT1549A;3;8.87383;44.51859;120.0;2024-12-23;
IT1551A;1;11.19278;43.75694;45.0;2024-01-17;2024-12-22
IT1551A;2;11.1928;43.7569;45.0;2024-12-23;2024-12-24
IT1551A;3;11.19278;43.75694;45.0;2024-12-25;
IT1553A;1;11.00693;43.91611;48.0;2024-01-17;2024-12-23
IT1553A;2;11.0069;43.9161;48.0;2024-12-24;2024-12-24
IT1553A;3;11.00694;43.91611;48.0;2024-12-25;
IT1557A;1;10.32166;43.51999;13.0;2024-01-17;2024-12-23
IT1557A;2;10.3217;43.52;13.0;2024-12-24;2024-12-24
IT1557A;3;10.32166;43.52;13.0;2024-12-25;
IT1571A;1;10.90528;43.94083;80.0;2025-03-10;
IT1576A;1;8.38611;39.20333;25.0;2024-01-17;2024-12-22
IT1576A;2;8.3861;39.2033;25.0;2024-12-23;2024-12-23
IT1576A;3;8.38611;39.20333;25.0;2024-12-24;
IT1578A;1;12.91889;43.89332;20.0;2024-01-17;2024-12-23
IT1578A;2;12.9189;43.8933;20.0;2024-12-24;2024-12-24
IT1578A;3;12.91889;43.89333;20.0;2024-12-25;
IT1590A;1;12.23861;45.6725;15.0;2024-01-17;2024-12-22
IT1590A;2;12.2386;45.6725;15.0;2024-12-23;2024-12-24
IT1590A;3;12.23861;45.6725;15.0;2024-12-25;
IT1593A;1;11.11917;42.77861;10.0;2024-01-17;2024-12-22
IT1593A;2;11.1192;42.7786;10.0;2024-12-23;2024-12-24
IT1593A;3;11.11917;42.77861;10.0;2024-12-25;
IT1594A;1;12.21694;46.14138;401.0;2024-01-18;2024-12-23
IT1594A;2;12.2169;46.1414;401.0;2024-12-24;2024-12-24
IT1594A;3;12.21694;46.14139;401.0;2024-12-25;
IT1596A;1;12.51027;45.83694;14.0;2024-03-26;2024-12-23
IT1596A;2;12.5103;45.8369;14.0;2024-12-24;2024-12-24
IT1596A;3;12.51028;45.83694;14.0;2024-12-25;
IT1601A;1;15.945;41.66528;30.0;2024-01-17;2024-12-22
IT1601A;2;15.945;41.6653;30.0;2024-12-23;2024-12-24
IT1601A;3;15.945;41.66528;30.0;2024-12-25;
IT1610A;1;17.22528;40.42332;10.0;2024-01-17;2024-12-23
IT1610A;2;17.2253;40.42329;10.0;2024-12-24;2024-12-24
IT1610A;3;17.22528;40.42333;10.0;2024-12-25;
IT1614A;1;17.28389;40.41194;10.0;2024-01-17;2024-12-22
IT1614A;2;17.2839;40.4119;10.0;2024-12-23;2024-12-24
IT1614A;3;17.28389;40.41194;10.0;2024-12-25;
IT1617A;1;17.84639;40.42332;20.0;2024-01-17;2024-12-23
IT1617A;2;17.8464;40.42329;20.0;2024-12-24;2024-12-24
IT1617A;3;17.84639;40.42333;20.0;2024-12-25;
IT1619A;1;11.90583;46.03083;263.0;2024-01-17;
IT1624A;1;16.85972;41.10055;10.0;2024-01-17;2024-12-23
IT1624A;2;16.8597;41.1006;10.0;2024-12-24;2024-12-24
IT1624A;3;16.85972;41.10056;10.0;2024-12-25;
IT1644A;1;10.4536;43.86888;120.0;2024-01-17;2024-12-23
IT1644A;2;10.4536;43.8689;120.0;2024-12-24;2024-12-24
IT1644A;3;10.4536;43.86889;120.0;2024-12-25;
IT1646A;1;9.71388;45.08199;47.0;2024-01-17;2024-12-22
IT1646A;2;9.7139;45.082;47.0;2024-12-23;2024-12-24
IT1646A;3;9.71388;45.08199;47.0;2024-12-25;
IT1648A;1;9.12583;45.72722;320.0;2024-01-17;2024-12-22
IT1648A;2;9.1258;45.7272;320.0;2024-12-23;2024-12-24
IT1648A;3;9.12583;45.72722;320.0;2024-12-25;
IT1650A;1;9.02416;45.62694;212.0;2024-01-17;2024-12-23
IT1650A;2;9.0242;45.6269;212.0;2024-12-24;2024-12-24
IT1650A;3;9.02417;45.62694;212.0;2024-12-25;
IT1654A;1;11.09194;43.87278;54.0;2024-01-17;2024-12-22
IT1654A;2;11.0919;43.8728;54.0;2024-12-23;2024-12-24
IT1654A;3;11.09194;43.87278;54.0;2024-12-25;
IT1662A;1;9.79871;44.12364;20.0;2024-02-25;2024-12-21
IT1662A;2;9.7987;44.1236;20.0;2024-12-22;2024-12-22
IT1662A;3;9.79871;44.12365;20.0;2024-12-23;
IT1663A;1;17.80833;40.56555;10.0;2024-01-17;2024-12-23
IT1663A;2;17.8083;40.5656;10.0;2024-12-24;2024-12-24
IT1663A;3;17.80833;40.56556;10.0;2024-12-25;
IT1664A;1;17.96446;40.41852;10.0;2024-01-17;2024-12-22
IT1664A;2;17.9645;40.4185;10.0;2024-12-23;2024-12-23
IT1664A;3;17.96446;40.41852;10.0;2024-12-24;
IT1665A;1;18.11611;40.45888;10.0;2024-01-19;2024-12-22
IT1665A;2;18.1161;40.4589;10.0;2024-12-23;2024-12-24
IT1665A;3;18.11611;40.45888;10.0;2024-12-25;
IT1666A;1;18.02972;40.40444;10.0;2024-01-17;2024-12-22
IT1666A;2;18.02969;40.4044;10.0;2024-12-23;2024-12-24
IT1666A;3;18.02972;40.40444;10.0;2024-12-25;
IT1670A;1;12.23916;44.13916;37.0;2024-01-17;2025-03-09
IT1670A;2;12.23917;44.13917;37.0;2025-03-10;
IT1672A;1;10.43027;44.29972;1120.0;2024-01-17;2024-12-23
IT1672A;2;10.4303;44.2997;1120.0;2024-12-24;2024-12-24
IT1672A;3;10.43028;44.29972;1120.0;2024-12-25;
IT1679A;1;17.42389;40.53778;200.0;2024-01-17;2024-12-22
IT1679A;2;17.4239;40.53779;200.0;2024-12-23;2024-12-24
IT1679A;3;17.42389;40.53778;200.0;2024-12-25;
IT1681A;1;11.90167;43.66028;650.0;2024-01-17;2024-12-22
IT1681A;2;11.9017;43.6603;650.0;2024-12-23;2024-12-24
IT1681A;3;11.90167;43.66028;650.0;2024-12-25;
IT1687A;1;18.09507;40.34626;10.0;2024-01-17;2024-12-22
IT1687A;2;18.09509;40.3463;10.0;2024-12-23;2024-12-24
IT1687A;3;18.09507;40.34626;10.0;2024-12-25;
IT1692A;1;9.23583;45.47833;122.0;2024-01-17;2024-12-22
IT1692A;2;9.23579;45.4783;122.0;2024-12-23;2024-12-24
IT1692A;3;9.23583;45.47833;122.0;2024-12-25;
IT1696A;1;11.34014;46.43483;230.0;2024-01-17;2024-12-22
IT1696A;2;11.3401;46.4348;230.0;2024-12-23;2024-12-24
IT1696A;3;11.34014;46.43483;230.0;2024-12-25;
IT1702A;1;17.94361;40.65083;10.0;2024-01-17;2024-12-22
IT1702A;2;17.9436;40.65079;10.0;2024-12-23;2024-12-24
IT1702A;3;17.94361;40.65083;10.0;2024-12-25;
IT1728A;1;12.65167;42.55222;138.0;2024-03-09;2024-12-22
IT1728A;2;12.6517;42.5522;138.0;2024-12-23;2024-12-23
IT1728A;3;12.65167;42.55222;138.0;2024-12-24;
IT1734A;1;9.34889;45.84082;237.0;2024-01-17;2024-12-23
IT1734A;2;9.3489;45.8408;237.0;2024-12-24;2024-12-24
IT1734A;3;9.34889;45.84083;237.0;2024-12-25;
IT1735A;1;9.00944;45.00027;90.0;2024-01-17;2024-12-23
IT1735A;2;9.00939;45.0003;90.0;2024-12-24;2024-12-24
IT1735A;3;9.00944;45.00028;90.0;2024-12-25;
IT1736A;1;8.91499;45.04083;74.0;2024-01-17;
IT1737A;1;10.21944;45.51527;70.0;2024-01-17;2024-12-23
IT1737A;2;10.2194;45.5153;70.0;2024-12-24;2024-12-24
IT1737A;3;10.21944;45.51528;70.0;2024-12-25;
IT1739A;1;10.04583;45.14222;45.0;2024-01-17;2024-12-22
IT1739A;2;10.0458;45.1422;45.0;2024-12-23;2024-12-24
IT1739A;3;10.04583;45.14222;45.0;2024-12-25;
IT1743A;1;9.27444;45.58111;162.0;2024-01-17;2024-12-22
IT1743A;2;9.2744;45.5811;162.0;2024-12-23;2024-12-24
IT1743A;3;9.27444;45.58111;162.0;2024-12-25;
IT1771A;1;10.90633;44.65061;34.0;2025-03-10;
IT1773A;1;12.95222;43.46805;550.0;2024-01-17;2024-12-23
IT1773A;2;12.9522;43.4681;550.0;2024-12-24;2024-12-24
IT1773A;3;12.95222;43.46806;550.0;2024-12-25;
IT1788A;1;7.878;45.4512;240.0;2024-01-17;
IT1790A;1;12.36083;46.16249;615.0;2024-01-17;2024-12-23
IT1790A;2;12.3608;46.1625;615.0;2024-12-24;2024-12-24
IT1790A;3;12.36083;46.1625;615.0;2024-12-25;
IT1791A;1;11.56916;45.84833;1366.0;2024-03-26;2024-12-23
IT1791A;2;11.5692;45.8483;1366.0;2024-12-24;2024-12-24
IT1791A;3;11.56917;45.84833;1366.0;2024-12-25;
IT1794A;1;15.31006;38.20555;10.0;2024-01-17;2025-01-03
IT1794A;2;15.31006;38.20556;10.0;2025-01-04;
IT1795A;1;13.42861;43.28499;225.0;2024-01-17;2024-12-23
IT1795A;2;13.4286;43.285;225.0;2024-12-24;2024-12-24
IT1795A;3;13.42861;43.285;225.0;2024-12-25;
IT1796A;1;13.67472;43.33555;110.0;2024-01-17;2024-12-23
IT1796A;2;13.6747;43.3356;110.0;2024-12-24;2024-12-24
IT1796A;3;13.67472;43.33556;110.0;2024-12-25;
IT1798A;1;14.67472;41.55416;650.0;2024-01-17;2024-12-23
IT1798A;2;14.6747;41.5542;650.0;2024-12-24;2024-12-24
IT1798A;3;14.67472;41.55417;650.0;2024-12-25;
IT1801A;1;14.99333;41.99806;31.0;2026-03-20;
IT1812A;1;9.49694;45.91305;1192.0;2024-01-17;2024-12-23
IT1812A;2;9.4969;45.9131;1192.0;2024-12-24;2024-12-24
IT1812A;3;9.49694;45.91306;1192.0;2024-12-25;
IT1819A;1;10.09722;44.07833;98.0;2026-03-20;
IT1823A;1;16.91972;40.95332;100.0;2024-01-17;2024-12-23
IT1823A;2;16.9197;40.9533;100.0;2024-12-24;2024-12-24
IT1823A;3;16.91972;40.95333;100.0;2024-12-25;
IT1826A;1;9.39583;45.84944;267.0;2024-01-17;2024-12-22
IT1826A;2;9.3958;45.8494;267.0;2024-12-23;2024-12-24
IT1826A;3;9.39583;45.84944;267.0;2024-12-25;
IT1827A;1;13.50861;43.61166;100.0;2024-01-17;2024-12-23
IT1827A;2;13.5086;43.6117;100.0;2024-12-24;2024-12-24
IT1827A;3;13.50861;43.61167;100.0;2024-12-25;
IT1830A;1;8.6232;44.9203;91.0;2024-01-17;
IT1835A;1;12.53366;41.94765;36.0;2024-01-17;2024-12-23
IT1835A;2;12.5337;41.9477;36.0;2024-12-24;2024-12-24
IT1835A;3;12.53367;41.94765;36.0;2024-12-25;
IT1836A;1;12.44759;41.90636;24.0;2026-03-20;
IT1842A;1;13.33667;42.90055;1000.0;2024-01-17;2024-12-23
IT1842A;2;13.3367;42.9006;1000.0;2024-12-24;2024-12-24
IT1842A;3;13.33667;42.90056;1000.0;2024-12-25;
IT1843A;1;13.61944;42.84861;150.0;2024-01-17;2024-12-22
IT1843A;2;13.6194;42.8486;150.0;2024-12-23;2024-12-24
IT1843A;3;13.61944;42.84861;150.0;2024-12-25;
IT1848A;1;11.03778;45.59;824.0;2024-01-26;2024-12-22
IT1848A;2;11.0378;45.59;824.0;2024-12-23;2024-12-24
IT1848A;3;11.03778;45.59;824.0;2024-12-25;
IT1856A;1;13.38306;42.36417;673.0;2024-01-17;2024-12-22
IT1856A;2;13.3831;42.3642;673.0;2024-12-23;2024-12-24
IT1856A;3;13.38306;42.36417;673.0;2024-12-25;
IT1865A;1;11.07083;44.99694;16.0;2024-01-17;2024-12-22
IT1865A;2;11.0708;44.9969;16.0;2024-12-23;2024-12-24
IT1865A;3;11.07083;44.99694;16.0;2024-12-25;
IT1868A;1;10.79555;45.16055;22.0;2024-01-17;2024-12-23
IT1868A;2;10.7956;45.1606;22.0;2024-12-24;2024-12-24
IT1868A;3;10.79556;45.16056;22.0;2024-12-25;
IT1870A;1;11.64305;45.29;18.0;2024-01-17;2024-12-23
IT1870A;2;11.6431;45.29;18.0;2024-12-24;2024-12-24
IT1870A;3;11.64306;45.29;18.0;2024-12-25;
IT1873A;1;8.75;45.61666;215.0;2024-01-17;2024-12-23
IT1873A;2;8.75;45.6167;215.0;2024-12-24;2024-12-24
IT1873A;3;8.75;45.61667;215.0;2024-12-25;
IT1874A;1;8.75472;45.28111;6.0;2026-03-20;
IT1876A;1;9.46666;45.68333;273.0;2024-01-17;2024-12-23
IT1876A;2;9.4667;45.6833;273.0;2024-12-24;2024-12-24
IT1876A;3;9.46667;45.68333;273.0;2024-12-25;
IT1877A;1;7.62589;45.0419;260.0;2024-01-17;2024-12-23
IT1877A;2;7.6259;45.0419;260.0;2024-12-24;
IT1878A;1;8.4024;45.3189;131.0;2024-01-17;
IT1883A;1;8.48542;44.31537;55.0;2024-04-01;2024-12-21
IT1883A;2;8.4854;44.3154;55.0;2024-12-22;2024-12-22
IT1883A;3;8.48542;44.31538;55.0;2024-12-23;
IT1888A;1;13.11859;38.05016;187.0;2024-01-17;
IT1889A;1;13.68798;37.97791;101.0;2024-01-17;2025-01-03
IT1889A;2;13.68799;37.97791;101.0;2025-01-04;
IT1890A;1;14.28146;37.56412;925.0;2024-01-17;
IT1898A;1;12.54689;38.01236;40.0;2024-01-17;
IT1899A;1;15.01078;37.51571;160.0;2024-01-17;2025-01-03
IT1899A;2;15.01079;37.51571;160.0;2025-01-04;
IT1901A;1;12.57638;43.35277;498.0;2024-01-17;
IT1902A;1;12.46806;43.06693;209.0;2024-01-17;2024-12-23
IT1902A;2;12.46806;43.06694;209.0;2024-12-24;
IT1904A;1;9.0524;44.7633;620.0;2024-01-17;
IT1905A;1;11.52194;45.53194;33.0;2024-01-17;2024-12-22
IT1905A;2;11.5219;45.5319;33.0;2024-12-23;2024-12-24
IT1905A;3;11.52194;45.53194;33.0;2024-12-25;
IT1906A;1;12.47538;41.89397;17.0;2024-01-17;2026-03-19
IT1906A;2;12.47539;41.89397;17.0;2026-03-20;
IT1908A;1;12.4025;44.09583;32.0;2024-03-09;2024-12-22
IT1908A;2;12.4025;44.0958;32.0;2024-12-23;2024-12-24
IT1908A;3;12.4025;44.09583;32.0;2024-12-25;
IT1910A;1;10.37083;44.92611;30.0;2025-03-10;
IT1911A;1;10.28889;44.6575;202.0;2025-03-10;
IT1914A;1;10.66389;44.87306;22.0;2025-03-10;
IT1915A;1;12.6275;43.93277;165.0;2024-01-17;2024-12-23
IT1915A;2;12.6275;43.9328;165.0;2024-12-24;2024-12-24
IT1915A;3;12.6275;43.93278;165.0;2024-12-25;
IT1916A;1;12.42;44.01305;78.0;2024-01-17;2024-12-23
IT1916A;2;12.42;44.0131;78.0;2024-12-24;2024-12-24
IT1916A;3;12.42;44.01306;78.0;2024-12-25;
IT1917A;1;11.29972;44.73833;16.0;2025-03-10;
IT1918A;1;11.64972;44.825;9.0;2025-03-10;
IT1919A;1;11.94222;44.74166;0.0;2024-01-17;2024-12-23
IT1919A;2;11.9422;44.7417;0.0;2024-12-24;2024-12-24
IT1919A;3;11.94222;44.74167;0.0;2024-12-25;
IT1921A;1;11.17795;44.92784;4.0;2025-03-10;
IT1924A;1;10.01917;44.98944;48.0;2025-03-10;
IT1927A;1;11.98138;44.52649;1.0;2025-03-10;
IT1928A;1;12.33222;44.28389;0.0;2025-03-10;
IT1930A;1;11.11343;46.19683;227.0;2024-01-17;2024-12-23
IT1930A;2;11.1134;46.1968;227.0;2024-12-24;2024-12-24
IT1930A;3;11.11343;46.19684;227.0;2024-12-25;
IT1938A;1;16.24517;39.3134;230.0;2024-12-31;
IT1940A;1;16.25518;38.22976;11.0;2025-02-01;
IT1942A;1;11.09416;42.67056;40.0;2024-01-17;2024-12-23
IT1942A;2;11.0942;42.6706;40.0;2024-12-24;2024-12-24
IT1942A;3;11.09417;42.67056;40.0;2024-12-25;
IT1947A;1;9.00888;39.06666;56.0;2024-01-17;2024-12-22
IT1947A;2;9.0089;39.06669;56.0;2024-12-23;2024-12-23
IT1947A;3;9.00888;39.06667;56.0;2024-12-24;
IT1948A;1;8.3103;44.80799;258.0;2024-01-17;2024-12-23
IT1948A;2;8.3103;44.808;258.0;2024-12-24;
IT1961A;1;8.2559;46.3148;1639.0;2026-03-20;
IT1962A;1;14.03333;41.47888;170.0;2024-01-17;2024-12-23
IT1962A;2;14.03333;41.47889;170.0;2024-12-24;
IT1963A;1;7.2454;45.4302;1576.0;2026-03-20;
IT1964A;1;9.66693;45.23499;63.0;2024-01-17;2024-12-23
IT1964A;2;9.6669;45.235;63.0;2024-12-24;2024-12-24
IT1964A;3;9.66694;45.235;63.0;2024-12-25;
IT1965A;1;9.49528;45.30278;76.0;2024-01-17;2024-12-23
IT1965A;2;9.4953;45.3028;76.0;2024-12-24;2024-12-24
IT1965A;3;9.49529;45.30279;76.0;2024-12-25;
IT1967A;1;9.88027;46.1686;290.0;2024-01-17;2024-12-23
IT1967A;2;9.8803;46.1686;290.0;2024-12-24;2024-12-24
IT1967A;3;9.88028;46.16861;290.0;2024-12-25;
IT1975A;1;9.66916;45.03833;61.0;2025-03-10;
IT1993A;1;9.13638;39.26055;15.0;2024-01-17;2024-12-22
IT1993A;2;9.1364;39.26059;15.0;2024-12-23;2024-12-23
IT1993A;3;9.13639;39.26056;15.0;2024-12-24;
IT1996A;1;8.77305;40.25638;532.0;2024-03-26;2024-12-22
IT1996A;2;8.7731;40.2564;532.0;2024-12-23;2024-12-23
IT1996A;3;8.77305;40.25639;532.0;2024-12-24;
IT1997A;1;15.24911;38.1906;28.0;2024-01-17;2025-01-03
IT1997A;2;15.24911;38.19061;28.0;2025-01-04;
IT2003A;1;16.28611;41.31666;15.0;2024-01-17;2024-12-23
IT2003A;2;16.2861;41.31669;15.0;2024-12-24;2024-12-24
IT2003A;3;16.28611;41.31667;15.0;2024-12-25;
IT2005A;1;9.49166;40.9275;17.0;2024-03-26;2024-12-22
IT2005A;2;9.4917;40.9275;17.0;2024-12-23;2024-12-23
IT2005A;3;9.49166;40.9275;17.0;2024-12-24;
IT2007A;1;9.22277;45.80944;323.0;2024-01-17;
IT2008A;1;8.60527;39.88527;4.0;2024-01-17;2024-12-22
IT2008A;2;8.6053;39.8853;4.0;2024-12-23;2024-12-23
IT2008A;3;8.60528;39.88528;4.0;2024-12-24;
IT2009A;1;8.57611;40.72444;275.0;2026-03-20;
IT2010A;1;8.40527;40.83138;16.0;2024-03-26;2024-12-22
IT2010A;2;8.4053;40.8314;16.0;2024-12-23;2024-12-23
IT2010A;3;8.40528;40.83139;16.0;2024-12-24;
IT2011A;1;9.21638;39.8425;736.0;2024-01-17;2024-12-22
IT2011A;2;9.2164;39.8425;736.0;2024-12-23;2024-12-23
IT2011A;3;9.21639;39.8425;736.0;2024-12-24;
IT2012A;1;12.34559;41.87478;62.0;2024-01-17;2024-12-22
IT2012A;2;12.3456;41.8748;62.0;2024-12-23;2024-12-24
IT2012A;3;12.34559;41.87478;62.0;2024-12-25;
IT2013A;1;13.34897;41.6396;242.0;2024-01-27;2024-12-23
IT2013A;2;13.349;41.6396;242.0;2024-12-24;2024-12-24
IT2013A;3;13.34898;41.6396;242.0;2024-12-25;
IT2014A;1;9.28611;46.01583;211.0;2024-01-17;2024-12-22
IT2014A;2;9.28609;46.0158;211.0;2024-12-23;2024-12-24
IT2014A;3;9.28611;46.01583;211.0;2024-12-25;
IT2019A;1;15.54778;41.45389;76.0;2024-01-17;2024-12-22
IT2019A;2;15.5478;41.45389;76.0;2024-12-23;2024-12-24
IT2019A;3;15.54778;41.45389;76.0;2024-12-25;
IT2022A;1;9.18487;44.56468;965.0;2024-01-27;2024-12-21
IT2022A;2;9.1849;44.5647;965.0;2024-12-22;2024-12-22
IT2022A;3;9.18487;44.56468;965.0;2024-12-23;
IT2023A;1;11.87643;42.73657;436.0;2024-01-17;2024-12-22
IT2023A;2;11.8764;42.7366;436.0;2024-12-23;2024-12-24
IT2023A;3;11.87643;42.73657;436.0;2024-12-25;
IT2027A;1;12.22472;43.92749;615.0;2024-01-17;2024-12-23
IT2027A;2;12.2247;43.9275;615.0;2024-12-24;2024-12-24
IT2027A;3;12.22472;43.9275;615.0;2024-12-25;
IT2028A;1;15.63879;38.10495;20.0;2024-12-22;
IT2029A;1;7.77434;43.82001;80.0;2024-03-26;2024-12-21
IT2029A;2;7.7743;43.82;80.0;2024-12-22;2024-12-22
IT2029A;3;7.77434;43.82001;80.0;2024-12-23;
IT2030A;1;14.29714;37.05586;9.0;2024-03-14;2025-01-03
IT2030A;2;14.29714;37.05587;9.0;2025-01-04;
IT2031A;1;17.11417;39.06808;37.0;2024-12-22;
IT2032A;1;11.14193;43.47277;105.0;2024-01-17;2024-12-22
IT2032A;2;11.14194;43.47278;105.0;2024-12-23;
IT2033A;1;14.73402;36.91711;501.0;2024-01-18;
IT2036A;1;14.7145;36.92633;598.0;2024-01-17;2025-01-03
IT2036A;2;14.71451;36.92633;598.0;2025-01-04;
IT2040A;1;9.18805;39.23277;8.0;2024-01-17;2024-12-22
IT2040A;2;9.1881;39.23279;8.0;2024-12-23;2024-12-23
IT2040A;3;9.18806;39.23278;8.0;2024-12-24;
IT2049A;1;9.01139;39.28638;5.0;2026-03-20;
IT2052A;1;15.08112;37.52925;135.0;2024-01-17;2025-01-03
IT2052A;2;15.08112;37.52926;135.0;2025-01-04;
IT2058A;1;16.84526;41.1347;5.0;2024-01-17;2024-12-22
IT2058A;2;16.8453;41.1347;5.0;2024-12-23;2024-12-24
IT2058A;3;16.84526;41.1347;5.0;2024-12-25;
IT2059A;1;8.32472;40.55333;25.0;2024-01-17;2024-12-22
IT2059A;2;8.3247;40.5533;25.0;2024-12-23;2024-12-23
IT2059A;3;8.32471;40.55333;25.0;2024-12-24;
IT2061A;1;12.63639;43.73056;380.0;2024-01-17;2024-12-22
IT2061A;2;12.6364;43.7306;380.0;2024-12-23;2024-12-24
IT2061A;3;12.63639;43.73056;380.0;2024-12-25;
IT2062A;1;9.61472;45.64389;207.0;2025-03-10;
IT2071A;1;11.90222;45.60027;25.0;2024-03-26;2024-12-22
IT2071A;2;11.9022;45.6003;25.0;2024-12-23;2024-12-24
IT2071A;3;11.90222;45.60028;25.0;2024-12-25;
IT2072A;1;11.55333;45.10388;6.0;2024-01-17;2024-12-23
IT2072A;2;11.5533;45.1039;6.0;2024-12-24;2024-12-24
IT2072A;3;11.55333;45.10389;6.0;2024-12-25;
IT2073A;1;10.79139;44.53944;118.0;2025-03-10;
IT2074A;1;9.36693;44.73472;765.0;2024-01-17;2024-12-23
IT2074A;2;9.36689;44.7347;765.0;2024-12-24;2024-12-24
IT2074A;3;9.36693;44.73473;765.0;2024-12-25;
IT2075A;1;11.28611;44.5;56.0;2025-03-10;
IT2079A;1;8.84583;45.30444;109.0;2024-01-17;2024-12-23
IT2079A;2;8.8458;45.3044;109.0;2024-12-24;2024-12-24
IT2079A;3;8.84582;45.30444;109.0;2024-12-25;
IT2087A;1;16.29516;38.95955;140.0;2024-12-22;
IT2089A;1;16.57924;38.91829;370.0;2025-02-01;
IT2093A;1;16.08024;38.66458;467.0;2024-12-22;
IT2094A;1;16.23452;38.39092;660.0;2024-12-22;
IT2096A;1;11.34197;46.49917;260.0;2024-01-17;2024-12-22
IT2096A;2;11.342;46.4992;260.0;2024-12-23;2024-12-24
IT2096A;3;11.34197;46.49917;260.0;2024-12-25;
IT2097A;1;10.92611;44.15;811.0;2024-01-17;2024-12-22
IT2097A;2;10.9261;44.15;811.0;2024-12-23;2024-12-24
IT2097A;3;10.92611;44.15;811.0;2024-12-25;
IT2098A;1;9.27611;45.60222;181.0;2024-01-17;2024-12-18
IT2098A;2;9.2761;45.6022;181.0;2024-12-19;2024-12-24
IT2098A;3;9.2761;45.60222;181.0;2024-12-25;
IT2100A;1;12.20583;43.13305;242.0;2024-01-17;2024-12-23
IT2100A;2;12.20583;43.13306;242.0;2024-12-24;
IT2101A;1;7.8375;45.00279;271.0;2024-01-17;2024-12-23
IT2101A;2;7.8375;45.0028;271.0;2024-12-24;
IT2104A;1;8.1598;45.6642;666.0;2024-01-17;
IT2105A;1;12.24583;43.45694;284.0;2024-01-17;2024-12-22
IT2105A;2;12.2458;43.4569;284.0;2024-12-23;2024-12-27
IT2105A;3;12.24583;43.45694;284.0;2024-12-28;
IT2109A;1;12.41972;42.55194;329.0;2024-01-17;2024-12-22
IT2109A;2;12.4197;42.5519;329.0;2024-12-23;2024-12-23
IT2109A;3;12.41972;42.55194;329.0;2024-12-24;
IT2110A;1;16.3868;39.48963;758.0;2024-12-22;
IT2112A;1;17.01034;39.18752;71.0;2025-04-18;
IT2113A;1;12.13666;42.73722;143.0;2024-01-17;2024-12-23
IT2113A;2;12.13667;42.73722;143.0;2024-12-24;
IT2115A;1;12.9259;45.85693;0.0;2024-01-17;2024-12-22
IT2115A;2;12.9259;45.8569;0.0;2024-12-23;2024-12-23
IT2115A;3;12.9259;45.85693;0.0;2024-12-24;
IT2117A;1;7.7116;45.1763;246.0;2024-01-30;
IT2119A;1;7.4262;44.7197;268.0;2024-01-17;
IT2128A;1;8.2921;46.1276;281.0;2024-01-17;
IT2131A;1;13.48636;45.73162;0.0;2024-01-17;2024-12-22
IT2131A;2;13.4864;45.7316;0.0;2024-12-23;2024-12-24
IT2131A;3;13.48636;45.73162;0.0;2024-12-25;
IT2132A;1;13.50112;45.83643;10.0;2024-01-17;2024-12-22
IT2132A;2;13.5011;45.8364;10.0;2024-12-23;2024-12-24
IT2132A;3;13.50112;45.83643;10.0;2024-12-25;
IT2134A;1;12.52194;42.53417;95.0;2024-01-17;2024-12-22
IT2134A;2;12.5219;42.5342;95.0;2024-12-23;2024-12-23
IT2134A;3;12.52194;42.53417;95.0;2024-12-24;
IT2137A;1;17.95471;40.63139;20.0;2024-01-17;2024-12-22
IT2137A;2;17.9547;40.6314;20.0;2024-12-23;2024-12-24
IT2137A;3;17.95471;40.63139;20.0;2024-12-25;
IT2141A;1;15.38667;41.63083;150.0;2026-03-01;
IT2142A;1;15.44083;41.54665;150.0;2024-01-17;2024-12-23
IT2142A;2;15.4408;41.5467;150.0;2024-12-24;2024-12-24
IT2142A;3;15.44083;41.54666;150.0;2024-12-25;
IT2148A;1;17.5125;40.64916;100.0;2024-01-17;2024-12-23
IT2148A;2;17.5125;40.6492;100.0;2024-12-24;2024-12-24
IT2148A;3;17.5125;40.64917;100.0;2024-12-25;
IT2149A;1;17.41583;40.74278;200.0;2024-01-17;2024-12-22
IT2149A;2;17.4158;40.7428;200.0;2024-12-23;2024-12-24
IT2149A;3;17.41583;40.74278;200.0;2024-12-25;
IT2150A;1;18.125;40.40332;100.0;2024-01-17;2024-12-22
IT2150A;2;18.125;40.4033;100.0;2024-12-23;2024-12-24
IT2150A;3;18.125;40.40332;100.0;2024-12-25;
IT2151A;1;18.04722;40.48944;50.0;2024-01-17;2024-12-22
IT2151A;2;18.0472;40.4894;50.0;2024-12-23;2024-12-24
IT2151A;3;18.04722;40.48944;50.0;2024-12-25;
IT2152A;1;13.2714;45.82198;3.0;2024-03-09;2024-12-23
IT2152A;2;13.2714;45.822;3.0;2024-12-24;2024-12-24
IT2152A;3;13.2714;45.82199;3.0;2024-12-25;
IT2153A;1;11.09778;43.79306;41.0;2024-01-17;2024-12-22
IT2153A;2;11.0978;43.7931;41.0;2024-12-23;2024-12-24
IT2153A;3;11.09778;43.79306;41.0;2024-12-25;
IT2154A;1;10.52417;42.93193;40.0;2024-01-17;2024-12-23
IT2154A;2;10.5242;42.9319;40.0;2024-12-24;2024-12-24
IT2154A;3;10.52417;42.93194;40.0;2024-12-25;
IT2155A;1;8.20604;44.39703;450.0;2024-02-09;2024-12-21
IT2155A;2;8.206;44.397;450.0;2024-12-22;2024-12-22
IT2155A;3;8.20604;44.39703;450.0;2024-12-23;
IT2158A;1;12.40166;43.90805;540.0;2024-01-17;2024-12-23
IT2158A;2;12.4017;43.9081;540.0;2024-12-24;2024-12-24
IT2158A;3;12.40167;43.90806;540.0;2024-12-25;
IT2159A;1;13.48944;42.33;584.0;2024-01-17;2024-12-22
IT2159A;2;13.4894;42.33;584.0;2024-12-23;2024-12-24
IT2159A;3;13.48944;42.33;584.0;2024-12-25;
IT2160A;1;13.35083;42.41277;794.0;2024-01-17;2024-12-23
IT2160A;2;13.3508;42.4128;794.0;2024-12-24;2024-12-24
IT2160A;3;13.35083;42.41278;794.0;2024-12-25;
IT2161A;1;14.10361;41.77943;803.0;2024-01-17;2024-12-23
IT2161A;2;14.1036;41.7794;803.0;2024-12-24;2024-12-24
IT2161A;3;14.10361;41.77944;803.0;2024-12-25;
IT2162A;1;13.72611;42.66555;228.0;2024-05-03;2024-12-18
IT2162A;2;13.7261;42.6656;228.0;2024-12-19;2024-12-24
IT2162A;3;13.72611;42.66556;228.0;2024-12-25;
IT2163A;1;14.02889;42.11944;913.0;2024-01-17;2024-12-22
IT2163A;2;14.0289;42.1194;913.0;2024-12-23;2024-12-24
IT2163A;3;14.02889;42.11944;913.0;2024-12-25;
IT2164A;1;14.06778;42.35806;132.0;2024-01-17;2024-12-22
IT2164A;2;14.0678;42.3581;132.0;2024-12-23;2024-12-24
IT2164A;3;14.06778;42.35806;132.0;2024-12-25;
IT2165A;1;14.35583;42.29305;201.0;2024-01-17;2024-12-23
IT2165A;2;14.3558;42.2931;201.0;2024-12-24;2024-12-24
IT2165A;3;14.35583;42.29306;201.0;2024-12-25;
IT2166A;1;14.13778;42.34611;50.0;2024-01-17;2024-12-18
IT2166A;2;14.1378;42.3461;50.0;2024-12-19;2024-12-24
IT2166A;3;14.13778;42.34611;50.0;2024-12-25;
IT2167A;1;14.27917;42.42139;6.0;2024-01-17;2024-12-22
IT2167A;2;14.2792;42.4214;6.0;2024-12-23;2024-12-24
IT2167A;3;14.27917;42.42139;6.0;2024-12-25;
IT2168A;1;7.6491;45.0249;243.0;2024-01-17;
IT2169A;1;13.30194;45.84194;3.0;2024-01-17;2024-12-22
IT2169A;2;13.3019;45.8419;3.0;2024-12-23;2024-12-24
IT2169A;3;13.30194;45.84194;3.0;2024-12-25;
IT2170A;1;13.26222;45.81083;0.0;2025-03-10;
IT2173A;1;13.57049;41.22308;3.0;2024-01-17;2024-12-22
IT2173A;2;13.5705;41.2231;3.0;2024-12-23;2024-12-24
IT2173A;3;13.57049;41.22308;3.0;2024-12-25;
IT2175A;1;12.41319;42.30181;145.0;2024-01-17;2024-12-23
IT2175A;2;12.4132;42.3018;145.0;2024-12-24;2024-12-24
IT2175A;3;12.4132;42.30181;145.0;2024-12-25;
IT2182A;1;13.47479;46.51004;771.0;2024-01-17;2024-12-22
IT2182A;2;13.4748;46.51;771.0;2024-12-23;2024-12-23
IT2182A;3;13.47479;46.51005;771.0;2024-12-24;
IT2183A;1;10.3327;43.56889;8.0;2024-01-17;2024-12-23
IT2183A;2;10.3327;43.5689;8.0;2024-12-24;
IT2206A;1;14.34496;37.02248;0.0;2024-01-17;2025-01-03
IT2206A;2;14.34497;37.02249;0.0;2025-01-04;
IT2207A;1;14.22384;37.07569;0.0;2024-01-17;
IT2212A;1;14.48133;40.92431;31.0;2026-03-20;
IT2213A;1;14.70244;40.71098;191.0;2024-01-17;2024-12-23
IT2213A;2;14.7024;40.711;191.0;2024-12-24;2024-12-24
IT2213A;3;14.70244;40.71099;191.0;2024-12-25;
IT2215A;1;14.83614;41.14691;128.0;2024-01-17;2024-12-22
IT2215A;2;14.8361;41.1469;128.0;2024-12-23;2024-12-24
IT2215A;3;14.83614;41.14691;128.0;2024-12-25;
IT2216A;1;14.29866;40.91463;57.0;2024-01-17;2024-12-22
IT2216A;2;14.2987;40.9146;57.0;2024-12-23;2024-12-24
IT2216A;3;14.29866;40.91463;57.0;2024-12-25;
IT2217A;1;14.43814;40.76059;45.0;2024-01-17;2024-12-23
IT2217A;2;14.4382;40.76059;45.0;2024-12-24;2024-12-24
IT2217A;3;14.43815;40.76059;45.0;2024-12-25;
IT2219A;1;14.36981;40.94108;27.0;2026-03-20;
IT2228A;1;14.77998;41.11574;125.0;2024-01-17;2024-12-23
IT2228A;2;14.77998;41.11575;125.0;2024-12-24;
IT2230A;1;10.5172;44.92466;26.0;2024-01-17;2024-12-23
IT2230A;2;10.5172;44.9247;26.0;2024-12-24;2024-12-24
IT2230A;3;10.5172;44.92467;26.0;2024-12-25;
IT2232A;1;9.16698;45.5476;155.0;2024-01-17;2024-12-22
IT2232A;2;9.167;45.5476;155.0;2024-12-23;2024-12-24
IT2232A;3;9.16698;45.5476;155.0;2024-12-25;
IT2233A;1;7.30433;45.73443;583.0;2024-01-17;2024-12-23
IT2233A;2;7.3043;45.7344;583.0;2024-12-24;2024-12-24
IT2233A;3;7.30433;45.73444;583.0;2024-12-25;
IT2239A;1;10.55988;44.00555;130.0;2024-01-17;2024-12-22
IT2239A;2;10.5599;44.0055;130.0;2024-12-23;2024-12-24
IT2239A;3;10.55988;44.00555;130.0;2024-12-25;
IT2240A;1;10.50048;43.8328;13.0;2024-01-17;2024-12-23
IT2240A;2;10.5005;43.8328;13.0;2024-12-24;2024-12-24
IT2240A;3;10.50048;43.83281;13.0;2024-12-25;
IT2242A;1;11.46694;43.62302;121.0;2024-01-17;2024-12-23
IT2242A;2;11.4669;43.623;121.0;2024-12-24;2024-12-24
IT2242A;3;11.46694;43.62303;121.0;2024-12-25;
IT2247A;1;12.23704;41.76823;2.0;2024-01-17;2024-12-22
IT2247A;2;12.237;41.7682;2.0;2024-12-23;2024-12-24
IT2247A;3;12.23704;41.76823;2.0;2024-12-25;
IT2248A;1;11.79317;42.1373;90.0;2024-01-17;2024-12-23
IT2248A;2;11.7932;42.1373;90.0;2024-12-24;2024-12-24
IT2248A;3;11.79317;42.13731;90.0;2024-12-25;
IT2249A;1;11.7427;42.15998;11.0;2024-01-17;2024-12-23
IT2249A;2;11.7427;42.16;11.0;2024-12-24;2024-12-24
IT2249A;3;11.74271;42.15998;11.0;2024-12-25;
IT2251A;1;11.81765;42.09883;124.0;2024-01-17;2024-12-23
IT2251A;2;11.8177;42.0988;124.0;2024-12-24;2024-12-24
IT2251A;3;11.81765;42.09884;124.0;2024-12-25;
IT2252A;1;11.80936;42.08179;19.0;2024-01-17;2024-12-23
IT2252A;2;11.8094;42.0818;19.0;2024-12-24;2024-12-24
IT2252A;3;11.80937;42.08179;19.0;2024-12-25;
IT2253A;1;11.8159;42.07361;30.0;2024-01-17;2024-12-22
IT2253A;2;11.8159;42.0736;30.0;2024-12-23;2024-12-24
IT2253A;3;11.8159;42.07361;30.0;2024-12-25;
IT2254A;1;11.9;42.16096;465.0;2024-01-17;2024-12-23
IT2254A;2;11.9;42.161;465.0;2024-12-24;2024-12-24
IT2254A;3;11.9;42.16097;465.0;2024-12-25;
IT2257A;1;11.89431;42.26858;231.0;2024-01-17;2024-12-23
IT2257A;2;11.8943;42.2686;231.0;2024-12-24;2024-12-24
IT2257A;3;11.89432;42.26859;231.0;2024-12-25;
IT2259A;1;8.79768;44.4284;50.0;2024-01-27;2024-12-21
IT2259A;2;8.7977;44.4284;50.0;2024-12-22;2024-12-22
IT2259A;3;8.79768;44.4284;50.0;2024-12-23;
IT2260A;1;13.85497;45.64731;366.0;2024-01-17;2024-12-22
IT2260A;2;13.855;45.6473;366.0;2024-12-23;2024-12-23
IT2260A;3;13.85497;45.64731;366.0;2024-12-24;
IT2262A;1;13.75605;45.64231;26.0;2024-01-17;2024-12-23
IT2262A;2;13.7561;45.6423;26.0;2024-12-24;2024-12-24
IT2262A;3;13.75605;45.64232;26.0;2024-12-25;
IT2268A;1;14.97584;40.61107;70.0;2024-01-17;2024-12-22
IT2268A;2;14.9758;40.6111;70.0;2024-12-23;2024-12-24
IT2268A;3;14.97584;40.61107;70.0;2024-12-25;
IT2270A;1;14.34927;40.81587;75.0;2024-01-17;2024-12-23
IT2270A;2;14.3493;40.8159;75.0;2024-12-24;2024-12-24
IT2270A;3;14.34927;40.81588;75.0;2024-12-25;
IT2272A;1;14.12254;40.82291;39.0;2024-05-19;2024-12-22
IT2272A;2;14.1225;40.82289;39.0;2024-12-23;2024-12-24
IT2272A;3;14.12254;40.82291;39.0;2024-12-25;
IT2274A;1;13.53253;37.29189;0.0;2024-01-17;2025-01-03
IT2274A;2;13.53254;37.29189;0.0;2025-01-04;
IT2275A;1;15.54651;38.17434;0.0;2024-01-17;
IT2276A;1;15.09675;41.15603;792.0;2024-01-17;2024-12-22
IT2276A;2;15.0968;41.156;792.0;2024-12-23;2024-12-24
IT2276A;3;15.09675;41.15603;792.0;2024-12-25;
IT2277A;1;14.17941;40.79888;150.0;2024-01-17;2024-12-23
IT2277A;2;14.1794;40.7989;150.0;2024-12-24;2024-12-24
IT2277A;3;14.17941;40.79889;150.0;2024-12-25;
IT2280A;1;13.76608;45.64048;140.0;2024-01-17;2024-12-23
IT2280A;2;13.7661;45.6405;140.0;2024-12-24;2024-12-24
IT2280A;3;13.76608;45.64049;140.0;2024-12-25;
IT2281A;1;13.59396;37.30704;265.0;2024-01-17;
IT2282A;1;8.6204;45.43969;154.0;2024-01-17;2024-12-23
IT2282A;2;8.6204;45.4397;154.0;2024-12-24;
IT2283A;1;15.29873;40.47058;650.0;2024-01-17;2024-12-23
IT2283A;2;15.2987;40.47059;650.0;2024-12-24;2024-12-24
IT2283A;3;15.29873;40.47059;650.0;2024-12-25;
IT2285A;1;11.22324;46.26405;212.0;2024-01-17;2024-12-23
IT2285A;2;11.2232;46.2641;212.0;2024-12-24;2024-12-24
IT2285A;3;11.22324;46.26406;212.0;2024-12-25;
IT2288A;1;15.24756;38.23146;10.0;2024-01-17;2025-01-03
IT2288A;2;15.24757;38.23147;10.0;2025-01-04;
IT2292A;1;7.86394;44.08195;950.0;2024-03-26;2024-12-21
IT2292A;2;7.8639;44.082;950.0;2024-12-22;2024-12-22
IT2292A;3;7.86394;44.08196;950.0;2024-12-23;
IT2293A;1;13.5445;45.80296;0.0;2025-03-10;
IT2297A;1;13.34652;38.10509;10.0;2024-01-17;2025-01-03
IT2297A;2;13.34653;38.1051;10.0;2025-01-04;
IT2301A;1;10.25637;45.50867;124.0;2025-03-10;
IT2305A;1;11.9235;42.15286;458.0;2024-03-09;2024-12-22
IT2305A;2;11.9235;42.1529;458.0;2024-12-23;2024-12-24
IT2305A;3;11.9235;42.15286;458.0;2024-12-25;
IT2306A;1;13.5899;37.30641;235.0;2024-03-09;
IT2307A;1;13.5516;37.29923;96.0;2024-03-09;
IT2308A;1;13.5041;38.08611;51.0;2026-03-20;
IT2309A;1;15.2312;38.16029;35.0;2024-03-09;2025-01-03
IT2309A;2;15.23121;38.16029;35.0;2025-01-04;
IT2312A;1;14.26125;37.0651;7.0;2024-03-09;
IT2313A;1;12.59792;35.5028;20.0;2024-03-09;
IT2314A;1;14.83865;36.72947;16.0;2024-03-09;
IT2315A;1;15.10106;37.57866;334.0;2024-03-09;2025-01-03
IT2315A;2;15.10106;37.57867;334.0;2025-01-04;
IT2316A;1;15.13175;37.09627;129.0;2024-03-09;2025-01-03
IT2316A;2;15.13175;37.09628;129.0;2025-01-04;
IT2317A;1;15.26801;37.08575;68.0;2024-03-09;2025-01-03
IT2317A;2;15.26801;37.08574;68.0;2025-01-04;
IT2318A;1;12.71802;37.88247;186.0;2024-03-09;2025-01-03
IT2318A;2;12.71802;37.88248;186.0;2025-01-04;
IT2321A;1;12.50816;45.95746;23.0;2026-03-20;
IT2324A;1;13.61613;45.93648;79.0;2025-03-10;
IT2325A;1;13.14656;45.79561;4.0;2026-03-20;
IT2326A;1;13.21748;45.8202;7.0;2026-03-20;
IT2329A;1;13.14037;41.73194;174.0;2026-03-20;
LT00001;1;25.28518;54.67762;116.0;2024-01-17;2024-12-23
LT00001;2;25.2852;54.6776;116.0;2024-12-24;2024-12-24
LT00001;3;25.28519;54.67763;116.0;2024-12-25;
LT00002;1;25.21083;54.68611;170.0;2024-01-17;2024-12-22
LT00002;2;25.2108;54.6861;170.0;2024-12-23;2024-12-24
LT00002;3;25.21083;54.68611;170.0;2024-12-25;
LT00012;1;24.36557;55.72499;52.0;2024-01-17;2024-12-23
LT00012;2;24.3656;55.725;52.0;2024-12-24;2024-12-24
LT00012;3;24.36557;55.725;52.0;2024-12-25;
LT00021;1;22.87084;56.31943;75.0;2024-01-17;2024-09-22
LT00021;2;22.87084;56.31944;75.0;2024-09-23;2024-12-22
LT00021;3;22.8708;56.3194;75.0;2024-12-23;2024-12-24
LT00021;4;22.87084;56.31944;75.0;2024-12-25;
LT00044;1;23.83583;54.88361;73.0;2024-01-17;2024-12-22
LT00044;2;23.8358;54.8836;73.0;2024-12-23;2024-12-24
LT00044;3;23.83583;54.88361;73.0;2024-12-25;
LT00051;1;26.00416;55.46333;180.0;2024-01-17;2024-12-23
LT00051;2;26.0042;55.4633;180.0;2024-12-24;2024-12-24
LT00051;3;26.00417;55.46333;180.0;2024-12-25;
LT00052;1;24.28972;54.09249;130.0;2024-01-17;2024-12-23
LT00052;2;24.2897;54.0925;130.0;2024-12-24;2024-12-24
LT00052;3;24.28973;54.0925;130.0;2024-12-25;
LT00053;1;21.88694;56.00833;155.0;2024-01-17;2024-12-23
LT00053;2;21.8869;56.0083;155.0;2024-12-24;2024-12-24
LT00053;3;21.88695;56.00834;155.0;2024-12-25;
LU0101A;1;6.13759;49.59768;275.0;2024-03-09;2024-09-17
LU0101A;2;6.13759;49.59769;275.0;2024-09-18;2024-12-22
LU0101A;3;6.1376;49.5977;275.0;2024-12-23;2024-12-24
LU0101A;4;6.13759;49.59769;275.0;2024-12-25;
LU0102A;1;5.97694;49.50503;287.0;2024-01-17;2024-09-21
LU0102A;2;5.97694;49.50504;287.0;2024-09-22;2024-12-22
LU0102A;3;5.9769;49.505;287.0;2024-12-23;2024-12-24
LU0102A;4;5.97694;49.50504;287.0;2024-12-25;
LU0103A;1;6.1759;49.94395;511.0;2024-01-17;2024-09-21
LU0103A;2;6.17833;49.93583;511.0;2024-09-22;2024-12-18
LU0103A;3;6.1783;49.9358;511.0;2024-12-19;2024-12-24
LU0103A;4;6.17833;49.93583;511.0;2024-12-25;
LU0104A;1;5.84714;49.7318;288.0;2024-01-17;2024-09-21
LU0104A;2;5.84714;49.73181;288.0;2024-09-22;2024-12-22
LU0104A;3;5.8471;49.7318;288.0;2024-12-23;2024-12-23
LU0104A;4;5.84714;49.73181;288.0;2024-12-24;
LU0105A;1;6.30533;49.72225;319.0;2024-01-17;2024-12-23
LU0105A;2;6.3053;49.7223;319.0;2024-12-24;2024-12-24
LU0105A;3;6.30533;49.72226;319.0;2024-12-25;
LV0010R;1;21.17333;56.16235;18.0;2024-01-18;2024-12-22
LV0010R;2;21.1733;56.1624;18.0;2024-12-23;2024-12-24
LV0010R;3;21.17333;56.16235;18.0;2024-12-25;
LV0022A;1;21.59031;57.40399;1.0;2024-03-08;2024-12-23
LV0022A;2;21.5903;57.404;1.0;2024-12-24;2024-12-24
LV0022A;3;21.59032;57.404;1.0;2024-12-25;
LV0026A;1;24.10475;56.95484;3.0;2024-03-08;2024-12-23
LV0026A;2;24.1048;56.9549;3.0;2024-12-24;2024-12-24
LV0026A;3;24.10476;56.95485;3.0;2024-12-25;
LV0029A;1;21.01441;56.49628;2.0;2024-03-08;2024-12-22
LV0029A;2;21.0144;56.4963;2.0;2024-12-23;2024-12-24
LV0029A;3;21.01441;56.49628;2.0;2024-12-25;
LV0031A;1;27.33774;56.51101;157.0;2024-03-08;2024-12-23
LV0031A;2;27.3377;56.511;157.0;2024-12-24;2024-12-24
LV0031A;3;27.33775;56.51101;157.0;2024-12-25;
ME0001A;1;19.34912;43.35722;777.0;2024-12-24;
ME0008A;1;19.09431;42.10383;12.0;2024-12-24;
ME0009A;1;18.94291;42.78121;629.0;2024-12-24;
ME0012A;1;19.32773;42.5176;221.0;2025-04-18;
ME0013A;1;19.7424;43.02955;572.0;2025-04-18;
MK0030A;1;21.46362;42.00361;250.0;2024-01-17;
MK0036A;1;21.71474;42.13556;337.0;2024-01-17;
MK0042A;1;20.69889;41.53582;1333.0;2024-01-17;
MK0048A;1;21.387;42.00599;255.0;2024-01-17;2025-04-17
MK0048A;2;21.387;42.006;255.0;2025-04-18;
MK0049A;1;22.64316;41.43913;230.0;2024-03-09;
MK0050A;1;20.90973;41.79974;510.0;2024-03-09;
MK0051A;1;22.49604;41.13914;60.0;2024-03-09;2025-04-17
MK0051A;2;22.49604;41.13913;60.0;2025-04-18;
MK0052A;1;21.56286;41.343;650.0;2025-04-18;
MK0053A;1;22.85271;41.70731;800.0;2025-04-18;
MT00004;1;14.53898;35.85229;56.0;2024-02-15;2024-04-09
MT00004;2;14.53894;35.85226;56.0;2024-04-10;2024-12-22
MT00004;3;14.5389;35.8523;56.0;2024-12-23;2024-12-24
MT00004;4;14.53894;35.85226;56.0;2024-12-25;
MT00007;1;14.19715;36.06706;114.0;2024-02-15;2024-04-09
MT00007;2;14.19707;36.06704;114.0;2024-04-10;2024-12-23
MT00007;3;14.1971;36.0671;114.0;2024-12-24;2024-12-24
MT00007;4;14.19707;36.06705;114.0;2024-12-25;
MT00008;1;14.43446;35.89001;86.0;2024-02-15;2024-04-09
MT00008;2;14.43457;35.89009;86.0;2024-04-10;2024-12-22
MT00008;3;14.4346;35.89009;86.0;2024-12-23;2024-12-24
MT00008;4;14.43457;35.89009;86.0;2024-12-25;
NL00003;1;4.94382;52.38931;1.0;2024-01-17;2024-09-18
NL00003;2;4.94382;52.38931;4.0;2024-09-19;2024-12-23
NL00003;3;4.9438;52.3893;4.0;2024-12-24;2024-12-24
NL00003;4;4.94381;52.38931;4.0;2024-12-25;
NL00014;1;4.8662;52.35971;2.0;2024-01-17;2024-12-22
NL00014;2;4.8662;52.3597;2.0;2024-12-23;2024-12-24
NL00014;3;4.8662;52.35971;2.0;2024-12-25;
NL00016;1;4.87015;52.39397;3.0;2024-01-17;2024-12-23
NL00016;2;4.87019;52.394;3.0;2024-12-24;2024-12-24
NL00016;3;4.87016;52.39397;3.0;2024-12-25;
NL00019;1;4.9044;52.37205;2.0;2024-01-17;2024-09-18
NL00019;2;4.9044;52.37205;6.0;2024-09-19;2024-12-23
NL00019;3;4.9044;52.3721;6.0;2024-12-24;2024-12-24
NL00019;4;4.9044;52.37206;6.0;2024-12-25;
NL00021;1;4.98839;52.32069;-3.0;2024-01-17;2024-09-18
NL00021;2;4.98839;52.32069;0.0;2024-09-19;2024-12-23
NL00021;3;4.9884;52.3207;0.0;2024-12-24;2024-12-24
NL00021;4;4.9884;52.32069;0.0;2024-12-25;
NL00022;1;4.79334;52.36681;-1.0;2024-01-17;2024-09-18
NL00022;2;4.79334;52.36681;2.0;2024-09-19;2024-12-22
NL00022;3;4.7933;52.3668;2.0;2024-12-23;2024-12-24
NL00022;4;4.79334;52.36681;2.0;2024-12-25;
NL00107;1;6.04239;51.11919;32.0;2024-01-17;2024-09-18
NL00107;2;6.04239;51.11919;35.0;2024-09-19;2024-12-23
NL00107;3;6.0424;51.1192;35.0;2024-12-24;2024-12-24
NL00107;4;6.0424;51.11919;35.0;2024-12-25;
NL00131;1;5.85306;51.54051;28.0;2024-01-17;2024-09-18
NL00131;2;5.85307;51.54052;30.0;2024-09-19;2024-12-22
NL00131;3;5.8531;51.5405;30.0;2024-12-23;2024-12-24
NL00131;4;5.85307;51.54052;30.0;2024-12-25;2025-09-13
NL00131;5;5.85309;51.54048;30.0;2025-09-14;
NL00133;1;5.88174;50.90228;96.0;2024-01-17;2024-09-18
NL00133;2;5.88174;50.90228;91.0;2024-09-19;2024-12-23
NL00133;3;5.8818;50.9023;91.0;2024-12-24;2024-12-24
NL00133;4;5.88175;50.90228;91.0;2024-12-25;2025-09-13
NL00133;5;5.88169;50.90233;91.0;2025-09-14;
NL00138;1;5.98685;50.90031;98.0;2024-01-17;2024-09-18
NL00138;2;5.98685;50.90031;99.0;2024-09-19;2024-12-23
NL00138;3;5.9868;50.9003;99.0;2024-12-24;2024-12-24
NL00138;4;5.98685;50.90032;99.0;2024-12-25;
NL00230;1;5.14845;51.51843;15.0;2024-01-17;2024-12-23
NL00230;2;5.1485;51.5184;15.0;2024-12-24;2024-12-24
NL00230;3;5.14845;51.51844;15.0;2024-12-25;2025-09-13
NL00230;4;5.14845;51.51839;15.0;2025-09-14;
NL00235;1;4.35983;51.43444;18.0;2024-01-17;2024-09-18
NL00235;2;4.35983;51.43444;21.0;2024-09-19;2024-12-23
NL00235;3;4.3598;51.4344;21.0;2024-12-24;2024-12-24
NL00235;4;4.35984;51.43444;21.0;2024-12-25;2025-09-13
NL00235;5;4.35977;51.43443;21.0;2025-09-14;
NL00241;1;4.78101;51.60307;1.0;2024-01-17;2024-09-18
NL00241;2;4.78101;51.60308;1.0;2024-09-19;2024-12-23
NL00241;3;4.78099;51.6031;1.0;2024-12-24;2024-12-24
NL00241;4;4.78102;51.60308;1.0;2024-12-25;2025-03-12
NL00241;5;4.78102;51.60308;1.0;2025-03-13;
NL00246;1;4.51527;51.65372;1.0;2024-01-17;2024-09-18
NL00246;2;4.51527;51.65372;2.0;2024-09-19;2024-12-23
NL00246;3;4.5153;51.6537;2.0;2024-12-24;2024-12-24
NL00246;4;4.51527;51.65373;2.0;2024-12-25;2025-09-13
NL00246;5;4.5153;51.65372;2.0;2025-09-14;
NL00247;1;5.39332;51.40736;22.0;2024-01-17;2024-09-18
NL00247;2;5.39332;51.40736;26.0;2024-09-19;2024-12-23
NL00247;3;5.3933;51.4074;26.0;2024-12-24;2024-12-24
NL00247;4;5.39333;51.40737;26.0;2024-12-25;
NL00301;1;3.91662;51.6347;-1.0;2024-01-17;2024-09-18
NL00301;2;3.91662;51.6347;1.0;2024-09-19;2024-12-23
NL00301;3;3.9166;51.6347;1.0;2024-12-24;2024-12-24
NL00301;4;3.91662;51.63471;1.0;2024-12-25;2025-09-13
NL00301;5;3.91664;51.63473;1.0;2025-09-14;
NL00318;1;3.74948;51.29449;5.0;2024-01-17;2024-12-23
NL00318;2;3.7495;51.2945;5.0;2024-12-24;2024-12-24
NL00318;3;3.74948;51.2945;5.0;2024-12-25;2025-09-13
NL00318;4;3.74941;51.29447;5.0;2025-09-14;
NL00404;1;4.28918;52.07714;2.0;2024-01-17;2024-09-18
NL00404;2;4.28918;52.07714;4.0;2024-09-19;2024-12-23
NL00404;3;4.2892;52.0772;4.0;2024-12-24;2024-12-24
NL00404;4;4.28918;52.07715;4.0;2024-12-25;
NL00418;1;4.47992;51.91423;3.0;2024-01-17;2024-09-18
NL00418;2;4.47992;51.91423;1.0;2024-09-19;2024-12-22
NL00418;3;4.4799;51.9142;1.0;2024-12-23;2024-12-24
NL00418;4;4.47992;51.91423;1.0;2024-12-25;2025-09-13
NL00418;5;4.48;51.91423;1.0;2025-09-14;
NL00437;1;4.45052;51.78657;-1.0;2024-01-17;2024-09-18
NL00437;2;4.45052;51.78657;0.0;2024-09-19;2024-12-23
NL00437;3;4.4505;51.7866;0.0;2024-12-24;2024-12-24
NL00437;4;4.45052;51.78658;0.0;2024-12-25;2025-09-13
NL00437;5;4.45045;51.78658;0.0;2025-09-14;
NL00442;1;4.70823;51.80065;1.0;2024-01-17;2024-12-23
NL00442;2;4.7082;51.8007;1.0;2024-12-24;2024-12-24
NL00442;3;4.70824;51.80066;1.0;2024-12-25;
NL00444;1;4.51081;52.29655;4.0;2024-01-17;2024-12-23
NL00444;2;4.51079;52.2966;4.0;2024-12-24;2024-12-24
NL00444;3;4.51082;52.29656;4.0;2024-12-25;
NL00446;1;4.35937;52.03902;-2.0;2024-01-17;2024-09-18
NL00446;2;4.35937;52.03902;0.0;2024-09-19;2024-12-23
NL00446;3;4.3594;52.039;0.0;2024-12-24;2024-12-24
NL00446;4;4.35938;52.03902;0.0;2024-12-25;2025-03-12
NL00446;5;4.35938;52.03902;0.0;2025-03-13;
NL00485;1;4.35524;51.86741;3.0;2025-03-10;
NL00488;1;4.48752;51.89361;0.0;2024-01-17;2024-09-18
NL00488;2;4.48752;51.89361;2.0;2024-09-19;2024-12-23
NL00488;3;4.4875;51.8936;2.0;2024-12-24;2024-12-24
NL00488;4;4.48752;51.89362;2.0;2024-12-25;2025-09-13
NL00488;5;4.48758;51.89363;2.0;2025-09-14;
NL00494;1;4.40138;51.92138;3.0;2024-01-17;2024-12-23
NL00494;2;4.4014;51.9214;3.0;2024-12-24;2024-12-24
NL00494;3;4.40139;51.92139;3.0;2024-12-25;
NL00495;1;4.22803;51.93204;4.0;2025-03-10;
NL00538;1;5.0505;52.80365;-4.0;2024-01-17;2024-09-18
NL00538;2;5.0505;52.80365;-2.0;2024-09-19;2024-12-23
NL00538;3;5.0505;52.8037;-2.0;2024-12-24;2024-12-24
NL00538;4;5.05051;52.80366;-2.0;2024-12-25;2025-09-13
NL00538;5;5.04899;52.80342;-2.0;2025-09-14;
NL00556;1;4.8617;52.56358;1.0;2024-01-17;2024-09-18
NL00556;2;4.8617;52.56359;3.0;2024-09-19;2024-12-22
NL00556;3;4.8617;52.5636;3.0;2024-12-23;2024-12-24
NL00556;4;4.8617;52.56359;3.0;2024-12-25;2025-09-13
NL00556;5;4.86164;52.56364;3.0;2025-09-14;
NL00561;1;4.774;52.334;1.0;2024-01-17;2024-09-18
NL00561;2;4.774;52.334;-2.0;2024-09-19;2025-03-12
NL00561;3;4.774;52.334;-2.0;2025-03-13;2025-09-13
NL00561;4;4.77346;52.33362;-2.0;2025-09-14;
NL00564;1;4.715;52.32746;1.0;2024-01-17;2024-09-18
NL00564;2;4.715;52.32746;-4.0;2024-09-19;2024-12-23
NL00564;3;4.71501;52.32746;-4.0;2024-12-24;
NL00565;1;4.77077;52.27999;1.0;2024-01-17;2024-09-18
NL00565;2;4.77077;52.27999;2.0;2024-09-19;2024-12-22
NL00565;3;4.7708;52.28;2.0;2024-12-23;2024-12-24
NL00565;4;4.77077;52.27999;2.0;2024-12-25;2025-09-13
NL00565;5;4.77067;52.27995;2.0;2025-09-14;
NL00570;1;4.64053;52.4893;6.0;2025-03-10;2025-09-13
NL00570;2;4.64053;52.48927;6.0;2025-09-14;
NL00617;1;5.59337;52.42321;1.0;2024-01-17;2024-09-18
NL00617;2;5.59337;52.42321;-1.0;2024-09-19;2024-12-23
NL00617;3;5.5934;52.4232;-1.0;2024-12-24;2024-12-24
NL00617;4;5.59338;52.42321;-1.0;2024-12-25;
NL00633;1;4.83819;52.13794;-2.0;2024-01-17;2024-09-18
NL00633;2;4.83819;52.13795;-2.0;2024-09-19;2024-12-22
NL00633;3;4.83819;52.1379;-2.0;2024-12-23;2024-12-24
NL00633;4;4.83819;52.13795;-2.0;2024-12-25;
NL00643;1;5.12818;52.1013;2.0;2024-01-17;2024-09-18
NL00643;2;5.12818;52.1013;5.0;2024-09-19;2024-12-23
NL00643;3;5.12819;52.1013;5.0;2024-12-24;2024-12-24
NL00643;4;5.12818;52.10131;5.0;2024-12-25;2025-09-13
NL00643;5;5.12821;52.10133;5.0;2025-09-14;
NL00644;1;4.9233;51.97448;1.0;2024-01-17;2024-09-18
NL00644;2;4.9233;51.97448;0.0;2024-09-19;2024-12-23
NL00644;3;4.9233;51.9745;0.0;2024-12-24;2024-12-24
NL00644;4;4.9233;51.97449;0.0;2024-12-25;
NL00701;1;4.8167;52.44801;1.0;2024-01-17;2024-09-18
NL00701;2;4.8167;52.44801;2.0;2024-09-19;2024-12-22
NL00701;3;4.8167;52.448;2.0;2024-12-23;2024-12-24
NL00701;4;4.8167;52.44801;2.0;2024-12-25;
NL00703;1;4.72858;52.39843;1.0;2024-01-17;2024-09-18
NL00703;2;4.72858;52.39843;-1.0;2024-09-19;2024-12-23
NL00703;3;4.7286;52.3984;-1.0;2024-12-24;2024-12-24
NL00703;4;4.72858;52.39844;-1.0;2024-12-25;2025-09-13
NL00703;5;4.72858;52.39857;-1.0;2025-09-14;
NL00722;1;6.60536;52.0918;19.0;2024-01-17;2024-09-18
NL00722;2;6.60536;52.0918;20.0;2024-09-19;2024-12-23
NL00722;3;6.6054;52.0918;20.0;2024-12-24;2024-12-24
NL00722;4;6.60537;52.0918;20.0;2024-12-25;2025-09-13
NL00722;5;6.60535;52.09174;20.0;2025-09-14;
NL00738;1;5.70841;52.11162;18.0;2024-01-17;2024-09-18
NL00738;2;5.70841;52.11162;22.0;2024-09-19;2024-12-23
NL00738;3;5.7084;52.1116;22.0;2024-12-24;2024-12-24
NL00738;4;5.70842;52.11162;22.0;2024-12-25;
NL00742;1;5.85693;51.83822;30.0;2024-01-17;2024-09-18
NL00742;2;5.85693;51.83822;31.0;2024-09-19;2024-12-23
NL00742;3;5.8569;51.8382;31.0;2024-12-24;2024-12-24
NL00742;4;5.85694;51.83822;31.0;2024-12-25;
NL00807;1;6.40293;52.38827;7.0;2024-01-17;2024-09-18
NL00807;2;6.40293;52.38827;10.0;2024-09-19;2024-12-22
NL00807;3;6.4029;52.3883;10.0;2024-12-23;2024-12-24
NL00807;4;6.40293;52.38827;10.0;2024-12-25;2025-09-13
NL00807;5;6.4029;52.38829;10.0;2025-09-14;
NL00818;1;6.01757;52.65414;1.0;2024-01-17;2024-09-18
NL00818;2;6.01757;52.65414;3.0;2024-09-19;2024-12-22
NL00818;3;6.0176;52.6541;3.0;2024-12-23;2024-12-24
NL00818;4;6.01757;52.65414;3.0;2024-12-25;2025-09-13
NL00818;5;6.01761;52.65415;3.0;2025-09-14;
NL00821;1;6.91949;52.2345;38.0;2024-01-17;2024-09-18
NL00821;2;6.91949;52.2345;58.0;2024-09-19;2025-09-13
NL00821;3;6.91945;52.23453;58.0;2025-09-14;
NL00918;1;5.57349;52.91691;1.0;2024-01-17;2024-12-23
NL00918;2;5.5735;52.9169;1.0;2024-12-24;2024-12-24
NL00918;3;5.57349;52.91692;1.0;2024-12-25;2025-09-13
NL00918;4;5.57354;52.91694;1.0;2025-09-14;
NL00929;1;6.93243;52.87572;10.0;2024-01-17;2024-09-18
NL00929;2;6.93243;52.87572;11.0;2024-09-19;2024-12-23
NL00929;3;6.9324;52.8757;11.0;2024-12-24;2024-12-24
NL00929;4;6.93243;52.87573;11.0;2024-12-25;2025-09-13
NL00929;5;6.93269;52.87572;11.0;2025-09-14;
NL00934;1;6.27681;53.33042;1.0;2024-01-17;2024-12-23
NL00934;2;6.2768;53.3304;1.0;2024-12-24;2024-12-24
NL00934;3;6.27682;53.33043;1.0;2024-12-25;2025-09-13
NL00934;4;6.27694;53.33043;1.0;2025-09-14;
NL00938;1;6.60893;53.24653;-1.0;2024-01-17;2024-09-18
NL00938;2;6.60893;53.24653;0.0;2024-09-19;2024-12-23
NL00938;3;6.6089;53.2465;0.0;2024-12-24;2024-12-24
NL00938;4;6.60894;53.24654;0.0;2024-12-25;2025-03-12
NL00938;5;6.60894;53.24654;0.0;2025-03-13;2025-09-13
NL00938;6;6.60904;53.2465;0.0;2025-09-14;
NO0002R;1;8.2519;58.38845;200.0;2024-01-17;2024-09-17
NO0002R;2;8.25189;58.38846;200.0;2024-09-18;2024-12-22
NO0002R;3;8.25189;58.3885;200.0;2024-12-23;2024-12-24
NO0002R;4;8.25189;58.38846;200.0;2024-12-25;
NO0015R;1;13.90655;65.83088;440.0;2024-01-26;2024-09-17
NO0015R;2;13.90655;65.83089;440.0;2024-09-18;2024-12-22
NO0015R;3;13.9065;65.8309;440.0;2024-12-23;2024-12-24
NO0015R;4;13.90655;65.83089;440.0;2024-12-25;
NO0039R;1;8.87658;62.78245;210.0;2024-01-17;2024-09-17
NO0039R;2;8.87658;62.78246;210.0;2024-09-18;2024-12-22
NO0039R;3;8.8766;62.7825;210.0;2024-12-23;2024-12-24
NO0039R;4;8.87658;62.78246;210.0;2024-12-25;
NO0043R;1;11.52767;58.99651;180.0;2024-01-17;2024-09-17
NO0043R;2;11.52767;58.99652;180.0;2024-09-18;2024-12-22
NO0043R;3;11.5277;58.9965;180.0;2024-12-23;2024-12-24
NO0043R;4;11.52767;58.99652;180.0;2024-12-25;
NO0047R;1;30.04075;69.45504;26.0;2024-03-08;2024-09-17
NO0047R;2;30.04075;69.45505;26.0;2024-09-18;2024-12-22
NO0047R;3;30.0407;69.455;26.0;2024-12-23;2024-12-24
NO0047R;4;30.04075;69.45505;26.0;2024-12-25;
NO0052R;1;5.20148;59.19721;30.0;2024-01-17;2024-09-17
NO0052R;2;5.20148;59.19722;30.0;2024-09-18;2024-12-22
NO0052R;3;5.2015;59.1972;30.0;2024-12-23;2024-12-24
NO0052R;4;5.20148;59.19722;30.0;2024-12-25;
NO0056R;1;11.07407;60.37287;280.0;2024-01-17;2024-09-17
NO0056R;2;11.07407;60.37288;280.0;2024-09-18;2024-12-22
NO0056R;3;11.0741;60.3729;280.0;2024-12-23;2024-12-24
NO0056R;4;11.07407;60.37288;280.0;2024-12-25;
NO0062A;1;9.4871;59.20242;25.0;2024-01-17;2024-09-17
NO0062A;2;9.4871;59.20243;25.0;2024-09-18;2024-12-18
NO0062A;3;9.4871;59.2024;25.0;2024-12-19;2024-12-24
NO0062A;4;9.4871;59.20243;25.0;2024-12-25;
NO0063A;1;7.99183;58.14887;12.0;2024-01-17;2024-09-17
NO0063A;2;7.99183;58.14888;12.0;2024-09-18;2024-12-22
NO0063A;3;7.9918;58.1489;12.0;2024-12-23;2024-12-24
NO0063A;4;7.99183;58.14888;12.0;2024-12-25;
NO0065A;1;5.7314;58.96164;34.0;2024-01-17;2024-12-23
NO0065A;2;5.7314;58.9616;34.0;2024-12-24;2024-12-24
NO0065A;3;5.7314;58.96165;34.0;2024-12-25;
NO0070A;1;6.15682;62.47217;25.0;2025-03-10;
NO0072A;1;10.68973;59.91974;5.0;2024-01-17;2024-11-07
NO0072A;2;10.68973;59.91975;5.0;2024-11-08;2024-12-22
NO0072A;3;10.6897;59.9198;5.0;2024-12-23;2024-12-24
NO0072A;4;10.68973;59.91975;5.0;2024-12-25;
NO0073A;1;10.76574;59.92304;24.0;2024-01-17;2024-09-17
NO0073A;2;10.76574;59.92305;24.0;2024-09-18;2024-12-22
NO0073A;3;10.7657;59.9231;24.0;2024-12-23;2024-12-24
NO0073A;4;10.76574;59.92305;24.0;2024-12-25;
NO0075A;1;10.46563;61.12086;212.0;2024-01-17;2026-03-19
NO0075A;2;10.46563;61.12087;212.0;2026-03-20;
NO0089A;1;10.39355;63.43037;30.0;2024-03-26;
NO0105A;1;10.94009;59.21019;18.0;2024-05-10;2024-12-23
NO0105A;2;10.9401;59.2102;18.0;2024-12-24;2024-12-24
NO0105A;3;10.9401;59.21019;18.0;2024-12-25;
NO0108A;1;5.33244;60.46266;95.0;2024-01-17;2024-12-23
NO0108A;2;5.3324;60.4627;95.0;2024-12-24;2024-12-24
NO0108A;3;5.33245;60.46267;95.0;2024-12-25;
NO0114A;1;10.58393;59.91821;62.0;2024-03-09;2024-09-17
NO0114A;2;10.58393;59.91822;62.0;2024-09-18;2024-12-22
NO0114A;3;10.5839;59.9182;62.0;2024-12-23;2024-12-24
NO0114A;4;10.58393;59.91822;62.0;2024-12-25;
NO0118A;1;9.6219;59.13353;5.0;2024-01-17;2024-09-17
NO0118A;2;9.6219;59.13354;5.0;2024-09-18;2024-12-22
NO0118A;3;9.6219;59.1335;5.0;2024-12-23;2024-12-24
NO0118A;4;9.6219;59.13354;5.0;2024-12-25;
NO0120A;1;5.31267;60.39592;35.0;2024-01-17;2024-12-23
NO0120A;2;5.3127;60.3959;35.0;2024-12-24;2024-12-24
NO0120A;3;5.31267;60.39593;35.0;2024-12-25;
NO0124A;1;18.95636;69.65427;34.0;2024-01-17;2024-09-17
NO0124A;2;18.95636;69.65428;34.0;2024-09-18;2024-12-22
NO0124A;3;18.95639;69.6543;34.0;2024-12-23;2024-12-24
NO0124A;4;18.95636;69.65428;34.0;2024-12-25;
NO0133A;1;10.49022;59.96017;151.0;2024-01-17;2024-09-17
NO0133A;2;10.49023;59.96018;151.0;2024-09-18;2024-12-22
NO0133A;3;10.4902;59.9602;151.0;2024-12-23;2024-12-24
NO0133A;4;10.49023;59.96018;151.0;2024-12-25;
NO0135A;1;10.1653;59.74952;4.0;2024-01-17;2024-12-23
NO0135A;2;10.1653;59.7495;4.0;2024-12-24;2024-12-24
NO0135A;3;10.1653;59.74953;4.0;2024-12-25;
NO0140A;1;10.73597;59.91405;6.0;2024-03-09;2024-12-23
NO0140A;2;10.736;59.9141;6.0;2024-12-24;2024-12-24
NO0140A;3;10.73598;59.91405;6.0;2024-12-25;
NO0141A;1;5.72649;58.97264;100.0;2024-01-17;2024-03-07
NO0141A;2;5.72649;58.97264;100.0;2024-03-08;2024-12-23
NO0141A;3;5.7265;58.9727;100.0;2024-12-24;2024-12-24
NO0141A;4;5.7265;58.97265;100.0;2024-12-25;
NO0144A;1;10.73367;59.91219;0.0;2025-03-10;
NO0149A;1;10.82517;59.9156;88.0;2025-03-10;
PL0002R;1;21.97237;51.81436;177.0;2024-01-17;2024-12-22
PL0002R;2;21.9724;51.8144;177.0;2024-12-23;2024-12-24
PL0002R;3;21.97238;51.81437;177.0;2024-12-25;
PL0004R;1;17.53452;54.75413;2.0;2024-01-17;2024-12-23
PL0004R;2;17.5345;54.7541;2.0;2024-12-24;2024-12-24
PL0004R;3;17.53453;54.75414;2.0;2024-12-25;
PL0005R;1;22.03805;54.12481;157.0;2024-01-17;2024-12-23
PL0005R;2;22.0381;54.1248;157.0;2024-12-24;2024-12-24
PL0005R;3;22.03806;54.12482;157.0;2024-12-25;
PL0008A;1;18.97502;50.26461;273.0;2024-01-17;2024-12-23
PL0008A;2;18.975;50.2646;273.0;2024-12-24;2024-12-24
PL0008A;3;18.97503;50.26461;273.0;2024-12-25;
PL0014A;1;20.79191;51.83524;176.0;2024-01-17;2024-12-22
PL0014A;2;20.79189;51.8352;176.0;2024-12-23;2024-12-24
PL0014A;3;20.79191;51.83524;176.0;2024-12-25;
PL0028A;1;15.31219;50.91247;645.0;2024-01-17;2024-12-23
PL0028A;2;15.3122;50.9125;645.0;2024-12-24;2024-12-24
PL0028A;3;15.31219;50.91248;645.0;2024-12-25;
PL0031A;1;18.26892;52.22564;100.0;2024-01-17;2024-09-25
PL0031A;2;18.26892;52.22565;100.0;2024-09-26;2024-12-23
PL0031A;3;18.26889;52.2257;100.0;2024-12-24;2024-12-24
PL0031A;4;18.26893;52.22565;100.0;2024-12-25;
PL0045A;1;18.63528;54.35333;51.0;2024-01-17;
PL0047A;1;18.65749;54.40083;3.0;2024-01-17;2024-12-16
PL0047A;2;18.65733;54.40078;3.0;2024-12-17;2024-12-17
PL0047A;3;18.65733;54.40079;3.0;2024-12-18;
PL0048A;1;18.49333;54.56083;70.0;2024-01-17;2024-12-23
PL0048A;2;18.4933;54.5608;70.0;2024-12-24;2024-12-24
PL0048A;3;18.49333;54.56084;70.0;2024-12-25;2025-09-25
PL0048A;4;18.49333;54.56084;78.0;2025-09-26;
PL0052A;1;18.62027;54.38027;40.0;2024-01-17;2024-12-16
PL0052A;2;18.61976;54.38013;40.0;2024-12-17;2024-12-23
PL0052A;3;18.6198;54.3801;40.0;2024-12-24;2024-12-24
PL0052A;4;18.61977;54.38014;40.0;2024-12-25;2025-09-25
PL0052A;5;18.61977;54.38014;7.0;2025-09-26;
PL0064A;1;17.99571;53.13408;49.0;2025-03-10;
PL0066A;1;18.7809;52.88842;44.0;2024-01-17;2024-12-22
PL0066A;2;18.7809;52.8884;44.0;2024-12-23;2024-12-24
PL0066A;3;18.7809;52.88842;44.0;2024-12-25;
PL0068A;1;18.68425;53.08064;82.0;2024-01-17;2024-12-23
PL0068A;2;18.6843;53.0806;82.0;2024-12-24;2024-12-24
PL0068A;3;18.68425;53.08065;82.0;2024-12-25;
PL0071A;1;18.6661;53.02864;64.0;2024-01-17;2024-12-23
PL0071A;2;18.6661;53.0286;64.0;2024-12-24;2024-12-24
PL0071A;3;18.6661;53.02865;64.0;2024-12-25;
PL0077A;1;17.93401;53.66211;121.0;2024-01-17;2024-12-23
PL0077A;2;17.934;53.6621;121.0;2024-12-24;2024-12-24
PL0077A;3;17.93402;53.66212;121.0;2024-12-25;
PL0079A;1;23.14938;52.02919;144.0;2024-01-17;2024-12-23
PL0079A;2;23.1494;52.0292;144.0;2024-12-24;2024-12-24
PL0079A;3;23.14939;52.02919;144.0;2024-12-25;
PL0091A;1;23.29024;50.71662;226.0;2024-01-17;2024-12-23
PL0091A;2;23.2903;50.7166;226.0;2024-12-24;2024-12-24
PL0091A;3;23.29025;50.71663;226.0;2024-12-25;
PL0094A;1;19.23321;52.14325;177.0;2024-01-17;2024-12-23
PL0094A;2;19.2332;52.1433;177.0;2024-12-24;2024-12-24
PL0094A;3;19.23322;52.14326;177.0;2024-12-25;
PL0096A;1;19.52978;51.75804;235.0;2024-01-17;2024-09-25
PL0096A;2;19.52978;51.75805;235.0;2024-09-26;2024-12-22
PL0096A;3;19.5298;51.758;235.0;2024-12-23;2024-12-24
PL0096A;4;19.52978;51.75805;235.0;2024-12-25;
PL0105A;1;19.51755;51.29117;166.0;2024-01-17;2024-12-23
PL0105A;2;19.5176;51.2912;166.0;2024-12-24;2024-12-24
PL0105A;3;19.51756;51.29118;166.0;2024-12-25;
PL0115A;1;19.42123;51.85669;189.0;2024-01-17;2024-12-22
PL0115A;2;19.4212;51.8567;189.0;2024-12-23;2024-12-24
PL0115A;3;19.42123;51.85669;189.0;2024-12-25;
PL0121A;1;21.11683;49.63371;327.0;2024-01-17;2024-12-22
PL0121A;2;21.1168;49.6337;327.0;2024-12-23;2024-12-24
PL0121A;3;21.11683;49.63371;327.0;2024-12-25;
PL0125A;1;20.21268;50.03511;201.0;2024-01-17;2024-12-23
PL0125A;2;20.2127;50.0351;201.0;2024-12-24;2024-12-24
PL0125A;3;20.21268;50.03512;201.0;2024-12-25;
PL0126A;1;19.96008;49.29356;844.0;2024-01-17;2024-12-22
PL0126A;2;19.9601;49.2936;844.0;2024-12-23;2024-12-24
PL0126A;3;19.96008;49.29356;844.0;2024-12-25;
PL0128A;1;20.45465;52.28585;72.0;2024-01-17;2024-12-23
PL0128A;2;20.4547;52.2859;72.0;2024-12-24;2024-12-24
PL0128A;3;20.45465;52.28586;72.0;2024-12-25;
PL0129A;1;20.95592;52.40757;91.0;2024-01-17;2024-12-23
PL0129A;2;20.9559;52.4076;91.0;2024-12-24;2024-12-24
PL0129A;3;20.95592;52.40758;91.0;2024-12-25;
PL0134A;1;20.83748;52.19172;99.0;2024-01-17;2024-12-23
PL0134A;2;20.83749;52.1917;99.0;2024-12-24;2024-12-24
PL0134A;3;20.83749;52.19173;99.0;2024-12-25;
PL0136A;1;19.70979;52.55093;101.0;2024-01-17;2024-12-23
PL0136A;2;19.7098;52.5509;101.0;2024-12-24;2024-12-24
PL0136A;3;19.70979;52.55094;101.0;2024-12-25;
PL0138A;1;21.14747;51.39908;159.0;2024-01-17;2024-12-22
PL0138A;2;21.1475;51.3991;159.0;2024-12-23;2024-12-24
PL0138A;3;21.14747;51.39908;159.0;2024-12-25;
PL0141A;1;21.03381;52.16077;102.0;2024-01-17;2024-12-23
PL0141A;2;21.0338;52.1608;102.0;2024-12-24;2024-12-24
PL0141A;3;21.03382;52.16077;102.0;2024-12-25;
PL0143A;1;21.04245;52.29086;85.0;2024-01-17;2024-12-23
PL0143A;2;21.0425;52.2909;85.0;2024-12-24;2024-12-24
PL0143A;3;21.04246;52.29086;85.0;2024-12-25;
PL0144A;1;20.42989;52.05381;119.0;2024-01-17;2024-12-22
PL0144A;2;20.4299;52.0538;119.0;2024-12-23;2024-12-24
PL0144A;3;20.42989;52.05381;119.0;2024-12-25;
PL0150A;1;23.64215;53.21549;180.0;2024-01-17;2024-12-22
PL0150A;2;23.6422;53.2155;180.0;2024-12-23;2024-12-24
PL0150A;3;23.64215;53.21549;180.0;2024-12-25;
PL0151A;1;22.05438;53.18139;128.0;2024-01-17;
PL0171A;1;17.04672;54.46361;25.0;2024-01-17;2024-12-22
PL0171A;2;17.0467;54.4636;25.0;2024-12-23;2024-12-24
PL0171A;3;17.04672;54.46361;25.0;2024-12-25;
PL0175A;1;20.48607;53.78923;120.0;2024-01-17;2024-12-23
PL0175A;2;20.4861;53.7892;120.0;2024-12-24;2024-12-24
PL0175A;3;20.48608;53.78923;120.0;2024-12-25;
PL0182A;1;14.38224;53.12232;2.0;2024-01-17;2024-12-23
PL0182A;2;14.3823;53.1223;2.0;2024-12-24;2024-12-24
PL0182A;3;14.38225;53.12233;2.0;2024-12-25;
PL0184A;1;19.13011;50.83638;265.0;2024-01-17;2024-12-23
PL0184A;2;19.13009;50.8364;265.0;2024-12-24;2024-12-24
PL0184A;3;19.1301;50.83639;265.0;2024-12-25;
PL0187A;1;16.64805;50.73282;267.0;2025-03-10;
PL0190A;1;16.18051;51.2045;122.0;2024-01-17;2024-12-22
PL0190A;2;16.18049;51.2045;122.0;2024-12-23;2024-12-24
PL0190A;3;16.18051;51.2045;122.0;2024-12-25;
PL0192A;1;16.26967;50.76872;424.0;2024-01-17;2024-12-23
PL0192A;2;16.2697;50.7687;424.0;2024-12-24;2024-12-24
PL0192A;3;16.26968;50.76873;424.0;2024-12-25;
PL0193A;1;17.14112;51.11593;118.0;2024-01-17;2024-12-23
PL0193A;2;17.1411;51.1159;118.0;2024-12-24;2024-12-24
PL0193A;3;17.14113;51.11593;118.0;2024-12-25;
PL0194A;1;17.02925;51.12937;114.0;2024-01-17;2024-12-23
PL0194A;2;17.0293;51.1294;114.0;2024-12-24;2024-12-24
PL0194A;3;17.02925;51.12938;114.0;2024-12-25;
PL0209A;1;15.22866;52.73821;22.0;2024-01-17;2024-12-23
PL0209A;2;15.2287;52.7382;22.0;2024-12-24;2024-12-24
PL0209A;3;15.22867;52.73821;22.0;2024-12-25;
PL0211A;1;15.20666;52.17222;77.0;2024-01-17;2024-12-23
PL0211A;2;15.2067;52.1722;77.0;2024-12-24;2024-12-24
PL0211A;3;15.20667;52.17222;77.0;2024-12-25;
PL0212A;1;16.3175;51.79972;90.0;2024-01-17;2024-12-22
PL0212A;2;16.3175;51.7997;90.0;2024-12-23;2024-12-24
PL0212A;3;16.3175;51.79972;90.0;2024-12-25;
PL0213A;1;15.51886;51.93978;150.0;2024-01-17;2024-12-22
PL0213A;2;15.5189;51.9398;150.0;2024-12-23;2024-12-24
PL0213A;3;15.51886;51.93978;150.0;2024-12-25;
PL0218A;1;18.23657;50.3496;181.0;2024-01-17;2024-12-23
PL0218A;2;18.2366;50.3496;181.0;2024-12-24;2024-12-24
PL0218A;3;18.23658;50.34961;181.0;2024-12-25;
PL0222A;1;18.12073;50.42353;195.0;2024-01-17;2024-12-23
PL0222A;2;18.1207;50.4235;195.0;2024-12-24;2024-12-24
PL0222A;3;18.12074;50.42353;195.0;2024-12-25;
PL0234A;1;19.02731;49.81346;365.0;2024-01-17;2024-12-23
PL0234A;2;19.0273;49.8135;365.0;2024-12-24;2024-12-24
PL0234A;3;19.02732;49.81346;365.0;2024-12-25;
PL0237A;1;19.23122;50.32911;293.0;2024-01-17;
PL0238A;1;18.65573;50.27948;236.0;2024-01-17;2024-12-23
PL0238A;2;18.6557;50.2795;236.0;2024-12-24;2024-12-24
PL0238A;3;18.65574;50.27948;236.0;2024-12-25;
PL0239A;1;18.51613;50.11118;245.0;2024-01-17;2024-12-23
PL0239A;2;18.5161;50.1112;245.0;2024-12-24;2024-12-24
PL0239A;3;18.51614;50.11118;245.0;2024-12-25;
PL0240A;1;18.99023;50.0999;252.0;2024-01-17;2024-12-23
PL0240A;2;18.9902;50.0999;252.0;2024-12-24;2024-12-24
PL0240A;3;18.99024;50.0999;252.0;2024-12-25;
PL0241A;1;18.45554;50.00762;271.0;2024-01-17;2024-12-23
PL0241A;2;18.4555;50.0076;271.0;2024-12-24;2024-12-24
PL0241A;3;18.45554;50.00763;271.0;2024-12-25;
PL0242A;1;18.77237;50.31649;255.0;2024-01-17;
PL0243A;1;19.45879;50.71088;291.0;2024-01-17;2024-12-23
PL0243A;2;19.4588;50.7109;291.0;2024-12-24;2024-12-24
PL0243A;3;19.4588;50.71089;291.0;2024-12-25;
PL0245A;1;16.87728;52.42031;85.0;2024-01-17;2024-12-23
PL0245A;2;16.8773;52.4203;85.0;2024-12-24;2024-12-24
PL0245A;3;16.87728;52.42032;85.0;2024-12-25;
PL0247A;1;17.77317;52.50131;122.0;2024-01-17;2024-12-23
PL0247A;2;17.7732;52.5013;122.0;2024-12-24;2024-12-24
PL0247A;3;17.77318;52.50132;122.0;2024-12-25;
PL0248A;1;14.66334;53.38097;10.0;2024-01-17;2024-12-23
PL0248A;2;14.6633;53.381;10.0;2024-12-24;2024-12-24
PL0248A;3;14.66335;53.38097;10.0;2024-12-25;
PL0270A;1;22.62594;51.77999;150.0;2024-01-17;2024-09-25
PL0270A;2;22.62594;51.78;150.0;2024-09-26;2024-12-22
PL0270A;3;22.6259;51.78;150.0;2024-12-23;2024-12-24
PL0270A;4;22.62594;51.78;150.0;2024-12-25;
PL0273A;1;19.83042;49.97104;225.0;2024-01-17;2024-12-23
PL0273A;2;19.8304;49.971;225.0;2024-12-24;2024-12-24
PL0273A;3;19.83042;49.97105;225.0;2024-12-25;
PL0276A;1;22.11246;50.52989;156.0;2024-01-17;2024-12-23
PL0276A;2;22.1125;50.5299;156.0;2024-12-24;2024-12-24
PL0276A;3;22.11247;50.52989;156.0;2024-12-25;
PL0294A;1;19.23444;49.6716;368.0;2024-01-17;2024-12-23
PL0294A;2;19.2344;49.6716;368.0;2024-12-24;2024-12-24
PL0294A;3;19.23445;49.6716;368.0;2024-12-25;
PL0295A;1;19.41094;54.16784;15.0;2024-01-17;2024-12-23
PL0295A;2;19.4109;54.1679;15.0;2024-12-24;2024-12-24
PL0295A;3;19.41094;54.16785;15.0;2024-12-25;
PL0308A;1;20.93301;52.28507;99.0;2024-01-17;2024-12-23
PL0308A;2;20.933;52.2851;99.0;2024-12-24;2024-12-24
PL0308A;3;20.93302;52.28507;99.0;2024-12-25;
PL0312A;1;22.30768;54.3059;170.0;2024-01-17;2026-03-19
PL0312A;2;22.30768;54.30591;170.0;2026-03-20;
PL0317A;1;17.29133;50.94207;130.0;2024-01-17;2024-12-23
PL0317A;2;17.2913;50.9421;130.0;2024-12-24;2024-12-24
PL0317A;3;17.29132;50.94207;130.0;2024-12-25;
PL0413A;1;21.7497;49.69016;277.0;2024-01-17;2024-12-23
PL0413A;2;21.7497;49.6902;277.0;2024-12-24;2024-12-24
PL0413A;3;21.7497;49.69017;277.0;2024-12-25;
PL0468A;1;16.75957;53.1544;63.0;2024-01-17;2024-12-23
PL0468A;2;16.7596;53.1544;63.0;2024-12-24;2024-12-24
PL0468A;3;16.75957;53.15441;63.0;2024-12-25;
PL0488A;1;22.5986;51.16354;202.0;2024-01-17;2024-12-23
PL0488A;2;22.5986;51.1635;202.0;2024-12-24;2024-12-24
PL0488A;3;22.59861;51.16354;202.0;2024-12-25;
PL0494A;1;17.95027;50.67685;173.0;2024-01-17;2024-12-23
PL0494A;2;17.95029;50.6769;173.0;2024-12-24;2024-12-24
PL0494A;3;17.95028;50.67686;173.0;2024-12-25;
PL0495A;1;22.01057;50.02424;203.0;2024-01-17;2024-12-23
PL0495A;2;22.0106;50.0242;203.0;2024-12-24;2024-12-24
PL0495A;3;22.01058;50.02424;203.0;2024-12-25;
PL0496A;1;23.18174;53.1293;145.0;2024-01-17;2024-12-23
PL0496A;2;23.1817;53.1293;145.0;2024-12-24;2024-12-24
PL0496A;3;23.18174;53.12931;145.0;2024-12-25;
PL0501A;1;19.94918;50.01057;223.0;2024-01-17;2024-12-23
PL0501A;2;19.9492;50.0106;223.0;2024-12-24;2024-12-24
PL0501A;3;19.94919;50.01058;223.0;2024-12-25;
PL0502A;1;21.00416;50.02016;228.0;2024-01-17;2024-12-23
PL0502A;2;21.0042;50.0202;228.0;2024-12-24;2024-12-24
PL0502A;3;21.00417;50.02017;228.0;2024-12-25;
PL0503A;1;18.04906;51.74794;140.0;2024-01-17;2024-09-25
PL0503A;2;18.04906;51.74795;140.0;2024-09-26;2024-12-22
PL0503A;3;18.0491;51.748;140.0;2024-12-23;2024-12-24
PL0503A;4;18.04906;51.74795;140.0;2024-12-25;
PL0504A;1;16.65365;50.43349;295.0;2024-01-17;2024-12-22
PL0504A;2;16.6537;50.4335;295.0;2024-12-23;2024-12-24
PL0504A;3;16.65365;50.43349;295.0;2024-12-25;
PL0505A;1;15.43171;51.31762;179.0;2024-01-17;2024-12-23
PL0505A;2;15.4317;51.3176;179.0;2024-12-24;2024-12-24
PL0505A;3;15.43172;51.31763;179.0;2024-12-25;
PL0507A;1;22.56913;51.25943;191.0;2024-01-17;2024-12-22
PL0507A;2;22.5691;51.2594;191.0;2024-12-23;2024-12-24
PL0507A;3;22.56913;51.25943;191.0;2024-12-25;
PL0509A;1;19.69695;51.4044;180.0;2024-01-17;2024-12-23
PL0509A;2;19.697;51.4044;180.0;2024-12-24;2024-12-24
PL0509A;3;19.69696;51.40441;180.0;2024-12-25;
PL0518A;1;21.45461;49.74488;223.0;2024-01-17;2024-12-23
PL0518A;2;21.4546;49.7449;223.0;2024-12-24;2024-12-24
PL0518A;3;21.45462;49.74489;223.0;2024-12-25;
PL0520A;1;18.46491;54.46575;143.0;2024-01-17;
PL0529A;1;19.18439;50.28595;250.0;2024-01-17;2024-12-23
PL0529A;2;19.1844;50.286;250.0;2024-12-24;2024-12-24
PL0529A;3;19.1844;50.28596;250.0;2024-12-25;
PL0538A;1;22.282;52.17214;155.0;2024-01-17;
PL0539A;1;21.23729;52.11572;95.0;2024-01-17;2024-12-23
PL0539A;2;21.2373;52.1157;95.0;2024-12-24;2024-12-24
PL0539A;3;21.2373;52.11572;95.0;2024-12-25;
PL0543A;1;19.45099;51.77537;206.0;2024-01-17;2024-12-23
PL0543A;2;19.451;51.7754;206.0;2024-12-24;2024-12-24
PL0543A;3;19.45099;51.77538;206.0;2024-12-25;
PL0544A;1;19.44871;51.06741;223.0;2024-01-17;2024-12-23
PL0544A;2;19.44869;51.0674;223.0;2024-12-24;2024-12-24
PL0544A;3;19.4487;51.06742;223.0;2024-12-25;
PL0550A;1;20.7144;49.61928;305.0;2026-03-20;
PL0552A;1;19.47746;50.15941;340.0;2026-03-20;
PL0553A;1;18.41687;50.87698;239.0;2024-01-17;2024-12-23
PL0553A;2;18.41689;50.877;239.0;2024-12-24;2024-12-24
PL0553A;3;18.41688;50.87698;239.0;2024-12-25;
PL0554A;1;22.67477;50.01208;216.0;2026-03-20;
PL0555A;1;22.19589;49.57173;287.0;2024-01-17;2024-12-22
PL0555A;2;22.1959;49.5717;287.0;2024-12-23;2024-12-24
PL0555A;3;22.19589;49.57173;287.0;2024-12-25;
PL0558A;1;17.97586;54.12069;163.0;2024-01-17;2024-12-22
PL0558A;2;17.9759;54.1207;163.0;2024-12-23;2024-12-24
PL0558A;3;17.97586;54.12069;163.0;2024-12-25;2025-09-25
PL0558A;4;17.97586;54.12069;161.0;2025-09-26;
PL0559A;1;19.03289;54.03124;17.0;2024-01-17;2024-12-23
PL0559A;2;19.0329;54.0312;17.0;2024-12-24;2024-12-24
PL0559A;3;19.0329;54.03125;17.0;2024-12-25;2025-09-25
PL0559A;4;19.0329;54.03125;14.0;2025-09-26;
PL0560A;1;17.74619;54.54616;19.0;2024-01-17;2024-12-23
PL0560A;2;17.7462;54.5462;19.0;2024-12-24;2024-12-24
PL0560A;3;17.74618;54.54617;19.0;2024-12-25;
PL0561A;1;18.18297;54.10411;186.0;2024-01-17;2024-12-22
PL0561A;2;18.183;54.1041;186.0;2024-12-23;2024-12-23
PL0561A;3;18.18297;54.10411;186.0;2024-12-24;2025-09-25
PL0561A;4;18.18297;54.10411;192.0;2025-09-26;
PL0563A;1;20.5335;50.8231;245.0;2024-01-17;2024-12-24
PL0563A;2;20.53351;50.82311;245.0;2024-12-25;
PL0565A;1;21.27736;50.42901;188.0;2024-01-17;2024-12-23
PL0565A;2;21.2774;50.429;188.0;2024-12-24;2024-12-24
PL0565A;3;21.27737;50.42901;188.0;2024-12-25;
PL0566A;1;21.08417;51.05061;264.0;2024-01-17;2026-03-19
PL0566A;2;21.08418;51.05061;264.0;2026-03-20;
PL0568A;1;18.82672;49.71973;411.0;2024-01-17;2024-12-22
PL0568A;2;18.8267;49.7197;411.0;2024-12-23;2024-12-24
PL0568A;3;18.82672;49.71973;411.0;2024-12-25;
PL0573A;1;17.07418;52.27671;80.0;2024-01-17;2024-09-25
PL0573A;2;17.07418;52.27672;80.0;2024-09-26;2024-12-23
PL0573A;3;17.0742;52.2767;80.0;2024-12-24;2024-12-24
PL0573A;4;17.07419;52.27672;80.0;2024-12-25;
PL0575A;1;15.12244;52.43772;86.0;2024-01-17;2024-12-22
PL0575A;2;15.1224;52.4377;86.0;2024-12-23;2024-12-24
PL0575A;3;15.12244;52.43772;86.0;2024-12-25;
PL0581A;1;18.24104;52.79312;91.0;2024-02-24;2024-12-22
PL0581A;2;18.241;52.7931;91.0;2024-12-23;2024-12-24
PL0581A;3;18.24104;52.79312;91.0;2024-12-25;2025-09-25
PL0581A;4;18.24104;52.79312;85.0;2025-09-26;
PL0582A;1;18.60568;53.01247;50.0;2024-01-17;2024-12-23
PL0582A;2;18.60569;53.0125;50.0;2024-12-24;2024-12-24
PL0582A;3;18.60568;53.01248;50.0;2024-12-25;
PL0585A;1;15.7656;50.91343;345.0;2024-01-17;2024-12-23
PL0585A;2;15.7656;50.9134;345.0;2024-12-24;2024-12-24
PL0585A;3;15.76561;50.91343;345.0;2024-12-25;
PL0591A;1;15.1278;51.64265;160.0;2024-01-17;2024-12-23
PL0591A;2;15.1278;51.6427;160.0;2024-12-24;2024-12-24
PL0591A;3;15.12781;51.64266;160.0;2024-12-25;
PL0593A;1;17.3319;50.45898;194.0;2024-01-17;2024-12-23
PL0593A;2;17.3319;50.459;194.0;2024-12-24;2024-12-24
PL0593A;3;17.33191;50.45899;194.0;2024-12-25;
PL0594A;1;22.75623;49.78433;201.0;2024-01-17;2024-12-23
PL0594A;2;22.7562;49.7843;201.0;2024-12-24;2024-12-24
PL0594A;3;22.75624;49.78434;201.0;2024-12-25;
PL0595A;1;21.68836;50.57574;158.0;2024-01-17;2024-12-23
PL0595A;2;21.6884;50.5757;158.0;2024-12-24;2024-12-24
PL0595A;3;21.68837;50.57574;158.0;2024-12-25;
PL0618A;1;20.25916;50.00749;230.0;2024-01-17;2024-12-23
PL0618A;2;20.2592;50.0075;230.0;2024-12-24;2024-12-24
PL0618A;3;20.25917;50.0075;230.0;2024-12-25;
PL0621A;1;21.41625;50.05478;195.0;2024-01-17;2024-12-23
PL0621A;2;21.4163;50.0548;195.0;2024-12-24;2024-12-24
PL0621A;3;21.41626;50.05479;195.0;2024-12-25;
PL0622A;1;21.4986;49.51129;371.0;2024-01-17;2024-12-23
PL0622A;2;21.4986;49.5113;371.0;2024-12-24;2024-12-24
PL0622A;3;21.49861;49.5113;371.0;2024-12-25;
PL0624A;1;17.7911;51.88492;117.0;2024-01-17;2024-12-23
PL0624A;2;17.7911;51.8849;117.0;2024-12-24;2024-12-24
PL0624A;3;17.79111;51.88492;117.0;2024-12-25;
PL0640A;1;19.72683;50.02502;260.0;2024-01-17;2024-12-23
PL0640A;2;19.7268;50.025;260.0;2024-12-24;2024-12-24
PL0640A;3;19.72683;50.02503;260.0;2024-12-25;
PL0642A;1;20.01827;50.09851;239.0;2026-03-20;
PL0643A;1;19.89536;50.0812;218.0;2026-03-20;
PL0646A;1;19.60033;49.74313;333.0;2024-01-17;2024-12-23
PL0646A;2;19.6003;49.7431;333.0;2024-12-24;2024-12-24
PL0646A;3;19.60034;49.74313;333.0;2024-12-25;
PL0649A;1;21.28816;52.94317;134.0;2024-01-17;2024-12-23
PL0649A;2;21.2882;52.9432;134.0;2024-12-24;2024-12-24
PL0649A;3;21.28817;52.94317;134.0;2024-12-25;
PL0650A;1;17.83051;50.20077;269.0;2024-01-17;2024-12-23
PL0650A;2;17.8305;50.2008;269.0;2024-12-24;2024-12-24
PL0650A;3;17.83051;50.20078;269.0;2024-12-25;
PL0664A;1;19.04448;52.63739;60.0;2024-01-17;2024-12-23
PL0664A;2;19.0445;52.6374;60.0;2024-12-24;2024-12-24
PL0664A;3;19.04449;52.63739;60.0;2024-12-25;
PL0672A;1;19.96601;49.60865;495.0;2025-03-10;
PL0674A;1;17.89913;50.66673;153.0;2024-01-17;2024-12-23
PL0674A;2;17.8991;50.6667;153.0;2024-12-24;2024-12-24
PL0674A;3;17.89914;50.66674;153.0;2024-12-25;
PL0677A;1;21.44094;50.29912;167.0;2024-01-17;2024-12-23
PL0677A;2;21.4409;50.2991;167.0;2024-12-24;2024-12-24
PL0677A;3;21.44094;50.29913;167.0;2024-12-25;
PL0678A;1;21.851;49.54653;367.0;2024-01-17;2024-12-23
PL0678A;2;21.851;49.5465;367.0;2024-12-24;2024-12-24
PL0678A;3;21.85101;49.54654;367.0;2024-12-25;
PL0681A;1;22.34833;53.82838;133.0;2024-01-17;2024-12-23
PL0681A;2;22.3483;53.8284;133.0;2024-12-24;2024-12-24
PL0681A;3;22.34834;53.82839;133.0;2024-12-25;
PL0682A;1;19.96904;53.69458;117.0;2024-01-17;2024-12-23
PL0682A;2;19.969;53.6946;117.0;2024-12-24;2024-12-24
PL0682A;3;19.96904;53.69459;117.0;2024-12-25;
PL0683A;1;17.59153;53.13668;63.0;2024-01-17;2024-12-22
PL0683A;2;17.5915;53.1367;63.0;2024-12-23;2024-12-24
PL0683A;3;17.59153;53.13668;63.0;2024-12-25;
PL0691A;1;22.98286;50.55189;270.0;2024-01-17;2024-12-22
PL0691A;2;22.9829;50.5519;270.0;2024-12-23;2024-12-24
PL0691A;3;22.98286;50.55189;270.0;2024-12-25;
PL0694A;1;19.24528;50.03308;241.0;2026-03-20;
PL0698A;1;20.26603;50.8096;285.0;2024-01-17;2024-12-23
PL0698A;2;20.26599;50.8096;285.0;2024-12-24;2024-12-24
PL0698A;3;20.26603;50.80961;285.0;2024-12-25;
PL0700A;1;16.99963;52.44929;93.0;2024-01-17;2024-12-22
PL0700A;2;16.9996;52.4493;93.0;2024-12-23;2024-12-24
PL0700A;3;16.99963;52.44929;93.0;2024-12-25;
PL0702A;1;15.59635;54.17938;4.0;2026-03-20;
PL0704A;1;20.63369;50.879;269.0;2026-03-20;
PL0706A;1;22.93846;54.11589;169.0;2024-01-17;2024-12-23
PL0706A;2;22.9385;54.1159;169.0;2024-12-24;2024-12-24
PL0706A;3;22.93846;54.1159;169.0;2024-12-25;
PL0707A;1;18.68206;50.67569;259.0;2024-01-17;2024-12-23
PL0707A;2;18.68209;50.6757;259.0;2024-12-24;2024-12-24
PL0707A;3;18.68207;50.67569;259.0;2024-12-25;
PL0709A;1;23.21632;53.14412;146.0;2025-03-10;
PL0717A;1;21.17623;52.18847;90.0;2024-01-17;2024-12-22
PL0717A;2;21.1762;52.1885;90.0;2024-12-23;2024-12-24
PL0717A;3;21.17623;52.18847;90.0;2024-12-25;
PL0721A;1;22.47027;53.63979;126.0;2024-01-17;
PL0728A;1;19.80064;50.11603;238.0;2026-03-20;
PL0733A;1;16.39331;50.40256;521.0;2026-03-20;
PL0735A;1;19.93679;49.99144;236.0;2024-01-17;2024-12-23
PL0735A;2;19.9368;49.9914;236.0;2024-12-24;2024-12-24
PL0735A;3;19.93678;49.99144;236.0;2024-12-25;
PL0739A;1;20.90607;52.20774;110.0;2024-01-17;2024-12-22
PL0739A;2;20.90609;52.2077;110.0;2024-12-23;2024-12-24
PL0739A;3;20.90607;52.20774;110.0;2024-12-25;
PL0742A;1;18.97559;49.93784;248.0;2024-01-17;2024-12-23
PL0742A;2;18.9756;49.9378;248.0;2024-12-24;2024-12-24
PL0742A;3;18.97559;49.93785;248.0;2024-12-25;
PL0744A;1;23.47307;51.12214;192.0;2024-01-17;2024-12-23
PL0744A;2;23.4731;51.1221;192.0;2024-12-24;2024-12-24
PL0744A;3;23.47308;51.12215;192.0;2024-12-25;
PL0745A;1;16.49824;50.58149;383.0;2024-01-17;2024-12-22
PL0745A;2;16.4982;50.5815;383.0;2024-12-23;2024-12-24
PL0745A;3;16.49824;50.58149;383.0;2024-12-25;
PL0746A;1;19.43901;50.49304;335.0;2026-03-20;
PL0754A;1;19.56403;50.284;373.0;2026-03-20;
PL0756A;1;16.21167;54.19411;44.0;2024-01-17;2024-12-22
PL0756A;2;16.2117;54.1941;44.0;2024-12-23;2024-12-24
PL0756A;3;16.21167;54.19411;44.0;2024-12-25;
PL0759A;1;18.21626;50.09114;193.0;2024-01-17;2024-12-23
PL0759A;2;18.2163;50.0911;193.0;2024-12-24;2024-12-24
PL0759A;3;18.21625;50.09114;193.0;2024-12-25;
PL0760A;1;18.04416;53.17521;90.0;2026-03-20;
PL0763A;1;19.35368;52.2319;104.0;2024-01-17;2024-12-23
PL0763A;2;19.3537;52.2319;104.0;2024-12-24;2024-12-24
PL0763A;3;19.35369;52.23191;104.0;2024-12-25;
PL0764A;1;19.13143;51.5892;174.0;2024-01-17;2024-12-23
PL0764A;2;19.1314;51.5892;174.0;2024-12-24;2024-12-24
PL0764A;3;19.13143;51.58921;174.0;2024-12-25;
PL0767A;1;18.2882;50.50933;234.0;2024-01-19;2024-12-23
PL0767A;2;18.2882;50.5093;234.0;2024-12-24;2024-12-24
PL0767A;3;18.28821;50.50933;234.0;2024-12-25;
PL0768A;1;22.98468;53.85254;130.0;2024-01-17;2024-12-23
PL0768A;2;22.9847;53.8526;130.0;2024-12-24;2024-12-24
PL0768A;3;22.98469;53.85255;130.0;2024-12-25;2025-03-12
PL0768A;4;22.98469;53.85255;130.0;2025-03-13;
PL0771A;1;20.61405;50.62148;270.0;2024-01-17;2024-12-22
PL0771A;2;20.6141;50.6215;270.0;2024-12-23;2024-12-24
PL0771A;3;20.61405;50.62148;270.0;2024-12-25;
PL0779A;1;17.07136;51.30481;187.0;2024-01-17;2024-12-23
PL0779A;2;17.0714;51.3048;187.0;2024-12-24;2024-12-24
PL0779A;3;17.07137;51.30482;187.0;2024-12-25;
PL0783A;1;15.70804;51.8091;67.0;2024-01-17;2024-12-22
PL0783A;2;15.708;51.8091;67.0;2024-12-23;2024-12-24
PL0783A;3;15.70804;51.8091;67.0;2024-12-25;
PL0787A;1;20.96338;52.2813;95.0;2024-01-17;
PL0788A;1;17.46257;50.8495;148.0;2024-01-17;2024-12-23
PL0788A;2;17.46259;50.8495;148.0;2024-12-24;2024-12-24
PL0788A;3;17.46258;50.84951;148.0;2024-12-25;
PL0790A;1;18.57884;54.4345;2.0;2024-03-09;2024-09-25
PL0790A;2;18.57884;54.43451;2.0;2024-09-26;2024-12-22
PL0790A;3;18.5788;54.4345;2.0;2024-12-23;2024-12-24
PL0790A;4;18.57884;54.43451;2.0;2024-12-25;2025-09-25
PL0790A;5;18.57884;54.43451;3.0;2025-09-26;
PL0792A;1;20.57996;50.8876;258.0;2024-01-17;2024-12-23
PL0792A;2;20.57999;50.8876;258.0;2024-12-24;2024-12-24
PL0792A;3;20.57997;50.88761;258.0;2024-12-25;
PL0796A;1;18.63407;49.75598;310.0;2024-01-17;2024-12-22
PL0796A;2;18.6341;49.756;310.0;2024-12-23;2024-12-24
PL0796A;3;18.63408;49.75599;310.0;2024-12-25;
PL0798A;1;16.86512;52.24149;64.0;2024-01-17;2024-12-23
PL0798A;2;16.8651;52.2415;64.0;2024-12-24;2024-12-24
PL0798A;3;16.86513;52.2415;64.0;2024-12-25;
PL0800A;1;16.99805;52.39088;77.0;2025-03-10;
PL0806A;1;19.92359;49.83123;300.0;2024-01-17;2024-12-23
PL0806A;2;19.9236;49.8312;300.0;2024-12-24;2024-12-24
PL0806A;3;19.92359;49.83124;300.0;2024-12-25;
PL0807A;1;20.03488;49.47668;594.0;2026-03-20;
PL0816A;1;18.42875;53.40758;42.0;2025-03-10;
PL0821A;1;21.1246;52.08228;96.0;2025-03-10;
PL0825A;1;21.98051;50.06038;221.0;2025-03-10;
PL0840A;1;21.17809;49.44017;456.0;2026-03-20;
PL0845A;1;18.77126;50.31707;255.0;2026-03-20;
PL0859A;1;18.56881;54.32883;80.0;2026-03-20;
PT01021;1;-8.64472;41.19972;100.0;2024-03-08;2024-12-19
PT01021;2;-8.6447;41.1997;100.0;2024-12-20;2024-12-24
PT01021;3;-8.64472;41.19972;100.0;2024-12-25;
PT01023;1;-8.55277;41.20666;140.0;2024-01-17;2024-12-23
PT01023;2;-8.5528;41.2067;140.0;2024-12-24;2024-12-24
PT01023;3;-8.55278;41.20667;140.0;2024-12-25;
PT01031;1;-8.66055;41.25222;88.0;2024-01-17;2024-12-23
PT01031;2;-8.6606;41.2522;88.0;2024-12-24;2024-12-24
PT01031;3;-8.66056;41.25222;88.0;2024-12-25;
PT01034;1;-8.63222;41.21805;40.0;2024-01-17;2024-12-23
PT01034;2;-8.63219;41.2181;40.0;2024-12-24;2024-12-24
PT01034;3;-8.63222;41.21806;40.0;2024-12-25;
PT01042;1;-8.45694;41.56944;51.0;2024-01-17;2024-12-22
PT01042;2;-8.45689;41.5694;51.0;2024-12-23;2024-12-24
PT01042;3;-8.45694;41.56944;51.0;2024-12-25;
PT01044;1;-8.37611;41.27416;300.0;2024-01-17;2024-12-16
PT01044;2;-8.37609;41.2742;300.0;2024-12-17;2024-12-24
PT01044;3;-8.37611;41.27417;300.0;2024-12-25;
PT01047;1;-8.69388;41.80222;777.0;2024-01-17;2024-12-23
PT01047;2;-8.69389;41.8022;777.0;2024-12-24;2024-12-24
PT01047;3;-8.69389;41.80222;777.0;2024-12-25;
PT01048;1;-7.79083;41.37138;1086.0;2024-01-17;2024-12-23
PT01048;2;-7.7908;41.3714;1086.0;2024-12-24;2024-12-24
PT01048;3;-7.79083;41.37139;1086.0;2024-12-25;
PT01050;1;-8.65888;41.1475;17.0;2024-01-17;2024-12-23
PT01050;2;-8.65889;41.1475;17.0;2024-12-24;
PT01051;1;-8.72083;41.30861;25.0;2024-01-17;2024-12-23
PT01051;2;-8.7208;41.3086;25.0;2024-12-24;2024-12-24
PT01051;3;-8.72082;41.30861;25.0;2024-12-25;
PT01052;1;-8.46083;41.35388;47.0;2024-01-17;2024-12-23
PT01052;2;-8.4608;41.3539;47.0;2024-12-24;2024-12-24
PT01052;3;-8.46083;41.35389;47.0;2024-12-25;
PT01053;1;-8.55583;41.09666;88.0;2024-01-17;2024-12-23
PT01053;2;-8.5558;41.0967;88.0;2024-12-24;2024-12-24
PT01053;3;-8.55583;41.09667;88.0;2024-12-25;
PT01054;1;-8.62333;40.99944;0.0;2024-01-17;2024-12-23
PT01054;2;-8.6233;40.9994;0.0;2024-12-24;2024-12-24
PT01054;3;-8.62332;40.99944;0.0;2024-12-25;
PT01100;1;-6.88722;41.57194;661.0;2024-01-17;2024-12-22
PT01100;2;-6.8872;41.5719;661.0;2024-12-23;2024-12-24
PT01100;3;-6.88722;41.57194;661.0;2024-12-25;
PT02004;1;-8.56722;40.75861;14.0;2024-01-17;2024-12-23
PT02004;2;-8.5672;40.7586;14.0;2024-12-24;2024-12-24
PT02004;3;-8.56722;40.7586;14.0;2024-12-25;
PT02016;1;-8.41083;40.20694;138.0;2024-01-17;2024-12-22
PT02016;2;-8.4108;40.20689;138.0;2024-12-23;2024-12-24
PT02016;3;-8.41083;40.20694;138.0;2024-12-25;
PT02018;1;-8.67055;40.58972;14.0;2024-01-17;2024-12-23
PT02018;2;-8.6706;40.5897;14.0;2024-12-24;2024-12-24
PT02018;3;-8.67056;40.58972;14.0;2024-12-25;
PT02019;1;-8.89166;39.92388;68.0;2024-01-17;2024-12-23
PT02019;2;-8.8917;39.9239;68.0;2024-12-24;2024-12-24
PT02019;3;-8.89167;39.92389;68.0;2024-12-25;
PT02020;1;-7.30194;40.23305;461.0;2024-01-17;2024-12-23
PT02020;2;-7.3019;40.2331;461.0;2024-12-24;2024-12-24
PT02020;3;-7.30194;40.23306;461.0;2024-12-25;
PT02021;1;-8.10055;40.64111;731.0;2024-01-17;2024-12-23
PT02021;2;-8.1006;40.6411;731.0;2024-12-24;2024-12-24
PT02021;3;-8.10056;40.6411;731.0;2024-12-25;
PT02022;1;-8.67666;40.18277;114.0;2024-01-17;2024-12-23
PT02022;2;-8.6767;40.1828;114.0;2024-12-24;2024-12-24
PT02022;3;-8.67667;40.18278;114.0;2024-12-25;
PT03070;1;-9.1175;38.89472;56.0;2024-01-17;2024-12-22
PT03070;2;-9.1175;38.8947;56.0;2024-12-23;2024-12-24
PT03070;3;-9.1175;38.89472;56.0;2024-12-25;
PT03071;1;-9.10805;38.76888;32.0;2024-03-08;2024-12-23
PT03071;2;-9.1081;38.7689;32.0;2024-12-24;2024-12-24
PT03071;3;-9.10806;38.76889;32.0;2024-12-25;
PT03082;1;-9.2075;38.73888;109.0;2024-01-17;2024-12-23
PT03082;2;-9.2075;38.7389;109.0;2024-12-24;2024-12-24
PT03082;3;-9.2075;38.73889;109.0;2024-12-25;
PT03083;1;-9.15777;38.66361;63.0;2024-01-17;2024-12-23
PT03083;2;-9.1578;38.6636;63.0;2024-12-24;2024-12-24
PT03083;3;-9.15778;38.66361;63.0;2024-12-25;
PT03084;1;-9.23083;38.75416;132.0;2024-01-17;2024-12-23
PT03084;2;-9.2308;38.75419;132.0;2024-12-24;2024-12-24
PT03084;3;-9.23082;38.75417;132.0;2024-12-25;
PT03085;1;-9.16444;38.82972;10.0;2024-01-17;2024-12-22
PT03085;2;-9.1644;38.8297;10.0;2024-12-23;2024-12-24
PT03085;3;-9.16444;38.82972;10.0;2024-12-25;
PT03087;1;-9.21027;38.70499;143.0;2024-01-17;2024-12-23
PT03087;2;-9.2103;38.705;143.0;2024-12-24;2024-12-24
PT03087;3;-9.21027;38.705;143.0;2024-12-25;
PT03089;1;-9.34722;38.78499;173.0;2024-01-17;2024-12-22
PT03089;2;-9.3472;38.78499;173.0;2024-12-23;2024-12-24
PT03089;3;-9.34722;38.78499;173.0;2024-12-25;
PT03091;1;-9.32333;38.69749;48.0;2024-01-17;2024-12-23
PT03091;2;-9.3233;38.6975;48.0;2024-12-24;2024-12-24
PT03091;3;-9.32333;38.6975;48.0;2024-12-25;
PT03092;1;-8.87305;38.53055;15.0;2024-01-17;2024-12-23
PT03092;2;-8.8731;38.5306;15.0;2024-12-24;2024-12-24
PT03092;3;-8.87306;38.53056;15.0;2024-12-25;
PT03093;1;-8.89416;38.52916;2.0;2024-01-17;2024-12-23
PT03093;2;-8.8942;38.5292;2.0;2024-12-24;2024-12-24
PT03093;3;-8.89417;38.52917;2.0;2024-12-25;
PT03095;1;-9.06694;38.65861;30.0;2024-01-17;2024-12-22
PT03095;2;-9.0669;38.6586;30.0;2024-12-23;2024-12-24
PT03095;3;-9.06694;38.65861;30.0;2024-12-25;
PT03096;1;-8.46611;39.35249;143.0;2024-01-17;2024-12-23
PT03096;2;-8.4661;39.3525;143.0;2024-12-24;2024-12-24
PT03096;3;-8.46611;39.3525;143.0;2024-12-25;
PT03099;1;-8.69055;38.63555;57.0;2024-01-17;2024-12-23
PT03099;2;-8.6906;38.63559;57.0;2024-12-24;2024-12-24
PT03099;3;-8.69056;38.63556;57.0;2024-12-25;
PT03101;1;-9.04027;38.89611;22.0;2024-01-17;2024-12-22
PT03101;2;-9.0403;38.89609;22.0;2024-12-23;2024-12-24
PT03101;3;-9.04027;38.89611;22.0;2024-12-25;
PT03102;1;-9.24555;39.27833;143.0;2024-01-17;2024-12-23
PT03102;2;-9.2456;39.2783;143.0;2024-12-24;2024-12-24
PT03102;3;-9.24555;39.27832;143.0;2024-12-25;
PT03103;1;-9.04861;38.64999;24.0;2024-03-08;2024-12-23
PT03103;2;-9.0486;38.65;24.0;2024-12-24;2024-12-24
PT03103;3;-9.04861;38.65;24.0;2024-12-25;
PT03104;1;-9.42944;38.70138;41.0;2024-01-17;2024-12-23
PT03104;2;-9.42939;38.7014;41.0;2024-12-24;2024-12-24
PT03104;3;-9.42944;38.70139;41.0;2024-12-25;
PT04002;1;-8.79861;38.07694;53.0;2024-01-17;2024-12-22
PT04002;2;-8.7986;38.0769;53.0;2024-12-23;2024-12-24
PT04002;3;-8.79861;38.07694;53.0;2024-12-25;
PT04006;1;-7.39749;38.61499;187.0;2024-01-17;2024-12-23
PT04006;2;-7.3975;38.615;187.0;2024-12-24;
PT05007;1;-7.92666;37.015;4.0;2024-01-17;2024-12-18
PT05007;2;-7.9267;37.015;4.0;2024-12-19;2024-12-24
PT05007;3;-7.92667;37.015;4.0;2024-12-25;
PT05008;1;-8.24972;37.09166;45.0;2024-01-17;2024-12-23
PT05008;2;-8.2497;37.0917;45.0;2024-12-24;2024-12-24
PT05008;3;-8.24972;37.09167;45.0;2024-12-25;
PT05012;1;-7.67861;37.31249;300.0;2024-01-17;2024-12-23
PT05012;2;-7.6786;37.3125;300.0;2024-12-24;2024-12-24
PT05012;3;-7.67861;37.3125;300.0;2024-12-25;
PT06005;1;-16.91833;32.64972;0.0;2024-01-17;2024-12-22
PT06005;2;-16.91829;32.6497;0.0;2024-12-23;2024-12-23
PT06005;3;-16.91833;32.64972;0.0;2024-12-24;
PT06008;1;-16.88638;32.80777;0.0;2024-01-17;2024-12-23
PT06008;2;-16.88639;32.8078;0.0;2024-12-24;2024-12-24
PT06008;3;-16.88638;32.80778;0.0;2024-12-25;
RO0009R;1;22.05565;45.18114;1420.0;2026-03-20;
RO0065A;1;26.03669;44.44727;91.0;2024-01-17;2024-12-22
RO0065A;2;26.0367;44.4473;91.0;2024-12-23;2024-12-24
RO0065A;3;26.03669;44.44727;91.0;2024-12-25;
RO0071A;1;26.03082;44.34922;80.0;2024-01-17;2024-12-23
RO0071A;2;26.0308;44.3492;80.0;2024-12-24;2024-12-24
RO0071A;3;26.03083;44.34922;80.0;2024-12-25;
RO0072A;1;26.14447;44.64903;93.0;2024-01-17;2024-12-23
RO0072A;2;26.1445;44.649;93.0;2024-12-24;2024-12-24
RO0072A;3;26.14448;44.64903;93.0;2024-12-25;
RO0074A;1;23.59661;46.77503;336.0;2024-02-28;2024-12-17
RO0074A;2;23.5966;46.775;336.0;2024-12-18;2024-12-24
RO0074A;3;23.59662;46.77503;336.0;2024-12-25;
RO0075A;1;23.55026;46.76543;346.0;2026-03-20;
RO0077A;1;23.87738;47.14501;234.0;2024-06-05;2024-12-23
RO0077A;2;23.8774;47.145;234.0;2024-12-24;2024-12-24
RO0077A;3;23.87739;47.14501;234.0;2024-12-25;
RO0079A;1;23.7967;44.31913;120.0;2024-08-28;2024-12-23
RO0079A;2;23.7967;44.3191;120.0;2024-12-24;2024-12-24
RO0079A;3;23.79671;44.31914;120.0;2024-12-25;
RO0082A;1;23.71972;44.34222;123.0;2024-01-17;2024-12-22
RO0082A;2;23.7197;44.3422;123.0;2024-12-23;2024-12-24
RO0082A;3;23.71972;44.34222;123.0;2024-12-25;
RO0084A;1;27.58192;47.15095;42.0;2025-11-24;
RO0086A;1;27.61107;47.2133;186.0;2024-05-11;2024-12-23
RO0086A;2;27.6111;47.2133;186.0;2024-12-24;2024-12-24
RO0086A;3;27.61108;47.21331;186.0;2024-12-25;
RO0087A;1;27.69308;47.13573;37.0;2024-01-17;2024-12-23
RO0087A;2;27.6931;47.1357;37.0;2024-12-24;2024-12-24
RO0087A;3;27.69309;47.13574;37.0;2024-12-25;
RO0092A;1;23.56351;46.06427;242.0;2024-10-21;2024-12-23
RO0092A;2;23.5635;46.0643;242.0;2024-12-24;2024-12-24
RO0092A;3;23.56352;46.06428;242.0;2024-12-25;
RO0096A;1;21.30253;46.19046;106.0;2024-01-17;2024-12-22
RO0096A;2;21.3025;46.1905;106.0;2024-12-23;2024-12-24
RO0096A;3;21.30253;46.19046;106.0;2024-12-25;
RO0099A;1;24.87152;44.85816;280.0;2024-10-08;2024-12-23
RO0099A;2;24.8715;44.8582;280.0;2024-12-24;2024-12-24
RO0099A;3;24.87152;44.85817;280.0;2024-12-25;
RO0100A;1;25.00738;44.86342;292.0;2024-01-17;2024-12-22
RO0100A;2;25.0074;44.8634;292.0;2024-12-23;2024-12-24
RO0100A;3;25.00738;44.86342;292.0;2024-12-25;
RO0101A;1;24.76125;44.97882;321.0;2024-10-20;2025-01-17
RO0101A;2;24.76126;44.97883;321.0;2025-01-18;
RO0104A;1;26.91066;46.56436;169.0;2024-09-10;2024-12-23
RO0104A;2;26.9107;46.5644;169.0;2024-12-24;2024-12-24
RO0104A;3;26.91067;46.56437;169.0;2024-12-25;
RO0107A;1;21.92723;47.06871;128.0;2024-03-01;2024-12-18
RO0107A;2;21.9272;47.0687;128.0;2024-12-19;2024-12-24
RO0107A;3;21.92723;47.06872;128.0;2024-12-25;
RO0111A;1;24.49549;47.12737;357.0;2024-01-17;2024-12-22
RO0111A;2;24.4955;47.1274;357.0;2024-12-23;2024-12-24
RO0111A;3;24.49549;47.12737;357.0;2024-12-25;
RO0112A;1;26.65851;47.73991;167.0;2024-01-17;2024-12-23
RO0112A;2;26.6585;47.7399;167.0;2024-12-24;2024-12-24
RO0112A;3;26.65852;47.73992;167.0;2024-12-25;
RO0114A;1;27.9695;45.26314;19.0;2024-10-21;2024-12-23
RO0114A;2;27.9695;45.2631;19.0;2024-12-24;2024-12-24
RO0114A;3;27.96951;45.26314;19.0;2024-12-25;
RO0115A;1;27.8892;45.27086;13.0;2024-10-08;2024-12-23
RO0115A;2;27.8892;45.2709;13.0;2024-12-24;2024-12-24
RO0115A;3;27.88921;45.27087;13.0;2024-12-25;
RO0119A;1;25.58305;45.65222;570.0;2024-08-31;2024-12-23
RO0119A;2;25.5831;45.6522;570.0;2024-12-24;2024-12-24
RO0119A;3;25.58306;45.65222;570.0;2024-12-25;
RO0121A;1;25.62419;45.71807;518.0;2024-01-17;2024-12-23
RO0121A;2;25.62419;45.71808;518.0;2024-12-24;
RO0123A;1;26.81861;45.15407;98.0;2024-01-17;2024-12-23
RO0123A;2;26.8186;45.1541;98.0;2024-12-24;2024-12-24
RO0123A;3;26.81862;45.15408;98.0;2024-12-25;
RO0126A;1;27.328;44.2018;20.0;2024-12-20;2024-12-24
RO0126A;2;27.32796;44.20176;20.0;2024-12-25;
RO0132A;1;28.64968;44.17648;36.0;2024-11-11;2024-12-22
RO0132A;2;28.6497;44.1765;36.0;2024-12-23;2024-12-24
RO0132A;3;28.64968;44.17648;36.0;2024-12-25;
RO0133A;1;28.62293;44.31226;8.0;2024-12-07;2024-12-23
RO0133A;2;28.6229;44.3123;8.0;2024-12-24;2024-12-24
RO0133A;3;28.62294;44.31226;8.0;2024-12-25;
RO0138A;1;25.80441;45.87509;526.0;2024-01-21;2024-12-22
RO0138A;2;25.8044;45.8751;526.0;2024-12-23;2024-12-24
RO0138A;3;25.80442;45.87509;526.0;2024-12-25;
RO0142A;1;28.05474;45.43153;33.0;2024-01-17;2024-12-16
RO0142A;2;28.0547;45.4315;33.0;2024-12-17;2024-12-24
RO0142A;3;28.05474;45.43154;33.0;2024-12-25;
RO0143A;1;28.0344;45.47415;68.0;2024-01-17;2024-12-23
RO0143A;2;28.0344;45.4742;68.0;2024-12-24;2024-12-24
RO0143A;3;28.03441;45.47416;68.0;2024-12-25;
RO0153A;1;25.8113;46.3267;697.0;2024-12-20;2024-12-24
RO0153A;2;25.81125;46.32672;697.0;2024-12-25;
RO0154A;1;22.90859;45.8714;191.0;2024-10-22;2024-12-16
RO0154A;2;22.9086;45.8714;191.0;2024-12-17;2024-12-24
RO0154A;3;22.90859;45.87141;191.0;2024-12-25;
RO0159A;1;27.36608;44.56497;24.0;2024-10-29;2024-12-16
RO0159A;2;27.3661;44.565;24.0;2024-12-17;2024-12-24
RO0159A;3;27.36608;44.56497;24.0;2024-12-25;
RO0162A;1;23.5705;47.65172;223.0;2024-08-05;2024-12-23
RO0162A;2;23.5705;47.6517;223.0;2024-12-24;2024-12-24
RO0162A;3;23.57051;47.65172;223.0;2024-12-25;
RO0163A;1;23.60532;47.75147;387.0;2024-08-05;2024-12-23
RO0163A;2;23.6053;47.7515;387.0;2024-12-24;2024-12-24
RO0163A;3;23.60533;47.75147;387.0;2024-12-25;
RO0167A;1;24.55964;46.54104;329.0;2024-10-05;2024-12-23
RO0167A;2;24.5596;46.541;329.0;2024-12-24;2024-12-24
RO0167A;3;24.55964;46.54105;329.0;2024-12-25;
RO0171A;1;26.38925;46.93412;357.0;2024-10-22;2024-12-18
RO0171A;2;26.3893;46.9341;357.0;2024-12-19;2024-12-24
RO0171A;3;26.38925;46.93413;357.0;2024-12-25;
RO0176A;1;26.02583;44.93924;158.0;2026-03-20;
RO0177A;1;26.01521;44.98374;183.0;2024-08-31;2024-12-23
RO0177A;2;26.0152;44.9838;183.0;2024-12-24;2024-12-24
RO0177A;3;26.01521;44.98375;183.0;2024-12-25;
RO0182A;1;22.87616;47.79753;125.0;2024-10-25;2024-12-23
RO0182A;2;22.8762;47.7975;125.0;2024-12-24;2024-12-24
RO0182A;3;22.87617;47.79753;125.0;2024-12-25;
RO0184A;1;24.1535;45.78504;432.0;2024-10-25;2024-12-23
RO0184A;2;24.1535;45.785;432.0;2024-12-24;2024-12-24
RO0184A;3;24.15351;45.78505;432.0;2024-12-25;
RO0188A;1;26.24901;47.64925;375.0;2024-01-17;2024-12-16
RO0188A;2;26.249;47.6493;375.0;2024-12-17;2024-12-24
RO0188A;3;26.24901;47.64926;375.0;2024-12-25;
RO0191A;1;25.31247;43.98037;49.0;2024-01-17;2024-12-23
RO0191A;2;25.3125;43.9804;49.0;2024-12-24;2024-12-24
RO0191A;3;25.31248;43.98037;49.0;2024-12-25;
RO0194A;1;21.23488;45.75473;92.0;2024-10-25;2024-12-23
RO0194A;2;21.2349;45.7547;92.0;2024-12-24;2024-12-24
RO0194A;3;21.23489;45.75473;92.0;2024-12-25;
RO0195A;1;21.15178;45.91343;117.0;2024-01-17;2024-12-22
RO0195A;2;21.1518;45.9134;117.0;2024-12-23;2024-12-24
RO0195A;3;21.15178;45.91343;117.0;2024-12-25;
RO0198A;1;21.2671;45.2579;86.0;2024-12-20;2024-12-24
RO0198A;2;21.2671;45.25793;86.0;2024-12-25;
RO0203A;1;24.36978;45.08272;226.0;2024-01-17;2024-12-19
RO0203A;2;24.3698;45.0827;226.0;2024-12-20;2024-12-24
RO0203A;3;24.36979;45.08273;226.0;2024-12-25;
RO0205A;1;27.73088;46.63214;110.0;2024-10-27;2024-12-23
RO0205A;2;27.7309;46.6321;110.0;2024-12-24;2024-12-24
RO0205A;3;27.73089;46.63214;110.0;2024-12-25;
RO0206A;1;27.21162;45.69673;45.0;2024-10-21;2024-12-23
RO0206A;2;27.2116;45.6967;45.0;2024-12-24;2024-12-24
RO0206A;3;27.21162;45.69674;45.0;2024-12-25;
RO0208A;1;25.95657;43.89554;22.0;2024-10-22;2024-12-23
RO0208A;2;25.9566;43.8956;22.0;2024-12-24;2024-12-24
RO0208A;3;25.95657;43.89555;22.0;2024-12-25;
RO0210A;1;26.03693;43.96341;20.0;2024-01-17;2024-12-19
RO0210A;2;26.0369;43.9634;20.0;2024-12-20;2024-12-24
RO0210A;3;26.03693;43.96342;20.0;2024-12-25;
RO0211A;1;27.76872;47.21563;34.0;2024-08-31;2024-12-23
RO0211A;2;27.7687;47.2156;34.0;2024-12-24;2024-12-24
RO0211A;3;27.76873;47.21564;34.0;2024-12-25;
RO0213A;1;27.39134;44.1968;22.0;2024-10-21;2024-12-23
RO0213A;2;27.3913;44.1968;22.0;2024-12-24;2024-12-24
RO0213A;3;27.39134;44.19681;22.0;2024-12-25;
RO0215A;1;24.86998;43.74557;37.0;2024-10-21;2024-12-19
RO0215A;2;24.87;43.7456;37.0;2024-12-20;2024-12-24
RO0215A;3;24.86998;43.74558;37.0;2024-12-25;
RO0217A;1;25.36358;43.65072;35.0;2024-01-17;2024-12-16
RO0217A;2;25.3636;43.6507;35.0;2024-12-17;2024-12-24
RO0217A;3;25.36358;43.65072;35.0;2024-12-25;
RO0219A;1;24.67663;45.13399;432.0;2026-03-20;
RO0220A;1;24.36883;44.42884;308.0;2024-03-09;2024-12-23
RO0220A;2;24.3688;44.4288;308.0;2024-12-24;2024-12-24
RO0220A;3;24.36884;44.42884;308.0;2024-12-25;
RO0221A;1;25.80684;46.3521;690.0;2024-03-09;2024-12-22
RO0221A;2;25.8068;46.3521;690.0;2024-12-23;2024-12-24
RO0221A;3;25.80684;46.3521;690.0;2024-12-25;
RO0223A;1;25.44713;45.70225;567.0;2024-03-09;2024-12-23
RO0223A;2;25.4471;45.7023;567.0;2024-12-24;2024-12-24
RO0223A;3;25.44714;45.70226;567.0;2024-12-25;
RO0225A;1;26.77;46.26;206.0;2025-03-10;2025-09-13
RO0225A;2;26.7709;46.25577;206.0;2025-09-14;
RO0226A;1;28.56623;43.81685;25.0;2026-03-20;
RO0227A;1;25.78332;45.86476;550.0;2024-03-09;2024-12-22
RO0227A;2;25.7833;45.8648;550.0;2024-12-23;2024-12-24
RO0227A;3;25.78332;45.86476;550.0;2024-12-25;
RO0228A;1;21.99767;46.99408;167.0;2024-03-09;2024-12-22
RO0228A;2;21.9977;46.9941;167.0;2024-12-23;2024-12-24
RO0228A;3;21.99767;46.99408;167.0;2024-12-25;
RO0229A;1;26.03072;44.49167;80.0;2024-03-09;2024-08-06
RO0229A;2;26.03092;44.4918;80.0;2024-08-07;2024-12-23
RO0229A;3;26.0309;44.4918;80.0;2024-12-24;2024-12-24
RO0229A;4;26.03093;44.49181;80.0;2024-12-25;
RO0230A;1;25.98708;44.46027;80.0;2024-03-09;2024-08-06
RO0230A;2;25.98737;44.46038;80.0;2024-08-07;2024-12-23
RO0230A;3;25.9874;44.4604;80.0;2024-12-24;2024-12-24
RO0230A;4;25.98738;44.46039;80.0;2024-12-25;
RO0232A;1;23.77583;46.84388;293.0;2024-03-09;2024-12-23
RO0232A;2;23.7758;46.8439;293.0;2024-12-24;2024-12-24
RO0232A;3;23.77583;46.84389;293.0;2024-12-25;
RO0242A;1;26.13041;44.38614;80.0;2025-03-10;
RO0243A;1;26.1492;44.41851;74.0;2025-03-10;
RO0244A;1;26.00246;44.47031;87.0;2025-03-10;
RO0245A;1;26.11314;44.4071;68.0;2025-03-10;
RO0246A;1;26.12012;44.30011;68.0;2025-03-10;
RO0247A;1;26.13543;44.49926;85.0;2025-03-10;
RO0248A;1;26.18419;44.48824;84.0;2026-03-20;
RO0249A;1;26.24713;44.38578;69.0;2025-03-10;
RO0250A;1;26.07054;44.55027;97.0;2025-03-10;
RO0252A;1;21.87213;45.29934;256.0;2025-11-24;
RO0253A;1;25.46655;44.91519;273.0;2026-03-20;
RO0255A;1;23.27398;45.05019;208.0;2026-03-20;
RO0257A;1;23.04705;47.19514;290.0;2026-03-20;
RO0260A;1;27.46978;45.13676;31.0;2026-03-20;
RO0266A;1;24.12747;45.81514;407.0;2026-03-20;
RS0005R;1;21.94774;43.40401;804.0;2024-01-17;2026-03-14
RS0005R;2;21.94775;43.40401;804.0;2026-03-15;
RS0031A;1;19.8357;45.23864;81.0;2024-01-17;
RS0032A;1;20.45911;44.82111;103.0;2024-01-17;2026-02-23
RS0032A;2;20.45911;44.82112;103.0;2026-02-24;
RS0033A;1;21.91902;43.32255;198.0;2024-01-17;2026-03-09
RS0033A;2;21.91903;43.32255;198.0;2026-03-10;
RS0034A;1;20.454;45.82148;78.0;2024-01-17;2026-02-19
RS0034A;2;20.45401;45.82148;78.0;2026-02-20;
RS0036A;1;20.40015;44.80317;74.0;2024-01-17;
RS0037A;1;20.47528;44.79695;141.0;2024-01-17;2026-02-23
RS0037A;2;20.47529;44.79696;141.0;2026-02-24;
RS0039A;1;20.93167;44.65233;147.0;2024-01-17;2026-04-04
RS0039A;2;20.93168;44.65234;147.0;2026-04-05;
RS0041A;1;19.899;44.27304;181.0;2024-01-17;
RS0043A;1;20.92503;44.01157;175.0;2024-01-17;
RS0044A;1;22.27325;43.90207;133.0;2024-01-17;
RS0045A;1;20.34551;43.89316;242.0;2024-01-17;
RS0047A;1;20.8021;43.28414;1712.0;2026-04-10;
RS0048A;1;21.89655;42.55112;473.0;2024-01-17;
RS0049A;1;19.7217;45.20838;87.0;2024-01-17;
RS0052A;1;19.90516;44.00294;416.0;2026-04-05;
RS0055A;1;20.51635;43.1397;498.0;2026-04-10;
RS1008A;1;19.8357;45.23864;81.0;2026-03-20;
RS1023A;1;20.40015;44.80318;74.0;2026-03-20;
SE0001A;1;13.00196;55.60638;25.0;2024-01-17;2024-12-23
SE0001A;2;13.002;55.6064;25.0;2024-12-24;2024-12-24
SE0001A;3;13.00196;55.60639;25.0;2024-12-25;
SE0004A;1;11.97024;57.70901;31.0;2024-01-17;2024-12-23
SE0004A;2;11.9702;57.709;31.0;2024-12-24;2024-12-24
SE0004A;3;11.97024;57.70902;31.0;2024-12-25;
SE0005R;1;15.31973;63.84549;380.0;2024-01-25;2024-12-23
SE0005R;2;15.3197;63.8455;380.0;2024-12-24;2024-12-24
SE0005R;3;15.31973;63.8455;380.0;2024-12-25;
SE0013R;1;21.06296;67.87859;524.0;2026-03-20;
SE0014R;1;11.91417;57.39361;2.0;2024-01-17;2024-09-23
SE0014R;2;11.91418;57.39361;2.0;2024-09-24;2024-12-22
SE0014R;3;11.9142;57.3936;2.0;2024-12-23;2024-12-24
SE0014R;4;11.91418;57.39361;2.0;2024-12-25;
SE0022A;1;18.0578;59.316;58.0;2024-01-17;2024-12-24
SE0022A;2;18.05781;59.31601;58.0;2024-12-25;
SE0032R;1;15.56473;57.81083;263.0;2024-01-22;2024-12-23
SE0032R;2;15.5647;57.8108;263.0;2024-12-24;2024-12-24
SE0032R;3;15.56474;57.81083;263.0;2024-12-25;
SE0035R;1;19.76723;64.24422;271.0;2024-01-17;2024-12-23
SE0035R;2;19.7672;64.2442;271.0;2024-12-24;2024-12-24
SE0035R;3;19.76724;64.24423;271.0;2024-12-25;
SE0039R;1;15.47199;59.72815;132.0;2024-01-17;2024-12-22
SE0039R;2;15.472;59.7281;132.0;2024-12-23;2024-12-24
SE0039R;3;15.47199;59.72815;132.0;2024-12-25;
SE0053A;1;12.69127;56.04727;25.0;2024-01-17;2024-12-22
SE0053A;2;12.6913;56.0473;25.0;2024-12-23;2024-12-24
SE0053A;3;12.69127;56.04727;25.0;2024-12-25;
SE0054A;1;13.20084;55.70083;60.0;2024-01-17;2024-12-22
SE0054A;2;13.2008;55.7008;60.0;2024-12-23;2024-12-24
SE0054A;3;13.20084;55.70083;60.0;2024-12-25;
SE0066A;1;18.63131;59.83238;24.0;2024-01-17;2024-12-22
SE0066A;2;18.6313;59.8324;24.0;2024-12-23;2024-12-24
SE0066A;3;18.63131;59.83238;24.0;2024-12-25;
SE0102A;1;15.6294;60.60829;130.0;2024-01-17;2024-12-23
SE0102A;2;15.6294;60.6083;130.0;2024-12-24;
SE0107A;1;14.78249;57.1645;185.0;2024-01-17;2024-09-23
SE0107A;2;14.7825;57.1645;185.0;2024-09-24;
SE0108A;1;18.07741;59.39935;11.0;2024-01-17;2025-02-09
SE0108A;2;18.07742;59.39936;11.0;2025-02-10;
SE0109A;1;15.621;56.2639;60.0;2024-01-17;
SE0110A;1;13.2235;55.6487;17.0;2024-01-17;
SE0111A;1;11.9216;57.86339;13.0;2024-01-17;2024-09-23
SE0111A;2;11.9216;57.8634;13.0;2024-09-24;
SE0112A;1;12.403;57.95249;67.0;2024-01-17;2024-12-23
SE0112A;2;12.403;57.9525;67.0;2024-12-24;
SE0116A;1;13.14855;56.04242;187.0;2024-01-17;2024-12-23
SE0116A;2;13.1486;56.0424;187.0;2024-12-24;2024-12-24
SE0116A;3;13.14855;56.04243;187.0;2024-12-25;
SE09346;1;12.01507;57.65802;20.0;2024-01-17;
SE20484;1;12.82829;55.86849;7.0;2024-01-17;2024-09-23
SE20484;2;12.82829;55.8685;7.0;2024-09-24;2024-12-23
SE20484;3;12.8283;55.8685;7.0;2024-12-24;
SI0001A;1;15.26247;46.23451;240.0;2024-01-17;2024-12-23
SI0001A;2;15.2625;46.2345;240.0;2024-12-24;2024-12-24
SI0001A;3;15.26248;46.23451;240.0;2024-12-25;
SI0003A;1;14.51272;46.06554;299.0;2024-01-17;2024-12-22
SI0003A;2;14.5127;46.0655;299.0;2024-12-23;2024-12-24
SI0003A;3;14.51272;46.06554;299.0;2024-12-25;
SI0008R;1;14.85806;45.56109;540.0;2024-01-17;2024-12-23
SI0008R;2;14.8581;45.5611;540.0;2024-12-24;2024-12-24
SI0008R;3;14.85807;45.5611;540.0;2024-12-25;
SI0032R;1;14.53331;46.29735;1740.0;2026-03-20;
SI0033A;1;16.19131;46.65208;188.0;2024-01-17;2024-12-23
SI0033A;2;16.19129;46.6521;188.0;2024-12-24;2024-12-24
SI0033A;3;16.19132;46.65209;188.0;2024-12-25;
SI0034A;1;13.65238;45.95556;113.0;2024-01-17;2024-12-23
SI0034A;2;13.6524;45.9556;113.0;2024-12-24;2024-12-24
SI0034A;3;13.65239;45.95557;113.0;2024-12-25;
SI0037A;1;15.08329;46.14391;290.0;2026-03-20;
SI0038A;1;13.71352;45.54301;56.0;2024-01-17;2024-12-22
SI0038A;2;13.7135;45.543;56.0;2024-12-23;2024-12-24
SI0038A;3;13.71352;45.54301;56.0;2024-12-25;
SI0053A;1;13.91156;45.93766;918.0;2024-01-20;2024-12-23
SI0053A;2;13.9116;45.9377;918.0;2024-12-24;2024-12-24
SI0053A;3;13.91156;45.93767;918.0;2024-12-25;
SI0059A;1;15.62612;46.56835;280.0;2024-01-17;2024-12-22
SI0059A;2;15.6261;46.5684;280.0;2024-12-23;2024-12-24
SI0059A;3;15.62612;46.56835;280.0;2024-12-25;
SI0061A;1;15.17726;45.80181;241.0;2024-01-17;2024-12-23
SI0061A;2;15.1773;45.8018;241.0;2024-12-24;2024-12-24
SI0061A;3;15.17726;45.80182;241.0;2024-12-25;
SI0073A;1;14.36224;46.24179;388.0;2026-03-20;
SI0074A;1;15.05395;46.15751;284.0;2025-03-10;
SI0075A;1;14.48927;46.03749;293.0;2026-03-20;
SI0077A;1;15.87651;46.4255;230.0;2026-03-20;
SK0001A;1;17.12549;48.12471;138.0;2024-01-17;2024-12-22
SK0001A;2;17.12549;48.1247;138.0;2024-12-23;2024-12-24
SK0001A;3;17.12549;48.12471;138.0;2024-12-25;
SK0002R;1;19.58916;48.94354;2008.0;2026-03-20;
SK0004A;1;17.11357;48.14467;139.0;2024-01-17;2024-12-23
SK0004A;2;17.1136;48.1447;139.0;2024-12-24;2024-12-24
SK0004A;3;17.11358;48.14467;139.0;2024-12-25;
SK0004R;1;20.28948;49.1514;808.0;2024-01-17;2024-12-03
SK0004R;2;20.28948;49.15141;808.0;2024-12-04;2024-12-23
SK0004R;3;20.2895;49.1514;808.0;2024-12-24;2024-12-24
SK0004R;4;20.28949;49.15141;808.0;2024-12-25;
SK0006R;1;22.26;49.04277;345.0;2024-01-17;2024-12-18
SK0006R;2;22.26;49.04278;345.0;2024-12-19;
SK0007R;1;17.86014;47.95944;113.0;2024-01-17;2024-12-23
SK0007R;2;17.8601;47.9594;113.0;2024-12-24;2024-12-24
SK0007R;3;17.86014;47.95945;113.0;2024-12-25;
SK0008A;1;19.30252;49.07901;475.0;2024-01-17;2024-12-22
SK0008A;2;19.30249;49.079;475.0;2024-12-23;2024-12-24
SK0008A;3;19.30252;49.07901;475.0;2024-12-25;
SK0013A;1;18.51407;48.66696;261.0;2024-01-17;2024-12-23
SK0013A;2;18.5141;48.667;261.0;2024-12-24;2024-12-24
SK0013A;3;18.51408;48.66697;261.0;2024-12-25;
SK0016A;1;21.24504;48.75317;248.0;2024-01-17;2024-12-23
SK0016A;2;21.245;48.7532;248.0;2024-12-24;2024-12-24
SK0016A;3;21.24505;48.75318;248.0;2024-12-25;
SK0020A;1;18.77121;49.21144;356.0;2024-01-17;2024-12-23
SK0020A;2;18.77122;49.21145;356.0;2024-12-24;
SK0022A;1;19.95164;48.58388;320.0;2026-03-20;
SK0025A;1;20.24036;48.63119;289.0;2024-01-17;2024-12-23
SK0025A;2;20.2404;48.6312;289.0;2024-12-24;2024-12-24
SK0025A;3;20.24036;48.6312;289.0;2024-12-25;
SK0027A;1;18.75637;48.73311;448.0;2024-01-17;2024-12-03
SK0027A;2;18.75637;48.73312;448.0;2024-12-04;2024-12-23
SK0027A;3;18.7564;48.7331;448.0;2024-12-24;2024-12-24
SK0027A;4;18.75638;48.73312;448.0;2024-12-25;
SK0030A;1;21.83757;48.87402;133.0;2024-01-17;2024-12-23
SK0030A;2;21.8376;48.874;133.0;2024-12-24;2024-12-24
SK0030A;3;21.83758;48.87403;133.0;2024-12-25;
SK0031A;1;21.68761;48.88638;133.0;2024-01-17;2024-12-23
SK0031A;2;21.6876;48.8864;133.0;2024-12-24;2024-12-24
SK0031A;3;21.68762;48.88638;133.0;2024-12-25;
SK0037A;1;21.9137;48.93093;160.0;2024-01-17;2024-12-23
SK0037A;2;21.9137;48.9309;160.0;2024-12-24;2024-12-24
SK0037A;3;21.91371;48.93093;160.0;2024-12-25;
SK0041A;1;20.32281;49.03465;694.0;2024-01-17;2024-12-23
SK0041A;2;20.32281;49.03466;694.0;2024-12-24;
SK0042A;1;20.98719;48.78285;1244.0;2024-01-17;2024-12-23
SK0042A;2;20.9872;48.7829;1244.0;2024-12-24;2024-12-24
SK0042A;3;20.9872;48.78285;1244.0;2024-12-25;
SK0048A;1;17.10624;48.16796;287.0;2024-01-17;2024-12-22
SK0048A;2;17.1062;48.168;287.0;2024-12-23;2024-12-24
SK0048A;3;17.10624;48.16796;287.0;2024-12-25;
SK0050A;1;18.62813;48.7827;276.0;2024-01-17;2024-12-23
SK0050A;2;18.6281;48.7827;276.0;2024-12-24;2024-12-24
SK0050A;3;18.62812;48.7827;276.0;2024-12-25;
SK0063A;1;17.73515;48.28364;131.0;2024-01-17;2024-12-03
SK0063A;2;17.73515;48.28365;131.0;2024-12-04;2024-12-23
SK0063A;3;17.73516;48.28365;131.0;2024-12-24;
SK0064A;1;18.13855;47.76411;112.0;2024-01-17;2024-12-23
SK0064A;2;18.1385;47.7641;112.0;2024-12-24;2024-12-24
SK0064A;3;18.13854;47.76412;112.0;2024-12-25;
SK0066A;1;18.32526;49.11897;265.0;2024-01-17;2024-12-23
SK0066A;2;18.32529;49.119;265.0;2024-12-24;2024-12-24
SK0066A;3;18.32527;49.11897;265.0;2024-12-25;
SK0067A;1;19.61935;49.08389;580.0;2024-03-09;2024-12-22
SK0067A;2;19.6194;49.0839;580.0;2024-12-23;2024-12-24
SK0067A;3;19.61935;49.08389;580.0;2024-12-25;
SK0069A;1;20.28578;49.06146;678.0;2024-01-17;2024-12-23
SK0069A;2;20.28579;49.0615;678.0;2024-12-24;2024-12-24
SK0069A;3;20.28578;49.06147;678.0;2024-12-25;
SK0070A;1;18.97843;48.15962;154.0;2024-01-17;2024-12-23
SK0070A;2;18.9784;48.1596;154.0;2024-12-24;2024-12-24
SK0070A;3;18.97844;48.15962;154.0;2024-12-25;
SK0071A;1;18.88362;49.43537;468.0;2024-01-17;2024-12-03
SK0071A;2;18.88362;49.43538;468.0;2024-12-04;2024-12-22
SK0071A;3;18.8836;49.4354;468.0;2024-12-23;2024-12-24
SK0071A;4;18.88362;49.43538;468.0;2024-12-25;
SK0073A;1;21.7133;48.62834;109.0;2024-01-17;2024-12-22
SK0073A;2;21.7133;48.6283;109.0;2024-12-23;2024-12-24
SK0073A;3;21.7133;48.62834;109.0;2024-12-25;
SK0074A;1;21.27786;49.30052;266.0;2024-01-17;2024-12-23
SK0074A;2;21.2779;49.3005;266.0;2024-12-24;2024-12-24
SK0074A;3;21.27787;49.30052;266.0;2024-12-25;
SK0075A;1;17.25969;48.28329;152.0;2024-01-17;2024-12-23
SK0075A;2;17.25969;48.2833;152.0;2024-12-24;
SK0076A;1;17.23119;48.09967;134.0;2024-01-17;2024-12-22
SK0076A;2;17.2312;48.0997;134.0;2024-12-23;2024-12-24
SK0076A;3;17.23119;48.09967;134.0;2024-12-25;
SK0078A;1;18.71765;48.48312;222.0;2025-03-10;
SK0134A;1;18.14063;48.28304;149.0;2024-01-17;2024-03-07
SK0134A;2;18.14063;48.28304;149.0;2024-03-08;2024-12-02
SK0134A;3;18.14063;48.28305;149.0;2024-12-03;2024-12-23
SK0134A;4;18.1406;48.2831;149.0;2024-12-24;2024-12-24
SK0134A;5;18.14064;48.28305;149.0;2024-12-25;
SK0262A;1;19.15686;48.5582;321.0;2024-01-17;2024-12-22
SK0262A;2;19.1569;48.5582;321.0;2024-12-23;2024-12-24
SK0262A;3;19.15686;48.5582;321.0;2024-12-25;
SK0263A;1;19.11526;48.73325;425.0;2024-01-17;2024-12-23
SK0263A;2;19.11527;48.73326;425.0;2024-12-24;
SK0264A;1;21.28544;48.69021;201.0;2024-01-17;2024-12-23
SK0264A;2;21.2854;48.6902;201.0;2024-12-24;2024-12-24
SK0264A;3;21.28544;48.69022;201.0;2024-12-25;
SK0268A;1;18.84246;48.59955;296.0;2024-01-17;2024-12-23
SK0268A;2;18.8425;48.5996;296.0;2024-12-24;2024-12-24
SK0268A;3;18.84246;48.59956;296.0;2024-12-25;
SK0406A;1;22.27366;48.9349;431.0;2024-01-17;2024-12-23
SK0406A;2;22.2737;48.9349;431.0;2024-12-24;2024-12-24
SK0406A;3;22.27367;48.9349;431.0;2024-12-25;
XK0001A;1;21.1371;42.64883;573.0;2024-02-07;2025-03-09
XK0001A;2;21.13711;42.64883;573.0;2025-03-10;
XK0002A;1;21.15731;42.65963;583.0;2024-03-26;2025-03-09
XK0002A;2;21.15732;42.65964;583.0;2025-03-10;
XK0003A;1;20.89104;42.62528;580.0;2024-02-07;2025-03-09
XK0003A;2;20.89105;42.62528;580.0;2025-03-10;
XK0004A;1;20.8689;42.89176;500.0;2024-02-07;2025-03-09
XK0004A;2;20.86891;42.89177;500.0;2025-03-10;
XK0005A;1;20.30509;42.66569;500.0;2024-02-07;2025-03-09
XK0005A;2;20.30509;42.6657;500.0;2025-03-10;
XK0006A;1;20.72794;42.21986;410.0;2024-02-07;
XK0008A;1;21.29597;42.154;399.0;2024-02-07;2025-03-09
XK0008A;2;21.29597;42.15401;399.0;2025-03-10;
XK0009A;1;21.46042;42.46779;510.0;2024-02-07;2025-03-09
XK0009A;2;21.46043;42.4678;510.0;2025-03-10;
XK0010A;1;21.05284;42.6779;509.0;2024-02-07;
XK0011A;1;21.07329;42.68389;519.0;2024-02-07;2025-03-09
XK0011A;2;21.0733;42.68389;519.0;2025-03-10;
XK0012A;1;21.08332;42.65972;529.0;2024-02-07;2025-03-09
XK0012A;2;21.08333;42.65972;529.0;2025-03-10;
